name_zh,name_en,booth_no,hall,country,category,description,website,directory_url,pdfs
海星瑞光,Hymson Novolas AG,N3-A602,N3,SWITZERLAND,cat-14,海星瑞光（Hymson Novolas）作为海目星激光科技集团（股票代码：688559）旗下专注激光塑料焊接的核心业务板块，其前身为瑞士莱丹（Leister）激光塑料焊接业务，自1998年涉足该领域以来，已积累近30年技术沉淀与行业经验。传承莱丹集团75载工业基因与全球独有的GLOBO焊接、掩膜焊接等专利技术，该业务板块在2025年通过海目星战略收购完成整合升级，延续了瑞士制造的卓越品质与创新传统。如今依托海目星的自动化技术优势与全球化服务网络，不仅覆盖汽车零部件、医疗器械、消费电子等多领域精密焊接需求，更以全工艺解决方案与定制化服务，成为激光塑料焊接领域的技术标杆与可靠合作伙伴。,https://global.hymson.com/en/about-haimu-star/subsidiary,https://exhibitors.informamarkets-info.com/event/2026Medtec/en-US/exhibitor/466914/hymson-novolas-ag,https://image.imconlinereg.com/mm-mtc/2026-06-15/98012850D61E13522DD7CB7EB7BD4844.pdf;https://image.imconlinereg.com/mm-mtc/2026-06-15/01305E37606742682A79707ECBB8978A.pdf
上海锐淅医学科技有限公司,RUIXI MEDICAL SCI-TECH,N3-C502,N3,CHINA,cat-17,旨在服务于介入类医疗器械公司，是一家专注于医疗器械检测设备、生产设备和技术的研发、生产、销售与服务为一体的企业。,https://www.ruiximed.com,https://exhibitors.informamarkets-info.com/event/2026Medtec/en-US/exhibitor/466915/ruixi-medical-sci-tech,
上海帝人化成贸易有限公司,Teijin Limited,N2-B106,N2,CHINA,cat-01,1960年帝人集团在日本率先就聚碳酸酯树脂实现了工业化生产，并将其命名为「Panlite®」。长期以来，帝人一直致力于其性能的提高和用途开发等方面的研究，从而使「Panlite®」成为了公认的具有代表性的工程塑料。在医疗领域，帝人已经拥有30年以上的开发和销售经验。并且不断地以勇于开拓的精神为医疗技术的发展提供最佳解决方案，满足客户不同需求。,https://www.teijin-resin.cn/,https://exhibitors.informamarkets-info.com/event/2026Medtec/en-US/exhibitor/466916/teijin-limited,
昆山普佳禾生物科技有限公司,Kunshan Pujiahe Biotech,N2-G405,N2,CHINA,cat-05,"昆山普佳禾生物科技坐落于高端装备制造基地苏州昆山市。专注于无菌医疗器械精密组件的研发与制造。我们秉持""中而精""的发展理念，以灵活高效的运营模式，为客户提供从协助产品开发、物料选择、洁净注塑到产品无菌组装的全流程合作研发生产服务。凭借深厚的行业经验与严格的质量管控体系，我们帮助客户缩短研发周期、降低生产成本，以专业制造能力赋能医疗创新。",,https://exhibitors.informamarkets-info.com/event/2026Medtec/en-US/exhibitor/466917/kunshan-pujiahe-biotech,
上海通泰化学有限公司,"Shanghai Tongtai Chemical Co., Ltd.",N2-B505,N2,CHINA,cat-04,上海通泰化学有限公司于1999年在上海成立，专业从事胶黏剂、点胶设备、UV固化设备、胶体混合设备的推广工作，是EPOXY TECHNOLOGY，Epoxies，Royal Adhesives and Sealants，Brulin公司产品在大陆地区的代理。为客户提供专业的用胶技术支持；同时还专注于水基清洗剂的清洗应用推广，为生产制造、航空航天领域提供卓越的清洗服务。,https://www.ttc-sh.com,https://exhibitors.informamarkets-info.com/event/2026Medtec/en-US/exhibitor/466918/shanghai-tongtai-chemical-co---ltd-,https://image.imconlinereg.com/mm-mtc/2026-01-12/E6033DA36E62AD932D343F7114B3E1E7.pdf
日本特殊管製作所,"NIPPON TOKUSHUKAN MFG.CO.,LTD",N1-H603,N1,JAPAN,cat-02,半个世纪前，我们在世界上首次成功实现了注射针用不锈钢管的浮动卷绕拉伸， 并通过降低原料针的批量生产成本，为一次性注射针在世界范围内的推广做出了重大贡献。 这次，我们又开发了用于导管显影环的放芯浮动卷绕拉伸、实现了降低成本、缩短交货期和批量生产。 多年来，我们一直为医疗行业做出贡献，并在不断发展。,https://nittoku.com/en/,https://exhibitors.informamarkets-info.com/event/2026Medtec/en-US/exhibitor/466919/nippon-tokushukan-mfg-co--ltd,https://image.imconlinereg.com/mm-mtc/2025-07-14/26620DB78C887D892A64D92E0A2B2404.pdf
江苏钛古真空科技有限公司,"Jiangsu Thaikoo Vacuum Technology Co., Ltd",N3-G709,N3,CHINA,cat-10,江苏钛古真空科技有限公司是经昆山市工商局批准注册的合法企业，生产基地位于昆山市经济技术开发区前进东路488号，主要从事真空科技领域内的真空炉的研发、制造、销售等业务。 集团公司经过多年发展沉淀，目前已研发生产多种真空炉型，产品包括真空管式炉、滑轨式真空管式炉、金属屏卧式真空炉、真空气淬炉等系列。主要针对医疗领域产品热处理，包括钛合金植入、镍钛支架、根管锉、不锈钢导丝真空退火炉等，获得了广大用户的青睐与好评。我司真空炉在炉温均匀性获得、高温真空度获得等方面见长。,https://www.thaikoo.cn,https://exhibitors.informamarkets-info.com/event/2026Medtec/en-US/exhibitor/466921/jiangsu-thaikoo-vacuum-technology-co---ltd,
深圳市凯普机械有限公司,Shenzhen KAP Machinery Co.Ltd,N3-A213,N3,ITALY,cat-09,"深圳市凯普机械有限公司, 是意大利MEGA注塑设备亚洲区分部, 公司设备展示中心位于深圳宝安区桃花源科技创新园(松岗分园); 为客户提供从产品研发、技术评估到注塑生产整体方案的服务。  MEGA是一个专业的技术团队, 三十多年一直专注于微型注塑领域的技术开发，拥有优良的设备质量和优质的售后服务；公司在欧洲和亚洲享有良好的声誉，获得全球著名公司的信赖和长期合作。",https://www.kapmega.com,https://exhibitors.informamarkets-info.com/event/2026Medtec/en-US/exhibitor/466922/shenzhen-kap-machinery-co-ltd,https://image.imconlinereg.com/mm-mtc/2026-07-23/58EC3299F79C018DE35FFA6BF3BFCBB3.pdf
广东泰迡斯精密设备有限公司,"Guangdong Tainisi Precision Equipment Co., Ltd",N3-C212,N3,CHINA,cat-14,Tns-ultrasonic 成立于2013年，位于广东深圳市宝安区松岗街道，佛山南海、江苏苏州吴江建立有销售以及售后服务中心。广东泰迡斯精密设备有限公司，以开发、生产和销售超声波金属焊接机、超声波扭矩焊接机、超声波线束焊接机、超声波塑料焊接机、各种焊接应用焊头、焊座夹具、设备配件、汽车精密塑料零件超声波自动化焊接设备等产品的高新企业。      广东泰迡斯精密设备有限公司汇聚超声焊接行业精英，拥有丰富焊接应用实践经验，不断创新，提高自身设备技术等级。,http://tns-ultrasonic.com/,https://exhibitors.informamarkets-info.com/event/2026Medtec/en-US/exhibitor/466923/guangdong-tainisi-precision-equipment-co---ltd,https://image.imconlinereg.com/mm-mtc/2026-07-17/4358A74C6CB4FF1972692DEE02742D23.pdf
佛山市埃立自贸易有限公司,"Foshan Qiyou Medical Tech Co.,LTD",N1-A302,N1,CHINA,cat-02,公司成立9年，目前员工100人，车间面积5000平方米，10个发明专利+38个实用新型专利，专注于医用导丝代工生产，解决国内导丝OEM生产配套问题。,,https://exhibitors.informamarkets-info.com/event/2026Medtec/en-US/exhibitor/466924/foshan-qiyou-medical-tech-co--ltd,https://image.imconlinereg.com/mm-mtc/2026-04-30/A4BC26976624873C27E6BEE4D3D2E1D0.pdf
苏州振浦医疗器械有限公司,"Suzhou Zhenpu medical device Co., Ltd",N2-H209,N2,CHINA,cat-15,苏州振浦医疗器械有限公司隶属于振浦医疗集团，坐落于江苏省苏州市吴江同里屯村开发区，是一家为医疗器械行业提供医疗器械产品全生命周期一站式ODM生产制造服务的医疗器械生产企业。公司旗下“德湃”品牌从产品原始设计、产品注册协作、模具生产制造、塑胶制品加工、有源设备加工、成品委托生产、环氧乙烷灭菌、灭菌验证涵盖产品全生命周期生产流程。在产品全生命周期可自主生产的综合优势下，目前服务于国内上市医疗器械企业30余家，辅助注册80多个医疗器械产品，转化100多个医疗器械产品委托生产，致力于为医疗器械产品注册、量化生产降本增效，为中国医疗器械制造发展助力、赋能。,https://www.suzhouzhenpu.com,https://exhibitors.informamarkets-info.com/event/2026Medtec/en-US/exhibitor/466925/suzhou-zhenpu-medical-device-co---ltd,https://image.imconlinereg.com/mm-mtc/2025-08-05/B1D36C1A54201E6E9F4958A134D63B9C.pdf
欧科林格塑料科技（青岛）有限公司,"ElringKlinger Plastics Technology (Qingdao) Co., Ltd.",N2-H105,N2,GERMANY,cat-12,ElringKlinger AG是一家总部位于德国巴登符腾堡州的全球化上市百年企业，欧科林格是其旗下高性能塑料事业部。作为在医疗和实验室技术领域的合作伙伴，欧科林格不断开发创新的解决方案，基于符合医疗生物相容性的高分子聚合物Polytetraflon™和热塑性材料Moldflon™制成的PTFE挤出以及热熔挤出氟塑料医用导管、动态、静态密封件、精密注塑件等，广泛应用于胃肠、胆胰、呼吸、泌尿等领域微创手术、各种介入类治疗、精密医疗设备、实验室设备等精密高分子塑料零部件。,https://www.elringklinger-engineered-plastics.cn,https://exhibitors.informamarkets-info.com/event/2026Medtec/en-US/exhibitor/466926/elringklinger-plastics-technology-(qingdao)-co---ltd-,
江苏帕科医疗股份有限公司,"Jiangsu Pakion Medical Material Co., Ltd",N4-C302,N4,CHINA,cat-13,江苏帕科医疗股份有限公司成立于2014年，是专业设计生产一次性医用灭菌包装产品的企业，公司拥有十万级净化车间3000平米，万级净化车间1200平米，同时还配备专业物理实验室和微生物实验室用于检测包装初始污染菌、微粒污染指数及常规物理、化学性能。 公司通过了ISO 13485医疗质量体系认证，并取得了《消毒产品生产企业卫生许可证》。公司产品线齐全，涵盖了平面纸塑袋、立体纸塑袋、特卫强包装袋、顶头袋、塑塑袋、铝箔袋、水性涂胶卷材、热熔胶涂胶卷材、零涂层透析纸卷材、硬吸塑盒、涂胶特卫强热封盖材等。,https://www.pakion.com,https://exhibitors.informamarkets-info.com/event/2026Medtec/en-US/exhibitor/466927/jiangsu-pakion-medical-material-co---ltd,https://image.imconlinereg.com/mm-mtc/2025-04-30/C4CF9D979396FE7662BA8835D20FE88F.pdf
江苏科标医学技术集团有限公司,"Jiangsu Kerbio Medical Technology Group Co., Ltd.",N4-D408,N4,CHINA,cat-16,科标医学是专注服务医疗器械研发生产企业的第三方检测机构，实验室具备CNAS、CMA资质，并严格遵照ISO17025标准要求运行。我们的服务以动物、微生物、物理、化学为基础，植入、介入产品为特色，可为行业提供专业、快捷、可靠的验证方案及测试服务，助力新产品快速上市。目前，已累计服务超6000家企业，出具的检测报告符合多国多地区注册法规要求。,https://www.jcssmt.com,https://exhibitors.informamarkets-info.com/event/2026Medtec/en-US/exhibitor/466928/jiangsu-kerbio-medical-technology-group-co---ltd-,
北京安通忆泰医疗科技有限公司,"Beijing Antonito Medical Technology Co.,Ltd",N4-A110,N4,CHINA,cat-13,北京安通忆泰医疗科技有限公司及常州兰盾医疗科技有限公司是2018年北京安通塑料制品有限公司因公司发展需要剥离出的新公司，主要生产产品为医疗产品用吸塑包装、植入级超高分子量聚乙烯棒材及II类无菌医疗器械产品，产品均在符合GMP标准的万级和十万级洁净环境内生产，公司建立完整的质量管理体系，通过了ISO9001、ISO13485认证及GMP审核。公司有专业的研发、质控团队及优秀的服务人员，为客户提供从研发、生产、售后一条龙服务。,,https://exhibitors.informamarkets-info.com/event/2026Medtec/en-US/exhibitor/466929/beijing-antonito-medical-technology-co--ltd,https://image.imconlinereg.com/mm-mtc/2025-05-08/95BB5DF66D70F23325FE3C827B4E6C2D.pdf
深圳市远发金属有限公司,"SHENZHEN YUANFA METAL CO., LTD.",N1-B508,N1,CHINA,cat-02,深圳市远发金属有限公司成立于2015年，坐落于深圳市宝安区，是专注医疗精密金属部件的专业OEM供应商，深耕不锈钢医用毛细管及针管代工领域多年。主营不锈钢精密医用针管以及各类医用金属部件OEM业务，涵盖穿刺针、活检针、微波消融针等，以及内窥镜蛇骨等柔性加工件，产品广泛应用于微创手术器械、肿瘤诊疗设备、医美工具等领域，服务国内外医疗设备制造商，业务覆盖多个国家和地区。依托2000平方米标准化生产基地与20人专项研发团队，配备进口精密加工设备与自动化生产线，日产能突破10万件。通过ISO9001、ISO13485双体系认证，建有十万级洁净车间，全流程执行严苛质控标准。核心加工能力覆盖多维度精密制造：可加工外径0.18mm-20mm、壁厚0.05mm-2.5mm的金属部件，掌握激光切割、精密磨削、多轴数控加工等工艺，能完成弯曲、缩口、扩口、打孔、开槽、激光焊接等复杂工序，支持304、316L及特殊合金材料加工，可根据客户图纸或样品需求，完成从材料选择到复杂成型的全工序加工，为医疗设备制造企业提供稳定可靠的精密金属部件解决方案。,,https://exhibitors.informamarkets-info.com/event/2026Medtec/en-US/exhibitor/466930/shenzhen-yuanfa-metal-co---ltd-,https://image.imconlinereg.com/mm-mtc/2025-07-23/743F956A084B49C48AFC9A8C3C7AA553.pdf
南京肯特复合材料股份有限公司,Nanjing Comptech Composites Corporation,N2-H201,N2,CHINA,cat-05,南京肯特复合材料股份有限公司成立于2001年，公司建有江苏省企业技术中心、江苏省特种热塑性复合材料工程技术研究中心、江苏省企业研究生工作站、南京市企业院士工作站、江苏省外国专家工作室，公司拥有多项专利，曾多次获得省、市科技进步奖，并获得高新技术企业、江苏省“专精特新小巨人”企业、江苏省科技型中小企业、江苏省中小企业创新能力建设示范企业、中国塑料加工工业优秀科技创新企业等荣誉称号。公司是江苏省复合材料学会副理事长单位、中国塑料加工工业协会理事单位、中国塑料加工工业协会氟塑料加工专业委员会副理事长单位。        公司专注于高性能工程塑料制品及组配件的研发、生产和销售，致力于对高性能工程塑料的物化性能、成型工艺和精密机加工工艺的研究开发，针对不同的应用领域和客户提供个性化的材料选型、产品设计及生产制造等完整解决方案。终端产品广泛应用于阀门和压缩机等通用机械制造、通信设备制造、高铁及轨道交通设备制造、汽车制造、仪器仪表制造、医疗器械、半导体设备、环保设备、风电设备等领域，目前销售市场已遍布中国大陆、中国台湾、日韩、东南亚、美国和欧盟等国家和地区，客户较多为全球及国内领先的高端装备制造企业。        公司以“打造世界知名品牌、振兴中国民族工业”为己任，将紧跟世界前沿科技，顺应国家宏观产业政策，提升智能化与自动化制造水平，持续改进质量管理体系，不断开发各个应用领域的国内外高端客户并展开深度合作从而学习前沿的科研方向，掌握先进的生产技术，力争打造“国内领先、国际一流”的高性能工程塑料零部件生产企业。,https://Http : //www.njcomptech.com,https://exhibitors.informamarkets-info.com/event/2026Medtec/en-US/exhibitor/466931/nanjing-comptech-composites-corporation,
常州玛林科技有限公司,"Changzhou Marlink Technology Co.,Ltd",N2-A401,N2,CHINA,cat-07,常州玛林科技有限公司致力于高端医用纺织材料研发与生产，服务生命健康领域。公司拥有十万级净化生产车间、完整生产线及研发实验室，传承二十余年纺织织造经验。构建纤维纺丝 — 织物结构设计 — 性能测试 — 快速研发生产全流程体系。已通过 ISO 13485:2016 医疗器械质量管理体系认证，以专业技术与稳定品质，为全球客户提供可靠医用纺织解决方案。,,https://exhibitors.informamarkets-info.com/event/2026Medtec/en-US/exhibitor/466932/changzhou-marlink-technology-co--ltd,
台州市黄岩模尔德塑模有限公司,"Taizhou Huangyan Mored Plastic Mould Co., Ltd.",N3-C305,N3,CHINA,cat-09,台州市黄岩模尔德塑模有限公司成立于2009年，是一家专业设计制造医用塑料注塑模具的公司。我公司位于台州市黄岩“模具之乡”。经过十多年的发展和积累，已成为一家集模具设计，开发，生产和销售于一体的新兴高科技企业。已经与欧洲，美洲和中东等地区的许多公司建立了业务关系。我们的模具以高质量和高精确度得到了客户的广泛认可和高度评价。我们使用UG/CAD/CAM/CAE进行产品和模具的3D&2D设计。拥有高效，精确的加工和测试设备，可帮助客户实现可靠，稳定和高效的生产。我们完善了质量管理体系ISO 9001并设有产品质量检验中心，从原材料进厂到成品出厂，公司严格执行质量管理系统，有效地控制了产品质量。,https://www.moredmold.com,https://exhibitors.informamarkets-info.com/event/2026Medtec/en-US/exhibitor/466933/taizhou-huangyan-mored-plastic-mould-co---ltd-,https://image.imconlinereg.com/mm-mtc/2026-05-09/585C4972A9CD8EE988BCD3B53DE02EF9.pdf;https://image.imconlinereg.com/mm-mtc/2026-05-09/62EB17EE5BC1B00A209827CD98642EAE.pdf
苏州安骏精密塑胶管业有限公司,"Anjun Medical Technology （Suzhou) Co., Ltd",N2-H501,N2,CHINA,cat-05,安骏医疗科技（苏州）有限公司创立于2008年，是一家100%专注于医疗导管生产，研发及销售的生产商。公司通过了 ISO13485 & ISO9001国际质量体系认证，拥有“万级洁净   室”800平方米，标准医疗器械生产厂房3000多平方米。公司现有多条先进的医疗导管挤出生产线、精加工车间、注塑车间、组装车间，配置完善的后期加工设备及精良齐全的检验设备，结合自身技术优势，为客户实现更有竞争力的产品与服务。,http://www.szajyl.com,https://exhibitors.informamarkets-info.com/event/2026Medtec/en-US/exhibitor/466934/anjun-medical-technology-（suzhou)-co---ltd,https://image.imconlinereg.com/mm-mtc/2025-08-06/636E2AF3C5FF1FEF4AE034DF3AE3A253.pdf
上海遥东金属制品有限公司,"Shanghai  Far  East  Material  Co.,Ltd",N1-B804,N1,CHINA,cat-02,我公司成立于2019年，是一家中日合资企业，专注于高精度微管与金属丝的研发与制造。我们引进日本先进生产工艺和智能化生产设备，并配备多套高精度检测仪器，确保从原材料到成品的全流程精密管控。通过实时对接全球前沿技术动态，确保产品在性能、可靠性及一致性方面始终保持行业领先水平。公司位于上海市青浦区北青公路7975号7幢4层，总投资额达2500万元，致力于为客户提供高精度、高品质的金属材料解决方案。,,https://exhibitors.informamarkets-info.com/event/2026Medtec/en-US/exhibitor/466935/shanghai--far--east--material--co--ltd,https://image.imconlinereg.com/mm-mtc/2026-01-15/59ABA1CB8DD2848AC639A363854AFF48.pdf;https://image.imconlinereg.com/mm-mtc/2026-01-15/F34CD012E5C92C32EA43FBF0C638DB53.pdf
琦威质量检验认证（北京）有限责任公司,Kiwa,N4-D601,N4,CHINA,cat-17,"Kiwa是独立公正的检测、检验、认证行业的全球引领者，是国际TIC理事会全球董事会成员。Kiwa提供实验室、（依法的）检验、审核和认证业务，并通过严格分离的培训、咨询和数据服务来支持和强化这些业务的专业性和可靠性。Kiwa服务的客户几乎涵盖所有领域。无论身处何处，您始终都可以信赖Kiwa，我们致力于为您的产品、服务、流程、（管理）体系和员工传递信任。Kiwa拥有12000多员工，遍布在欧洲、亚洲、北美洲、拉丁美洲和大洋洲42个国家为您提供支持。Kiwa成立于1948年，集团总部位于荷兰赖斯韦克（Rijswijk, Netherlands），中国区域总部在北京。Kiwa是SHV家族企业成员。",https://www.kiwa.com,https://exhibitors.informamarkets-info.com/event/2026Medtec/en-US/exhibitor/466936/kiwa,https://image.imconlinereg.com/mm-mtc/2026-07-23/E662A367A2B6EBF79832875FE316787B.pdf
雷莫电子（上海）有限公司,"Lemo Electronics (Shanghai) Co., Ltd.",N1-D406,N1,CHINA,cat-08-3,瑞士雷莫（LEMO）公司自1946年在成立以来，已经成为世界公认的圆形插拔自锁（PUSH-PULL）连接器及其解决方案的领导者。雷莫（LEMO）是插拔自锁连接系统的发明者。此系统因为插、拔简单快捷而闻名于世。即使在振动、撞击或者电缆拉扯的情况下，它也能保证绝对安全，并且能在很有限的空间内进行操作。 LEMO旗下REDEL品牌的高品质塑料系列连接器被广泛应用于各种医疗设备，如呼吸机、麻醉机、监护仪、血压监测仪、超声检测仪、红外治疗仪、电生理、CT、高频电刀、内窥镜、除颤器、洁牙机、电震发生器、核磁共振等。,https://www.lemo-中国.com,https://exhibitors.informamarkets-info.com/event/2026Medtec/en-US/exhibitor/466937/lemo-electronics-(shanghai)-co---ltd-,https://image.imconlinereg.com/mm-mtc/2026-01-13/A82CC2D6C4DDED50D24D01B6BF380254.pdf;https://image.imconlinereg.com/mm-mtc/2026-01-13/3F38D4315164CEB7337A27DF17AA3D8E.pdf
昆山恒捷模型科技有限公司,Kunshan Hengjie Mold,N3-B801,N3,CHINA,cat-09,一家专业从事手板模型设计加 工为一体的的企业，公司主营业务有设计外包、手板模型、 3D打印、精密机加工、整机制作等服务。 ■ 公司团队多年在手板模型精密机械零件加工行业累积的实际 生产经验，攻坚克难。 积极参与客户产品前期设计，确保缩短 新产品开发周期及优化量产产品成本。,http://m.szsbmx.com,https://exhibitors.informamarkets-info.com/event/2026Medtec/en-US/exhibitor/466938/kunshan-hengjie-mold,https://image.imconlinereg.com/mm-mtc/2025-09-19/B3B40F042E064BE65854B85077FCC8CD.pdf
东莞吉达优精密塑胶有限公司,Nolato Dongguan Limited,N3-D302,N3,SWEDEN,cat-15,"Nolato Dongguan Limited-吉达优自成立到现在的20年时间里,已成为全球医疗行业众多领导品牌的首选OEM合作伙伴。我们一直专注于精密模具设计与制造、科学注塑、自动化组装和医疗定制包装，全方位帮助客户把产品设计变成现实。吉达优中国工厂位于东莞长安镇，拥有12000平米的现代化工厂和1500平米的十万级无尘车间，凭借全球化的先进制造技术为本土客户提供最优质的代工服务和最稳定的质量保证。",https://www.nolato.com,https://exhibitors.informamarkets-info.com/event/2026Medtec/en-US/exhibitor/466939/nolato-dongguan-limited,
苏州创捷医用新材料有限公司,"Suzhou Jietron Medical New Materials Co., Ltd",N4-A103,N4,CHINA,cat-13,苏州创捷医用新材料有限公司成立于2013年5月份，专注于医用吸塑包装、医疗器械吸塑托盘、TPU材质医用包装、医疗配件注塑等多种产品的研发、生产与制造。   公司全面通过IS013485：2018和IS09001：2015质量管理体系认证，拥有CLASS7万级洁净车间及纯水系统。先进的热成型设备、高效的自动化生产线、先进的生产工艺、强大的生产能力、经验丰富的设计研发团队，使我们能够快速、准确地提供包装整体解决方案。 公司提供定制化包装设计方案与个性化服务，凭借持续的技术创新，高品质的产品，高效的业务协同能力，已与多家知名医疗器械生产商达成长久战略合作伙伴关系，实现与客户的协作共赢！,https://www.szjietron.cn,https://exhibitors.informamarkets-info.com/event/2026Medtec/en-US/exhibitor/466940/suzhou-jietron-medical-new-materials-co---ltd,https://image.imconlinereg.com/mm-mtc/2025-05-15/9C5B47045262DABB258E3F20FD34E865.pdf
通标标准技术服务(青岛)有限公司,"SGS- CSTC Standards Technical Services Co.,Ltd.",N2-G710,N2,CHINA,cat-17,"SGS是国际公认的测试、检验和认证机构，被誉为可持续发展、质量和诚信的基准。我们的99,500名专业员工分布在115 个国家及地区的2,500多个分支机构和实验室，构建起全球化服务网络。凭借超过145年的卓越经验和瑞士公司特有的精准度，我们帮助企业达到质量、合规性与可持续性的最高标准。作为被中国合格评定国际认可委员会（CNAS）认可的第三方实验室，SGS轻工产品服务凭借专业的技术、丰富的经验和完善的设备，结合机械、材料、可靠性、EMC、安规以及综合化学等相关实验室，配合各国国际规范标准与CE认证、FDA510(k)等要求，为医疗器械产业提供全方位专业的医疗器械产品及零部件测试服务。",https://www.sgsgroup.com.cn,https://exhibitors.informamarkets-info.com/event/2026Medtec/en-US/exhibitor/466941/sgs--cstc-standards-technical-services-co--ltd-,
江阴市鸿萌橡塑制品有限公司,"Jiangyin Hongmeng Rubber Plastic Product Co., Ltd.",N4-B408,N4,CHINA,cat-13,江阴市鸿萌橡塑制品有限公司成⽴于2004年，专业研发和生产高精密高质量的医用橡胶件、硅胶定制件以及药包材胶塞等各种医疗产品。 2022年制定了以原材料、零配件、组装件、OEM、CDMO，5大业务板块的发展规划。致力于改性塑料、硅胶原材料开发，协同组装方案，为全球医疗器械行业提供专业OEM&CDMO服务，打造研发及生产的一体化服务平台，加速赋能全球合作伙伴实现从临床前到商业化生产的全过程，让研发更高效，更早惠及人类健康，实现“成为医用耗材领域的首选供应商和服务商”的企业愿景。,https://www.jyshm.com,https://exhibitors.informamarkets-info.com/event/2026Medtec/en-US/exhibitor/466942/jiangyin-hongmeng-rubber-plastic-product-co---ltd-,https://image.imconlinereg.com/mm-mtc/2025-06-26/F6241B5A783CA602B0219C61BE07CD64.pdf
苏州中博包装科技有限公司,Suzhou Zhongbo Packing Technology Co.Ltd,N2-A109,N2,CHINA,cat-13,我们扎根于江苏昆山，深耕医疗器械防护包装领域，以“优质产品+高效服务”为核心，为全球客户提供医用防护衬板、包装盘管等产品的定制化设计开发与全流程生产服务，助力客户打造“高质量、高性价比”的包装解决方案。,https://www.ZB-Healthcare.com,https://exhibitors.informamarkets-info.com/event/2026Medtec/en-US/exhibitor/466943/suzhou-zhongbo-packing-technology-co-ltd,https://image.imconlinereg.com/mm-mtc/2026-06-29/7CFAB9F024ACB38AE1290F04DC733158.pdf
大同斯蒂尔材料科技（上海）有限公司,"Daido Steel Materials Technology (Shanghai) Co., Ltd.",N1-G202,N1,JAPAN,cat-02,"大同斯蒂尔材料科技(上海)有限公司 Daido Steel Materials Technology(Shanghai) Co., Ltd.(简称DSTS)是日本大同特殊钢株式会社在中国的全资子公司。作为大同特殊钢中国业务的重要成员之一，DSTS 凭借大同特殊钢超过百年的特殊钢经验，在中国积极开拓医疗器械业务领域，深度参与特殊合金在医用植入、骨科齿科、以及医疗器械的应用和开发，成为更加专业的特殊金属材料解决方案供应商，包括选材测试和建议、深加工以及供应链延伸等。 DSTS主营产品包括高级特殊钢、高合金材料等各种新材料在内的高端专用材料，广泛应用于医疗器械、半导体、电子元器件、航空航天、等领域。",https://www.daido.co.jp/,https://exhibitors.informamarkets-info.com/event/2026Medtec/en-US/exhibitor/466944/daido-steel-materials-technology-(shanghai)-co---ltd-,https://image.imconlinereg.com/mm-mtc/2026-07-29/2A433EFBD6A35FCEB671B2B61BAF69F8.pdf;https://image.imconlinereg.com/mm-mtc/2026-07-29/947B0D64C392C4DB0E0145356D275A0A.pdf
昆山市坦钛等离子科技有限公司,"China-tantec technologies Co.,Ltd",N3-C505,N3,DENMARK,cat-14,昆山市坦钛等离子科技有限公司为丹麦Tantec公司中国区总代。 丹麦Tantec公司从1974年就从事于等离子技术在工业中的运用，至今拥有近50多年的专业经验的积累，从而成功为各行各业制造和生产出了许多优质高端的表面处理产品。 作为世界首屈一指的等离子处理技术制造商，Tantec公司提供各种标准和客制化设备，为各种塑胶或金属材料的3D成型产品或者片材及管材产品进行表面清洁、活化、湿润等处理，从而提升粘接、印刷、喷涂、涂层、复合等工艺的效果。 涉及行业： · 汽车行业 · 医疗装置行业 · 线缆及管业 · 塑料片材及塑料包装行业 · 发泡板材行业 · 电子行业 · 各种箔类及薄膜行业,http://www.china-tantec.com,https://exhibitors.informamarkets-info.com/event/2026Medtec/en-US/exhibitor/466945/china-tantec-technologies-co--ltd,https://image.imconlinereg.com/mm-mtc/2026-05-14/4425FED652E785E9102467080C2C57B8.pdf;https://image.imconlinereg.com/mm-mtc/2026-05-14/17E2E7902E7255849256C300ABD0E9D5.pdf
苏州慧捷自动化科技有限公司,"Suzhou Smacon Automation Technology Co.,Ltd.",N3-G111,N3,CHINA,cat-11,苏州慧捷自动化科技有限公司(以下简称慧捷科技)成立于2004年，于2005 年开始聚焦医疗器械生产线自动化研发制造，与国际和国内头部企业合作，不断对生产制程工艺改进和创新，打造了腹膜透析耗权【废液袋，盘管点焊及三通组装焊接等】生产线，吻合器【腔镜+管型】组装测试线，喷雾剂罐装及泄露检测生产线等稳定高效的自动化技术迭代升级系列设备，我们积累了医疗行业制程工艺和材料方面较丰富的知识库，具备对医疗器械客户，提供精准自动化解决方案⼀站式的交钥匙的服务能力。,https://www.smacon.cn,https://exhibitors.informamarkets-info.com/event/2026Medtec/en-US/exhibitor/466946/suzhou-smacon-automation-technology-co--ltd-,https://image.imconlinereg.com/mm-mtc/2025-07-09/284ED8F5FB5EF04095DDBE74AEF29B5A.pdf
泰科电子（上海）有限公司,TE Connectivity,N2-G102,N2,IRELAND,cat-05,泰科电子医疗事业部（TE Medical）一直致力于为医疗器械制造伙伴提供更高标准的产品和服务。从精密部件到创新定制化解决方案，我们凭借规模化的制造工艺、全球布局和专业知识，助力各类规模的医疗器械制造商将前沿理念转化为现实，推动医疗健康的持续进步与发展。从标准到定制的金属轴和海波管，再到特种高密度电缆组件和医用级聚合物，TE Medical 在一系列制造工艺方面拥有规模化、全球布局和专业知识，以支持生产用于介入心脏病学、外科手术、成像、体外诊断以及其他医学专科领域的医疗器械及设备。正是这种独特的综合实力，使我们能够将您的概念变为现实，无论是金属、成型、激光加工、连接器、电缆还是其他能力方面，我们都是您值得信赖的合作伙伴。,https://www.te.com/medical,https://exhibitors.informamarkets-info.com/event/2026Medtec/en-US/exhibitor/466947/te-connectivity,https://image.imconlinereg.com/mm-mtc/2026-07-03/09F03EF6068ECA6414C90854E24A8C1B.pdf
开德阜国际贸易（上海）有限公司,"K.D.F. Distribution (Shanghai) Co., Ltd.",N2-G106,N2,CHINA,cat-01,开德阜国际贸易(上海)有限公司是您的工程塑料解决方案专家。  作为一家工程塑料和化工产品分销商，我们与世界知名的生产商紧密合作。  70 余年来，K.D. Feddersen 始终如一地提供高价值解决方案，采用的品牌产品符合最严格的质量要求，同时也提供个性化的现场咨询服务。,https://www.kdf.com.cn/,https://exhibitors.informamarkets-info.com/event/2026Medtec/en-US/exhibitor/466948/k-d-f--distribution-(shanghai)-co---ltd-,https://image.imconlinereg.com/mm-mtc/2026-05-26/ED81A06391EC316FB91E9FE74D893AA1.pdf
亚亮机械设备（佛山）有限公司,"Yaliang Machinery Equipment (Foshan) Co., Ltd.",N2-A808,N2,CHINA,cat-02,亚亮机械设备（佛山）有限公司成立于2014年，是一家站在设备制作科技前沿的创新型企业。自成立以来，我们始终专注于医疗涂层工艺设备的研发与制造，凭借对先进技术的执着追求和对工艺的极致把控，因此始终将客户的满意度放在首位，致力于为客户提供最适合他们的设备解决方案。公司拥有顶尖工程师和技术专家组成的研发团队，他们不断探索新技术、新工艺，致力于为客户提供具有前瞻性和创新性的设备解决方案。,https://yaliang.1688.com,https://exhibitors.informamarkets-info.com/event/2026Medtec/en-US/exhibitor/466950/yaliang-machinery-equipment-(foshan)-co---ltd-,https://image.imconlinereg.com/mm-mtc/2026-03-03/61C0F9D195A159F94612E79885E01DC2.pdf
深圳市莫科连电子有限公司,"Shenzhen MOCO Interconnect Co., Ltd.",N3-F208,N3,CHINA,cat-08-3,深圳市莫科连电子有限公司（MOCO）成立于2012年，是一家有十余年精密连接器从业经验的国家高新技术企业，深圳市专精特新企业。公司研发生产的插拔自锁连接器、欧标工业圆形连接器、RF射频同轴连接器、国军标及美军标系列圆形电连接器，以及配套的线缆线束组件等产品深受市场青睐，已销往全国以及世界各地。优越的产品性能和极具魅力的产品设计使我们赢得了姣好的行业口碑，也使MOCO逐渐成为广受国内外客户好评的知名连接器品牌。MOCO连接器广泛应用于医疗、军工、工业自动化、仪器仪表、影视器材、测量测绘、北斗导航、航天航空、安防、5G通讯、汽车检测等高端领域。此外，我们专业的研发团队还可根据您的特殊需求开发定制,https://www.mocosz.com/,https://exhibitors.informamarkets-info.com/event/2026Medtec/en-US/exhibitor/466951/shenzhen-moco-interconnect-co---ltd-,https://image.imconlinereg.com/mm-mtc/2026-01-21/3ACC9EADFD89A2A8165FA19E045514BF.pdf;https://image.imconlinereg.com/mm-mtc/2026-01-21/8584797CE31B23CC0ACC1287396E4418.pdf
长春吉大特塑工程研究有限公司,Changchun Jilin University Super Engineering Plastics Research Research Ltd,N2-A209,N2,CHINA,cat-01,长春吉大特塑工程研究有限公司（JUSEP）成立于2002年，是全国首家聚芳醚酮（PAEK）和聚芳醚砜（PAES）研发、生产、销售及二次制品加工企业。公司拥有高耐热等级特种工程塑料、特种工程塑料基增强材料及合金、特种工程塑料专用牌号树脂、型材和注射制品等5大系列80多个牌号的产品，是全PEEK牌号较为齐全的企业之一。JUSEP产品广泛应用于航空航天、汽车、石油化工、电子电气及医疗等领域。,,https://exhibitors.informamarkets-info.com/event/2026Medtec/en-US/exhibitor/466952/changchun-jilin-university-super-engineering-plastics-research-research-ltd,https://image.imconlinereg.com/mm-mtc/2026-01-07/B4EDD4A17BC52FEFE94C1E5658075034.pdf;https://image.imconlinereg.com/mm-mtc/2026-01-07/A0CDB472FC3170D02B8E6C020BF99A9D.pdf
上海百银线缆有限公司,"Shanghai Bing Wire & Cable Co., Ltd．",N1-F707,N1,CHINA,cat-08-3,上海百银线缆有限公司创立于2005年，致力于提供高性能射频及微波电缆的设计与服务，特别在极细半刚电缆、柔性低损耗医疗电缆、稳相电缆、大功率柔性电缆等产品上独具经验，公司产品在微波消融领域有深度应用。,https://www.bingcable.com,https://exhibitors.informamarkets-info.com/event/2026Medtec/en-US/exhibitor/466953/shanghai-bing-wire---cable-co---ltd．,https://image.imconlinereg.com/mm-mtc/2026-01-14/86457A3BAF14150D7AB7F381E622312D.pdf
深圳智域医疗科技有限公司,"Shenzhen Zhiyu Medical Technology Co., Ltd.",N2-D705,N2,CHINA,cat-05,深圳智域医疗科技有限公司成立于2019年，由国内早期开发医疗导管的专业精英人员组成，拥有多名10年以上医用导管技术研发经验的科研人才。 专注医学导管领域，采用国内外先进技术，主要从事心血管内科、放射科、麻醉科、普通外科、泌尿科等课室使用的高分子材料管材及配件的研发与生产。 材料涵盖TPU、PVC、PE、PP、TPE、PC、ABS、Pebax、PA等。 始终坚持“诚信经商、质量、服务至上”的理念，制定“技术兴企”的发展目标，贯彻“敬业、专注、科学、创新”的企业精神。以市场为中心、以技术为动力，充分发挥自身优势，提供具有竞争力的产品和服务。立志成为具技术含量，具品牌价值的高新技术企业。,https://www.zhiyumed.com,https://exhibitors.informamarkets-info.com/event/2026Medtec/en-US/exhibitor/466954/shenzhen-zhiyu-medical-technology-co---ltd-,https://image.imconlinereg.com/mm-mtc/2026-07-27/94FD46F175FC5AC4E3E298AE4810D34D.pdf
苏州泽恒精密科技有限公司,"Suzhou Zeheng Precision Technology Co.,Ltd.",N4-G213,N4,CHINA,cat-02,公司成立于2012年专业从事医疗配件，通讯配件，注塑模具研发生产及进出口业务。2017年获得ISO9001证书，2020年获得ISO13485证书，拥有全套的机加工设备和万级无尘室，自主研发并拥有多名高水平工程师和技术人才。公司秉承“客户至上，恪守诚信，精益求精”的经营原则，为客户提供更完善的服务与高精密产品。,https://www.sz-zh.net,https://exhibitors.informamarkets-info.com/event/2026Medtec/en-US/exhibitor/466955/suzhou-zeheng-precision-technology-co--ltd-,https://image.imconlinereg.com/mm-mtc/2026-07-06/BCF4F6C0FDB9B38695938BF2426A4E7D.pdf;https://image.imconlinereg.com/mm-mtc/2026-07-06/BC57D9467CC0E413FD616D81128C74C8.pdf
珠海德瑞医疗器械有限公司,"Zhuhai Derry Medical Instruments Co., Ltd.",N2-A602,N2,CHINA,cat-15,"珠海德瑞医疗器械有限公司是上海康德莱医疗器械股份有限公司的全资子公司，建立于2016年2月，致力于非介入类高值医疗器械产品的研发、生产与销售。公司注册资本为13000万元，位于广东省生物医药产业集群示范区——珠海经济特区三灶高新技术开发区。德瑞坚持科学管理，完善质量管理体系，已通过ISO13485质量体系认证、CE认证并获得FDA认可,此外，我们还有 8 个 CE 认证产品。我们努力为客户提供从原型到大批量生产的最佳模具和装配解决方案。 我们拥有完整的现场工具车间能力，使我们能够提供包括维修在内的终生工具维护，以减少交货时间和整体项目成本。",https://www.derry-medical.com,https://exhibitors.informamarkets-info.com/event/2026Medtec/en-US/exhibitor/466956/zhuhai-derry-medical-instruments-co---ltd-,
上海浦茂包装材料有限公司,"Shanghai Pumao Packing Co,.Ltd",N4-D307,N4,CHINA,cat-13,上海浦茂包装材料有限公司成立于2002年，坐落在上海市金山工业园区，建筑面积5368㎡，其中万级洁净生产区2000㎡，百级C+A净化车间200㎡。   浦茂为医疗器械产品提供专业的包装解决方案，公司通过了ISO 9001、ISO 13485认证，是美国杜邦公司授权的特卫强®医用包装材料加工商。浦茂的产品线涵盖灭菌袋、模切盖材、卷材、袋内支撑卡、胶涂层等，同时自主研发了无溶剂型热熔胶涂层应用于包装领域。   浦茂始终坚持 “专注产品细节、成就客户非凡”，我们将持续为客户提供卓越的医疗包装解决方案，与客户一起做生命健康的可靠守护者。,https://www.pumao.com.cn,https://exhibitors.informamarkets-info.com/event/2026Medtec/en-US/exhibitor/466957/shanghai-pumao-packing-co--ltd,
大连福帝斯实验技术中心,Vivitro Labs,N4-A502,N4,CANADA,cat-17,ViVitro Labs是全球领先的心血管流体动力学实验室， 提供行业前沿的心血管器械测试设备及相关的 ISO 17025 认证下的实验室测试及咨询服务，我们也是心血管器械研发及检测的可靠伙伴，提供可扩展和模块化的测试系统解决方案，同时通过国际标准验证的测试方法，提高临床前阶段患者安全性。ViVitro Labs 提供：相关器械的脉动实验台，耐久测试设备包括实时疲劳，体外模拟实验台，产品的质量检测设备，及定制化的实验设备。可扩展和模块化的测试系统，用于评估设备在临床、生理和加速条件下的性能。可靠的、可重复、可再现和可扩展的（RRRS）测试方法，减少研发过程中的风险，这不但包括概念验证，也包含产品审核提交的过程。可扩展的验证测试方法，可以在器械研发过程中，通过我们专业测试程序和相关的的知识经验，能够在任何机构中使用及整合进我们的数据。,https://www.vivitrolabs.com,https://exhibitors.informamarkets-info.com/event/2026Medtec/en-US/exhibitor/466958/vivitro-labs,https://image.imconlinereg.com/mm-mtc/2025-09-10/63BC4498C392321EFDC25A86C6D6C392.pdf
云耀深维（江苏）科技有限公司,"Aixway3D（Jiangsu）Co.,Ltd",N1-F508,N1,CHINA,cat-10,云耀深维由来自金属增材制造主流技术LPBF/SLM的发明机构-德国弗朗霍夫激光研究所的资深专家团队创立。除常规金属打印外，云耀深维还拥有独家的微米级金属增材制造技术Micro-LPBF/SLM，可达到打印部件精度2-10微米，表面粗糙度Ra值0.8-2.8微米，实现多种结构10度以上无支撑打印。,https://www.aixway3d.cn/,https://exhibitors.informamarkets-info.com/event/2026Medtec/en-US/exhibitor/466959/aixway3d（jiangsu）co--ltd,https://image.imconlinereg.com/mm-mtc/2026-01-15/AE587AB0A816092A89393871012A4216.pdf;https://image.imconlinereg.com/mm-mtc/2026-01-15/A30AAABF0D4C6949F354D54C6435E06E.pdf
深圳市星河泉新材料有限公司,"Shenzhen StarSpring Technology Co.,Ltd.",N1-A506,N1,CHINA,cat-02,星河泉提供镍钛记忆合金医疗材料(铸锭、圆线、扁带、板材、管材)，镍钛记忆合金医疗部件和镍钛驱动器三大系列产品，20年制造经验和近100项专利，奠定了我们雄厚的实力，使我们走在同行的前列。,https://www.starspring.cn,https://exhibitors.informamarkets-info.com/event/2026Medtec/en-US/exhibitor/466961/shenzhen-starspring-technology-co--ltd-,https://image.imconlinereg.com/mm-mtc/2025-08-04/1B978CED5C0EA043CE9E0F368DBBE452.pdf
浙江信纳医疗器械科技有限公司,"Zhejiang Xinna Medica Devices Technology Co.,Ltd",N2-A604,N2,CHINA,cat-06,浙江信纳医疗器械科技有限公司创建于1994年。三十余年来，我司始终专注医用过滤膜，一次性使用生物/医用精密过滤器等优质过滤材料的研发与制造，并提供设计，结构等优化服务及OEM，ODM。我司拥有10万级净化车间，C级车间及超净台，并与浙江大学合作建立了联合实验室。公司通过GB/T19001-2016/ISO9001:2015质量管理体系认证，并一直致力于为全球用户提供专业的过滤、分离和净化解决方案。,https://www.xinnamed.com,https://exhibitors.informamarkets-info.com/event/2026Medtec/en-US/exhibitor/466962/zhejiang-xinna-medica-devices-technology-co--ltd,
澎立检测技术（上海）有限公司,"PharmaLegacy Diagnostic Laboratories (Shanghai) Co., Ltd.",N4-D501,N4,CHINA,cat-16,"澎立检测技术（上海）有限公司是全国首家医疗器械领域获得CNAS认证的第三方大动物实验中心。拥有超10,000㎡动物饲养场地，涵盖猪、犬、兔、羊、猴、鼠等多种动物品系，配备国内领先的实验设备。我们提供FDA、NMPA、CE等申报服务，已成功助力150+产品通过NMPA/FDA批准，35+产品进入创新医疗器械绿色通道。本机构专注于医疗器械研发注册全生命周期服务，提供理化分析、生物相容性评价、临床前动物试验测试与研究、病理分析及药代动力学分析研究、感控和可用性测试、注册咨询和海外认证等服务。服务范围涵盖心血管、脑颅内、骨/牙科、可降解植入、有源器械和药物输送系统、手术机器人、肿瘤及医美等领域。",https://md.pharmalegacy.com,https://exhibitors.informamarkets-info.com/event/2026Medtec/en-US/exhibitor/466963/pharmalegacy-diagnostic-laboratories-(shanghai)-co---ltd-,https://image.imconlinereg.com/mm-mtc/2025-08-04/4EBCDC2DB88CA0B02BD73DAA03940E28.pdf;https://image.imconlinereg.com/mm-mtc/2026-01-12/36BC8A34C95A6BF2E55A8EDA66C2F94C.pdf
艾曼斯（苏州）工程塑料有限公司,EMS-CHEMIE (Suzhou) Ltd.,N2-C207,N2,SWITZERLAND,cat-01,"EMS-GRIVORY 是 EMS 集团高性能聚合物事业部的重要一员，全球共有超过 1000 名员工。  最大的开发中心和生产工厂位于瑞士的 Domat/Ems，德国、中国、台湾和美国均设有生产基地。另外，我们在欧洲、亚洲和美洲的主要市场还设有开发和销售组织，能够快速抵达现场为客户提供服务。2015年在中国苏州投入使用的亚太应用研发中心旨在为本地客户提供更方便迅捷的售前服务和售后技术支持。   我们的高性能聚酰胺产品以商标名Grivory, Grilamid、 Grilon、Grinova行销全世界。 产品广泛应用在汽车、工业消费品、电子电气、手机通讯、光学眼镜、医疗设备和包装行业。",https://www.emsgrivory.com,https://exhibitors.informamarkets-info.com/event/2026Medtec/en-US/exhibitor/466964/ems-chemie-(suzhou)-ltd-,https://image.imconlinereg.com/mm-mtc/2026-07-31/70F81764C16274FBCDDCF4BB5C87F67C.pdf;https://image.imconlinereg.com/mm-mtc/2026-07-31/C65356A104B6C9C1D38E2114CD4602C9.pdf
天津精医微导科技有限公司,"Tianjin jingyi Prec-tube Tech Co. ,LTD",N2-C210,N2,CHINA,cat-05,天津精医微导科技有限公司是一家专注于医用导管、配件生产，销售、技术研发、咨询服务型公司，公司坐落于天津市经济技术开发区微电子工业区，公司拥有十万级净化车间，专业的医用导管生产设备。由多年医用导管研发领域的技术人员组成。公司将本着科技、创新提供专业技术方案为使命，不断探索创新，向客户提供优质服务。 1.各类精密介入导管（PEEK、FEP、TPU、PC、PE、PP、PVC、PA、PEBAX等材料的单腔、双腔管、单排双排管、异型变径管等） 2、医疗导管代加工（导管扩口、封头、尖端成型） 3、 协助进行医疗器械的前期研发，样品制作。小批量生产。 4、提供技术支持服务。,,https://exhibitors.informamarkets-info.com/event/2026Medtec/en-US/exhibitor/466965/tianjin-jingyi-prec-tube-tech-co---ltd,https://image.imconlinereg.com/mm-mtc/2026-01-13/03287AC0816B4E44E76A05430F0F9B26.pdf;https://image.imconlinereg.com/mm-mtc/2026-01-13/05CB8CA0A9441352641BABC248F768C7.pdf
山东史蒂夫医疗科技有限公司,"SHANDONG STEVE MEDICAL SCIENCE TECHNOLOGY CO.,LTD",N2-A605,N2,CHINA,cat-01,山东史蒂夫医疗科技有限公司是一家集研发、生产、销售为一体的生产型企业，位于山东省德州市，专业生产医用硅胶制品。十万级净化车间，万级实验室，公司创立以来逐步增加、完善产品类别，确定自己的品牌，获德国TUV 产品CE认证，在发展自己品牌的同时，为中高端生产企业做配套服务，我们为客户整体研发，提供整套解决方案！,http://www.stevemedical.com/,https://exhibitors.informamarkets-info.com/event/2026Medtec/en-US/exhibitor/466966/shandong-steve-medical-science-technology-co--ltd,https://image.imconlinereg.com/mm-mtc/2025-04-29/C2136163FEDEB3AB45648CB3CA117576.pdf
力司百灵弹簧（苏州）有限公司,"Lee Spring（Suzhou） Co.,Ltd",N1-H120,N1,USA,cat-02,力司百灵弹簧有限公司于1918年在美国纽约成立，是一家全球性的弹簧制造生产商，生产有弹簧、线成型、冲压部件、弹性卡件以及相关产品等。作为世界领先的跨国弹簧公司我们确立了本行业中质量、产品线、服务和价值的新标杆。力司百灵在全球共拥有9家工厂，这使我们能够便捷地向全球客户提供我们的产品，我们涵盖的行业有航天、医疗、运输、工业产品、自动接卸、消耗品等任何有活动部件的设备。 所有现货库存24小时内发货； 25000+种现货库存，最少1枚起订； 力司百灵弹簧已在中国苏州拥有了工厂并建立了总公司，在天津开设了新工厂及公司，在上海、成都和深圳也分别设立了销售点。旨在竭诚为亚太地区客户提供更完善的服务与支持。,https://www.leespring.cn,https://exhibitors.informamarkets-info.com/event/2026Medtec/en-US/exhibitor/466967/lee-spring（suzhou）-co--ltd,https://image.imconlinereg.com/mm-mtc/2026-01-16/8F7853DAD9B86D20D2FD985F03D5B911.pdf;https://image.imconlinereg.com/mm-mtc/2026-01-16/D0A0E764600F33A1B8895645B171AF8A.pdf
广东富江医学科技有限公司,UShare Medical Inc.,N1-H506,N1,CHINA,cat-02,广东富江医学科技有限公司创建于2001年，是一家集科研、生产、销售于一体的综合性外商独资企业。公司位于中国广东省，具备ISO13485医疗器械质量管理体系认证、 ISO9001质量管理体系认证、CE认证、环氧乙烷灭菌认证，多个10万级净化车间、万级检验室。产品覆盖医疗器材设备、医疗器械原材料、美容护肤产品等多个领域。富江医学拥有专有技术和专业团队，致力于为全球医疗器械制造商提供医用镍钛丝、镍钛部件和订制加工服务，产品覆盖泌尿外科，呼吸科，消化科等领域。,http://www.usharemedical.com/,https://exhibitors.informamarkets-info.com/event/2026Medtec/en-US/exhibitor/466968/ushare-medical-inc-,https://image.imconlinereg.com/mm-mtc/2025-08-28/CA12A500E486ACFDC2C0D16D3071DEEC.pdf
佛山市鑫隆顺精密五金制品有限公司,"Foshan Xinlongshun Precision Hardware Products Co., Ltd.",N1-H708,N1,CHINA,cat-15,本公司成立于2005年，主要采用日本：NOMURA、TSUGAMI、Star、CITIZEN品牌的三轴、四轴、五轴CNC走芯式数控车床为主，专业生产及加工各类 “细、小、微” 高精密零配件，产品应用于：钟表/眼镜精密零件、半导体高分子PI管、光通讯精密合金接头、医疗器械/手术机器人/医疗介入超微零件等；本公司以“专业、精密、高效、质优、合作、双赢”为产品发展导向，为客户创造价值、为公司创造利润、为员工提升福利为服务宗旨；以质优、诚信、服务、快捷为经营理念，提升产品的核心竞争价值，以人为本，客户至上。,https://Http://xinlongshunjm.com,https://exhibitors.informamarkets-info.com/event/2026Medtec/en-US/exhibitor/466969/foshan-xinlongshun-precision-hardware-products-co---ltd-,https://image.imconlinereg.com/mm-mtc/2026-06-29/0BAC33A05C633C50A91E4B20988D97AA.pdf
万华化学集团股份有限公司,"Wanhua Chemical Group Co., Ltd.",N2-D308,N2,CHINA,cat-01,万华化学集团股份有限公司是一家全球化运营的化工新材料公司，依托不断创新的核心技术、产业化装置及高效的运营模式，为客户提供更具竞争力的产品及解决方案。万华化学将医疗大健康行业作为战略性投入发展方向之一，在医用材料领域持续创新，已形成覆盖聚氨酯、通用塑料、工程塑料、改性塑料和医用化学品等产品组合。万华化学依托不断创新的核心技术和上游原材料产业链优势，多项产品打破国外垄断，解决我国生物医用原材料卡脖子问题，支撑医疗器械产业高质量发展。,https://www.whchem.com,https://exhibitors.informamarkets-info.com/event/2026Medtec/en-US/exhibitor/466970/wanhua-chemical-group-co---ltd-,https://image.imconlinereg.com/mm-mtc/2026-05-29/60CB99270A659C28FA2C41D14A71F381.pdf;https://image.imconlinereg.com/mm-mtc/2026-05-29/E74F538265C8E48C86B579F8E580C9B6.pdf
深圳市康诺鑫电子科技有限公司,"Shenzhen Kangnuoxin Electronic Technology Co., Ltd",N1-H709,N1,CHINA,cat-08-3,深圳市康诺鑫电子有限公司(KNX)是一家有11年精密连接器从业经验的国家高新技术企业。公司研发生产的插拔自锁连接器、欧标工业自动化连接器、RF射频同轴连接器、国军标及美军标系列圆形电连接器，以及配套的线缆线束组件等产品深受市场青睐，已销往全国以及世界各地。优越的产品使用性能和极具魅力的产品设计，使KNX连接器广泛应用于防务、医疗、影视、导航、测绘、航天航空、安防、通讯、汽车检测等高端领域，为国内外设备制造商们提供更及时、更清晰、性价比更高的产品解决方案。为顾客提供强有力的技术和质量保障，公司有完善的测试设备并通过了多项权威认证，如CE认证，RoHS认证，IS09001:2015和IS013485:2016质量管理体系认证等KNX一直致力成为连接器行业龙头供应商，为全世界客户提供便捷可靠的连接方案。为满足多元化市场，我们的产品与大多数进口和国内品牌完全兼容，为满足客户特殊需求，我们提供EMO/ODM服务，是您值得信任的合作伙伴。,https://www.sz-knx.com/,https://exhibitors.informamarkets-info.com/event/2026Medtec/en-US/exhibitor/466971/shenzhen-kangnuoxin-electronic-technology-co---ltd,https://image.imconlinereg.com/mm-mtc/2025-08-11/F562A9929474EC2E9EF4F90083F5DB81.pdf
中联先进钢铁材料技术有限责任公司涿州分公司,"Zhonglian Advanced Steel Technology Co.,Ltd",N1-C708,N1,CHINA,cat-02,中联先进钢铁材料技术有限责任公司(先进钢铁材料技术国家工程研究中由国内科研院所、大型钢企于2004年6月共同出资11000万元组建。定位它”为“国防建设用高性能钢铁材料研发基地;军工多品种小批量基地;钢铁冶金行业的先进钢铁材料技术研发基地，先进钢铁材料技术及产品促进机构”。秉承“团结、求实、创新、进取”的科研精神，面向国民经济重大工程建设需求，面向冶金行业发展需求，面向集团公司发展总体需求，承担多项973、863等国家重点项目和企业技服的生产检测任务，涉及航天航空、核技术、兵器、舰船、水电化工、石油铁路、汽车机械建材、医疗器械用材等国民经济众多领域。,https://www.cisri.com.cn,https://exhibitors.informamarkets-info.com/event/2026Medtec/en-US/exhibitor/466972/zhonglian-advanced-steel-technology-co--ltd,https://image.imconlinereg.com/mm-mtc/2025-08-01/E43BC305D242E7DE7EA5D9ED096CBFA0.pdf
重庆安美科技有限公司,"Chongqing Anmei Technology Co., Ltd.",N2-G709,N2,CHINA,cat-02,重庆安美科技有限公司是中国四联仪器仪表集团公司的控股公司，公司主体的前身重庆川仪五厂1970年由上海内迁至渝，2003年改制组建的股份制公司。 公司主要从事金属/非金属表面处理(喷漆、喷塑、电镀、真空镀、化学镀、化学转化膜等)，特殊封装焊接和标铭牌的生产加工。 公司是重庆市电镀行业协会理事单位，重庆市表面工程协会会长单位，是中国标牌行业协会成员单位。 公司表面处理及标铭牌产品市场涉及国内外仪器仪表、军工、电力、核电、集成电路、电子通讯、新能源汽车、医疗设备、家用电器等行业，与国内外多家知名企业建立了稳定的业务关系。,https://www.cqanmei.com,https://exhibitors.informamarkets-info.com/event/2026Medtec/en-US/exhibitor/466973/chongqing-anmei-technology-co---ltd-,https://image.imconlinereg.com/mm-mtc/2025-08-22/3AE21AADBC207DA8767C06FAA93BEC8D.pdf
美国ZEUS工业品公司广州代表处,ZEUS,N2-D102,N2,USA,cat-05,Zeus总部位于南卡罗来纳州奥兰治堡，是先进聚合物解决方案领域的全球领导者，致力于加速医疗、航空航天、能源、汽车、光纤及其他高要求行业的创新。自1966年以来，Zeus凭借其先进的材料技术和精密制造工艺，帮助客户解决复杂的工程和制造难题。Zeus还通过其CathX Medical业务部门提供导管设计支持和制造服务，帮助客户更快地将新技术推向市场。Zeus在美国和爱尔兰拥有完善的制造工厂网络。更多信息，请访问www.zeusinc.com。,https://www.zeusinc.com,https://exhibitors.informamarkets-info.com/event/2026Medtec/en-US/exhibitor/466975/zeus,https://image.imconlinereg.com/mm-mtc/2025-05-08/804945602F340583163A42D3CA891057.pdf;https://image.imconlinereg.com/mm-mtc/2026-06-27/6C079DDBADFCDDC3B1C9DB0A317C9E41.pdf
上海茂虹等离子技术有限公司,Shanghai Maohong Plasma Technology Co. LTD,N3-C603,N3,CHINA,cat-14,"上海茂虹等离子技术有限公司是一家以新技术为导向的科技型公司.我们的工作团队秉持技术为生产服务的理念,自主研发核心技术,降低客户成本,为中国的装备制造业能与世界同行竞争而做出自己的贡献.我公司目前将总部设在上海.主要的研发方向为低温等离子技术.通过此项技术的研发.我司生产了PT系列等离子表面处理设备.它们将广泛应用于管材，线缆、电子、汽车、医疗等众多行业领域中的印字、粘合、清洁等工艺流程中.作为一家成长型的技术研发应用公司,我们希望能于中国的生产型企业紧密合作,为提升中国制造业竞争力的而努力。",http://www.ptplasma.com,https://exhibitors.informamarkets-info.com/event/2026Medtec/en-US/exhibitor/466977/shanghai-maohong-plasma-technology-co--ltd,https://image.imconlinereg.com/mm-mtc/2025-09-06/B77CC24E44911E9792882B3F3C9C1B3C.pdf
马扎费罗医疗,MZF4 Medical,N3-H601,N3,USA,cat-15,自1984年以来，MZF4 Medical一直为全球主要医疗器械公司供应不可吸收的外科缝合线以及定制的复杂植入式纺织医疗器械。我们的产品在质量、设计和创新方面树立了行业标杆。我们以高度灵活的服务，确保所有缝合线产品的生物相容性，不断努力成为全球不可吸收缝合线领域的领导者。公司拥有丰富的技术专长和充满激情的团队，完美融合了经验丰富的专业人士与充满活力的年轻才俊，在以创新为驱动、市场洞察为导向的企业文化中不断发展。,https://www.mzf4medical.com,https://exhibitors.informamarkets-info.com/event/2026Medtec/en-US/exhibitor/466978/mzf4-medical,https://image.imconlinereg.com/mm-mtc/2026-07-25/4D018BCE8B2F4E747243EE4B90F7C6C4.pdf
上海华弋实业发展有限公司,"Shanghai Huayi Industrial Development Co., Ltd.",N2-H601,N2,CHINA,cat-09,上海华弋实业发展有限公司是一家研究流体密封技术并从事橡胶工业制品生产、销售的企业，拥有独立的实验室。公司技术工程师有10年以上的工作经验，可根据客户需求进行模具、配方设计，耐化学腐蚀、耐磨、耐高低温、耐特殊介质有较强的实用性解决方案，为客户提供先进合理的密封解决方案。,https://www.huayiseal.com,https://exhibitors.informamarkets-info.com/event/2026Medtec/en-US/exhibitor/466979/shanghai-huayi-industrial-development-co---ltd-,https://image.imconlinereg.com/mm-mtc/2026-07-06/2AD6AB44B3A4231E4BEEDCA98C70B450.pdf;https://image.imconlinereg.com/mm-mtc/2026-07-06/ACF8A727CD13895B6BC2A1FFF019F280.pdf
上海珀利医用材料有限公司,"Shanghai Poly Medical Materials Co,Ltd",N2-B307,N2,CHINA,cat-01,上海珀利医用材料有限公司成立于2021年5月，坐落在上海市浦东新区合庆镇张江集团医疗器械产业基地，总面积1600多平方，建设有万级和十万级生产车间，并配备微生物、理化等专业实验室。公司致力于植入级超高分子量聚乙烯(UHMWPE)等核心医用原材料的研发、生产及销售。可提供植入级普通、高交联、掺混VE型材等产品。产品已通过bsi IS013485:2016医疗器械管理体系认证并完成相关主文档备案登记。公司重视自主创新，已拥有专利(申请)十几项，多次参与国家工信部、科技部等项目课题，参与团体标准起草。公司以“质量第一，持续满足顾客和法规的要求”为质量方针，将以高端优质的产品持续服务于客户。,http://www.plsiupe.com/,https://exhibitors.informamarkets-info.com/event/2026Medtec/en-US/exhibitor/466980/shanghai-poly-medical-materials-co-ltd,https://image.imconlinereg.com/mm-mtc/2025-07-09/0EAA3BC56BF29258B4DDF301E57B10E6.pdf
儒拉玛特自动化技术（苏州）有限公司,"Ruhlamat Automation Technologies(Suzhou) Co., Ltd.",N3-H111,N3,GERMANY,cat-11,儒拉玛特是一家全球领先的一站式智能制造解决方案服务商，发源于德国，1998年进入中国，深耕近30年。集团全球员工超2000人，其中技术人员超1300人，业务覆盖24个国家，年营收超20亿元，累计交付产线超3800条。公司为客户提供自动化与数字化两大核心解决方案在医疗领域，儒拉玛特已为恒瑞、诺和诺德、贝朗等全球知名医疗企业提供智能制造解决方案，应用于注射及输液器械耗材、介入导管、透析耗材、注射笔、渗透泵、生物试剂盒等产品的自动化生产，覆盖PI和PTFE材料导管涂覆等关键工艺，具备渗透泵激光打孔、两步式自动注射笔平台化预组装等核心设备能力。,https://www.ruhlamat.com.cn,https://exhibitors.informamarkets-info.com/event/2026Medtec/en-US/exhibitor/466981/ruhlamat-automation-technologies(suzhou)-co---ltd-,https://image.imconlinereg.com/mm-mtc/2025-07-31/F3FF697C1AC9D0FEFE66B1E4C98E4466.pdf
长沙阿莫拉精密科技有限公司,"CHANGSHA AMORA PRECISION TECHNOLOGY CO.,LTD",N1-A810,N1,CHINA,cat-15,公司成立于2019年，具备内窥镜配件、一次性止血夹、ESD刀、大血管闭合切割器Ligasure配件等.一类、二类、三类医疗器械的研发能力。粉末冶金注成形（MIM、CIM）医疗器械部件的销售。公司主要依托中南大学粉末冶金研究所和湖南大学材料工程学院，并配套粉末冶金国家实验室和工程中心。,,https://exhibitors.informamarkets-info.com/event/2026Medtec/en-US/exhibitor/466983/changsha-amora-precision-technology-co--ltd,
常州力铂源机械设备有限公司,"CHANGZHOU LIBOYUAN MECHANICAL EQUIPMENT CO.Ltd,",N4-C205,N4,CHINA,cat-13,常州力铂源机械设备有限公司是集科研、生产、销售为一体的高科技综合型企业，专业设计制造各种智能医用热合机、超声波清洗机、超声波焊接机等等，在广大用户中享有较高的声誉。本公司产品还可根据用户的需求，进行超声波清洗成套设备和行业专用、特殊非标设备的设计、制造、技术咨询和维修服务。,http://www.czlbyjx.com/,https://exhibitors.informamarkets-info.com/event/2026Medtec/en-US/exhibitor/466985/changzhou-liboyuan-mechanical-equipment-co-ltd-,
苏州诺洁医疗技术有限公司,"Suzhou AllBright Medical Technology Co., Ltd.",N4-B213,N4,CHINA,cat-13,杰皓医疗®依托业内优秀的专家团队，构建“实验室检测-动物实验-法规咨询-工业化灭菌-智慧物流-消毒供应中心”的全产业链服务平台，为全球医疗器械企业提供集成式解决方案。杰皓医疗®独有的“全链赋能，全程护航”的服务体系，面向医疗器械制造商，以专业的技术服务能力为核心，提供全生命周期解决方案，涵盖国际标准检测实验室、高端动物实验中心及产品注册与法规咨询服务，为医疗器械从产品研发到临床应用架设高速通道。同时提供工业化灭菌、仓储物流等高效、精准的供应链管理，全程可追溯，为客户提供可靠的支持与保障。面向医疗机构，构建智能化消毒供应中心和定制化院感防控体系，提供全流程、高标准的消毒供应与质量监控服务，确保医疗用品的无菌供应，守护公共健康安全。历经数载精耕，我们的服务版图已形成“长三角-华中-大湾区”黄金三角布局，在上海、苏州、武汉、深圳等医药高地设立技术服务中心，凭借CMA/CNAS双认证检测实验室和以ISO13485、ISO11135、GMP等国际法规和标准为基础的质量管理体系，成功为400多家客户提供专业技术服务，护航医疗器械项目成功落地。,https://www.prosteri.com,https://exhibitors.informamarkets-info.com/event/2026Medtec/en-US/exhibitor/466986/suzhou-allbright-medical-technology-co---ltd-,https://image.imconlinereg.com/mm-mtc/2025-07-14/DE87C50CF41E092E0D47930B49EFD7BA.pdf;https://image.imconlinereg.com/mm-mtc/2026-03-02/A6162595A372D93E71B184A067616614.pdf
普发拓普真空设备（北京）有限公司,PVA TePla (China) Ltd.,N3-A201,N3,GERMANY,cat-14,PVA TePla专门从事高质量的用于材料生产加工的设备和系统的研发，并在世界范围内销售。该部门已有近50年的经验，并向世界提供了一千多套设备。 普发拓普真空设备(北京)有限公司是PVA TePla在中国的全资子公司，我们负责德国集团公司在中国的全部业务，如设备销售、安装调试、售后服务、备件供应等。 PVA公司主要产品有化学气相沉积、等离子清洗和活化、脉冲等离子渗氮、COD石墨加热加压烧结炉、COV石墨加热真空烧结炉、MOV金属加热真空钎焊炉、MOV-HP金属加热真空扩散焊炉等。,https://www.pvatepla.com/,https://exhibitors.informamarkets-info.com/event/2026Medtec/en-US/exhibitor/466987/pva-tepla-(china)-ltd-,
美国奥博锐不锈钢及特种金属有限公司,"ULBRICH STAINLESS STEEL & SPECIAL METALS, INC.",N1-A210,N1,USA,cat-02,"奥博锐特种线材位于美国南卡州，主要生产各类精密扁线，圆线及异性线材，用于医疗编织线，导丝，芯轴等相关医疗行业。材料包括高弹性不锈钢304V，镍钛诺,钨丝，MP35N, L605, BeCu等，可提供裸材及各种电镀，配合客户需求，工厂常备多种编织丝库存。公司通过ISO 9001:2015 认证。",https://www.ulbrich.com,https://exhibitors.informamarkets-info.com/event/2026Medtec/en-US/exhibitor/466988/ulbrich-stainless-steel---special-metals--inc-,
深圳市铭康科技有限公司,"Shenzhen Mingkang Technology Co., Ltd",N2-A901,N2,CHINA,cat-11,深圳市铭康科技有限公司专注于医疗、电子、汽车等行业非标自动化领域，是一家集研发、 设计，生产、销售、服务于一体化的高精密科技型企业。目前针对医疗高注行业以及医疗耗材的自动绕管设备、三通阀及单向阀自动组装设备、高压针筒自动组装设备、延长管自动组装设备、穿刺器/穿刺针自动组装设备、手术刀自动组装设备等有成熟稳定的方案和应用，同时公司还有自主研发组装的医疗导管的尖端成型、锻压设备、流变设备等小型导管加工设备。 铭康科技的目标是为客户创造最大价值、持续创新、精益求精，通过先进的结构设计和技术、稳定的品质和完善的工艺服务，为客户提供更加全面深入的高效、节能解决方案。,https://szmingkang.cn,https://exhibitors.informamarkets-info.com/event/2026Medtec/en-US/exhibitor/466989/shenzhen-mingkang-technology-co---ltd,https://image.imconlinereg.com/mm-mtc/2025-08-28/7D8CB97550BFEAE28E3DE7F394E7EF70.pdf
上海超日精密模具有限公司,"Shanghai Surini Precision Mould Co.,Ltd",N3-B212,N3,CHINA,cat-09,上海超日精密模具有限公司是一家专注于注塑模具和注塑产品研发、开发、生产及销售的高科技企业，成立于1999年，位于风景秀丽‘有着“东方美谷”之称的上海市奉贤区，总建筑面积约11000平方米。上海超日团队有120多名伙伴，在各自的岗位上贡献着自己的智慧和能力。在过去的几年里，在我们的优秀团队共同努力下，共申请通过了33项专利，其中发时专利1项，实用新型专利32项，并获得“高新技术企业”荣誉称号，我们为优秀的伙伴感到自豪。  作为20多年的医疗制造商，我们极力在医疗行业全方面不断探索，创新，用最好的技术回馈社会。,https://www.surini.com.cn,https://exhibitors.informamarkets-info.com/event/2026Medtec/en-US/exhibitor/466991/shanghai-surini-precision-mould-co--ltd,https://image.imconlinereg.com/mm-mtc/2025-08-01/C0019BB4247A75795D51F5FF30A10084.pdf;https://image.imconlinereg.com/mm-mtc/2026-07-24/E232B91861C89F25F26129B02C4BD7B2.png
宁波琳盛高分子材料有限公司,"NINGBO LINSTANT POLYMER MATERIALS CO., LTD",N2-C502,N2,CHINA,cat-05,"宁波琳盛高分子材料有限公司创立于2014年，现已发展成为拥有500余名专业人才的国家级高新技术企业。公司专注于超越传统零部件供应商的角色，坚持做客户产品的一部分。从协同设计阶段的精准需求匹配，到制造环节的可靠性保障，最终实现临床终端器械的性能跃升，琳盛深度融入客户产品的核心价值链，让导管技术转化为客户产品的核心竞争力。通过持续的技术创新和严苛的质量管控，我们有能力为医疗器械企业提供更安全、更精密、工艺更丰富的定制化导管系统解决方案。琳盛始终以""以卓越材料铸精密制造，用导管守护生命尊严""为使命，致力于成为全球微创医疗领域最信赖的伙伴与方案提供者。",https://www.linstants.com,https://exhibitors.informamarkets-info.com/event/2026Medtec/en-US/exhibitor/466992/ningbo-linstant-polymer-materials-co---ltd,https://image.imconlinereg.com/mm-mtc/2025-05-20/8273D118AA0B103B0FC98023B666D2B2.pdf;https://image.imconlinereg.com/mm-mtc/2026-01-13/B842627E4E28A218721186F0889BE8D2.pdf
艾斯派克（上海）医疗科技有限公司,"Aseptic (Shanghai) Medical Technology Co., Ltd.",N4-C110,N4,CHINA,cat-13,艾斯派克（上海）医疗科技有限公司成立于2021年5月，坐落于中国（上海）自由贸易试验区临港新片区江山路2699弄临港产业区翡翠园2号厂房，总面积3500平方米；现有十万级Class 8）和万级（Class 7）洁净车间，以及独立微生物实验室；拥有分切机、柔版印刷机、平袋制袋机、顶头袋机、模切机等生产设备。致力于为客户提供定制化的医用平袋、顶头袋、盖材、卷材等定制化包装解决方案。拥有先进的无菌包装检测、检验仪器以确保产品符合法规和客户要求。公司已按照ISO13485:2016管理体系标准要求和相关法规要求建立了完善的质量管理体系，并于2022年6月通过ISO13485:2016质量管理体系认证。,,https://exhibitors.informamarkets-info.com/event/2026Medtec/en-US/exhibitor/466993/aseptic-(shanghai)-medical-technology-co---ltd-,
威沃电子(广东)有限公司,"Guangdong Firmware Electronics Co., Ltd.",N4-D604,N4,CHINA,cat-08-1,广东弗利尔电子有限公司（以下简称“弗利尔电子”）成立于2016年，在近10年的发展中，始终专注于工业控制领域设计、研发、制造、销售、运维等业务，提供数智终端设备整体解决方案，是国内为数不多具备完整产业链、拥有高度自主核心技术的高新企业。弗利尔·Firmware是弗利尔电子集行业前沿技术、深度研发孵化出的高端工控品牌，产品主要包括高性能工控机、工控一体机、工业显示器、工业平板电脑、IP网络广播服务器等五大系列。应用领域覆盖新一代智能制造、智慧城市、智慧医疗、物联网、工业机器人、机器视觉、新能源、新零售、物流、教育、安防等。,,https://exhibitors.informamarkets-info.com/event/2026Medtec/en-US/exhibitor/466994/guangdong-firmware-electronics-co---ltd-,https://image.imconlinereg.com/mm-mtc/2026-05-21/8C708C7FE07718644C0D228093F14400.pdf;https://image.imconlinereg.com/mm-mtc/2026-05-21/713AF7B7C37CA738B9261F3E0A3E5450.pdf
铂珑生物科技（苏州）有限公司,"Applied Biotech (Suzhou) Co., Ltd.",N3-B701,N3,CHINA,cat-15,铂珑生物科技（苏州）有限公司专注于为国内外高端医疗器械客户提供专业、高效的球囊OEM/ODM/CDMO服务。依靠专业、全面的医用球囊行业经验，以产品及全生命周期解决方案为导向的灵活服务模式去满足客户多样化的需求。公司位于苏州市高新区，具备便利的交通及丰富的上下游配套资源，拥有合规的万级净化车间并通过ISO 13485质量体系认证。,https://www.appliedbiotech.cn,https://exhibitors.informamarkets-info.com/event/2026Medtec/en-US/exhibitor/466995/applied-biotech-(suzhou)-co---ltd-,https://image.imconlinereg.com/mm-mtc/2025-07-23/97BB6E501BE50368402F2BCDDA90681B.pdf
昆山安泰美科金属材料有限公司,"ATMIK Metal Materials Co., Ltd",N1-A121,N1,CHINA,cat-02,30多年来我们一直专注于金属注射成形工艺，致力于为客户提供多种材料体系，高精度，高性能，大批量的金属注射成形零件的解决方案。  昆山安泰美科金属材料有限公司是安泰科技下属分公司，2013年由安泰科技联合昆山本地上下游企业，在昆山经济开发区联合组建的以金属注射成形为主的现代化工厂，  新公司集成了股东各方在MIM用自主原料粉末制备、烧结和热处理装备制造、精密模具加工与注塑、CNC切磨削、精密冲压、阳极氧化表面后处理等方面的诸多工艺协同优势。,http://www.atmmim.cn/,https://exhibitors.informamarkets-info.com/event/2026Medtec/en-US/exhibitor/466996/atmik-metal-materials-co---ltd,
宁波润璐科技有限公司,"NINGBO RUNLU TECHNOLOGY CO, LTD",N1-A710,N1,CHINA,cat-15,宁波润路科技有限公司位于宁波市余姚市姚江河畔，专业生产医疗外科手术配套的金属管件供应商，产品主要应用于超声刀、吻合器、内窥镜等医疗器械高新技术领域。 公司拥有强大的技术团队，完善的质量保障体系，行业一流的加工、检测设备，从而保证产出精良的产品，更重要的是我们为客户提供整套的解决方案，在材料的选择、结构的设计、性能的测试、工艺的实现等。 专业制造、诚信服务、追求创新的服务理念与您精诚合作，共创辉煌的未来！,,https://exhibitors.informamarkets-info.com/event/2026Medtec/en-US/exhibitor/466997/ningbo-runlu-technology-co--ltd,
世登精密机械( 昆山)有限公司,"SEIDEN PRECISION MACHINERY(KUNSHAN)CO.,LTD",N1-A604,N1,CHINA,cat-02,世登精密机械（昆山）有限公司成立于2018年，是一家拥有先进设备的精细弹簧制造企业。公司引进台湾先进的制造设备，有丰富经验的技术人员加工，生产出世界上精细的弹簧。公司提供线径0.02MM，外径0.08MM的极细弹簧。公司产品广泛应用在医疗器械内微导管、导丝等各类精密机械等行业。,,https://exhibitors.informamarkets-info.com/event/2026Medtec/en-US/exhibitor/466998/seiden-precision-machinery(kunshan)co--ltd,
安姆科包装（上海）有限公司,Amcor China-Healthcare,N4-C212,N4,SWITZERLAND,cat-13,"安姆科集团是全球最大的消费品包装公司, 1860年成立于澳大利亚的墨尔本，总部设于瑞士的苏黎世，在纽约证券交易所（股票代号为“AMCR”）和澳大利亚证券交易所（股票代号为“AMC”）同时上市。安姆科集团年销售额逾136亿美元，在全球40多个国家拥有约212家工厂，约41,000多名员工。我们运用世界范围内的营销网络为客户提供全球及本地化的服务，专业提供一系列软包装产品和包装解决方案, 业务涉及食品、饮料、医药、医疗器械、家庭与个人护理用品和功能性薄膜等行业。安姆科在大中华区拥有3,700多名员工和14个生产基地，分布于惠州、中山、佛山、江门、东莞，江苏江阴、苏州、上海、四川成都及河北石家庄。",https://www.amcor.com,https://exhibitors.informamarkets-info.com/event/2026Medtec/en-US/exhibitor/466999/amcor-china-healthcare,
常州志卓精密机械制造有限公司,"Changzhou Zhizhuo Precision Machinery Manufacturing Co.,Ltd",N2-C309,N2,CHINA,cat-11,"常州志卓精密机械制造有限公司致力于成为医疗客户专业结构件及组装方案的供应商。我们提供从产品设计、模具制造、生产装配、包装设计一站式服务。现拥有10万级净化注塑车间、机加车间、冲压车间三大模块。产品范围涉及：腹腔镜外科手术器械(腔镜吻合器、穿刺器、内镜吻合器组件）、牙科耗材等。   我们提供医疗器械注册人制度，为医疗器械厂家提供全方位服务。始终坚持以客户为中心开展一切工作，秉持真心时刻关注客户需求,降低客户成本。",https://www.czzzjm.com,https://exhibitors.informamarkets-info.com/event/2026Medtec/en-US/exhibitor/467000/changzhou-zhizhuo-precision-machinery-manufacturing-co--ltd,https://image.imconlinereg.com/mm-mtc/2025-08-05/C059B639CA6BF1AE38C1655054D96724.pdf
嘉兴赛捷弹簧制造有限公司,"CGR Springs (Jiaxing) Co., Ltd",N1-B402,N1,FRANCE,cat-02,"自 1963 年以来，从弹簧制造到机械和机电一体化部件的生产，我们的专业技术在不断扩展。金属冷成形仍然是我们的核心业务。今天，我们在全球四大洲的 10 个国家拥有 23 个生产基地。拥有 1,500 余名合格员工。我们的每个生产基地在很大程度上都是独立自主，但都遵循统一的方法，以确保全球范围内的响应能力、质量和可用性。因此，我们能够在全球任何地方按照相同的质量标准生产和交付大批量产品。""形成你的世界 ""是我们的座右铭。在技术、社会和环境不断加速变化的背景下，灵活的供应商和分散的组织能够提供塑造未来世界所需的灵活性和应变能力。我们的愿景与责任共担、人才辈出的工作文化相辅相成。释放潜能，实现使命，服务客户是 CGR 管理理念的核心。",https://www.cgr-international.com,https://exhibitors.informamarkets-info.com/event/2026Medtec/en-US/exhibitor/467002/cgr-springs-(jiaxing)-co---ltd,
东莞厚永医疗科技有限公司,"Dongguan Houyong Medical Technology Co., LTD",N3-G402,N3,CHINA,cat-15,东莞厚永医疗科技有限公司成立于2022年，位于东莞市松山湖。是国内成功推行医疗器械注册人合作平台的医疗公司。集注册、设计、研发、生产加工、组装、包装、灭菌于一体的生产型企业。为客户提供一站式服务。目前公司所涉足的领域主要包括医用模具，注塑加工，挤出管材，五金加工、硅胶加工、弹簧加工、心血管输送系统加工。公司占地面积8000余平米，拥有标准洁净厂房2000平米，已通过IS013485质量体系认证。目前已经取得多张医疗器械生产许可证。与国内多家知名二类、三类医疗器械公司保持良好合作关系，为从事医疗器械创业人士提供专业的CDMO合作平台。,,https://exhibitors.informamarkets-info.com/event/2026Medtec/en-US/exhibitor/467003/dongguan-houyong-medical-technology-co---ltd,
深圳市柯迅医疗科技有限公司,"Shenzhen Kexun Medical Technology Co.,Ltd",N1-A123,N1,CHINA,cat-15,深圳市柯迅医疗科技有限公司成立于 2017 年 12 月，位于中国经济特区深圳。公司是一家集开发、设计、制造于一体的智能制造科技公司，致力于为客户提供给高品质、高精度的医疗模具公司配备了精密的检测仪器，对生产过程中的每一个环节进行严格的质量控制。从原材料的选择到模具的加工、装配，都遵循严格的标准和规范，以确保交付给客户的每一件产品都具备卓越的品质和可靠的性能。其核心产品包括球囊模具、挤出模具、锻打模具等。作为国内首家专注于球囊模具研发制造的开拓者，柯迅医疗凭借其卓越的技术和深厚的行业经验，为医疗行业带来了革命性的改变。采用先进的设计理念和高精度的制造工艺，确保每一个球囊模具都具备卓越的性能和精准的尺寸，公司的产品线丰富多样，涵盖了精密零配件、定制工装以及先进的医疗设备。在产品质量上，公司严格把控每一个环节，从原材料采购到生产工艺，再到成品检测，都遵循严格的标准和规范，以确保模具的精度、性能和可靠性。公司始终坚持以客户为中心的服务理念，为客户提供全方位的技术支持和优质的售后服务。,,https://exhibitors.informamarkets-info.com/event/2026Medtec/en-US/exhibitor/467004/shenzhen-kexun-medical-technology-co--ltd,
台州博锐思医疗科技有限公司,"Taizhou Proburrs Medical Technology Co.,Ltd.",N1-G208,N1,CHINA,cat-15,台州博锐思医疗科技有限公司是浙江先端数控机床技术创新中心的全资子公司，主要生产口腔类、骨科、外科等医疗器械，如：牙科车针、机用车针、磨头、髓腔锉和髓核钳等。依托集团公司的雄厚财务与技术实力，博锐思的产品线已拓展至口腔系列、骨科及外科器械和数控机床等。我们在刀具设计与工艺研发领域拥有深厚积累，配备多套顶级五轴刀具磨削CAD/CAM/NUM软件系统，已成功研发出多款复杂螺旋切削刀具，广泛应用于医疗、航空等领域。公司拥有8名工艺研发工程师，人均具备超10年刀具开发经验。我们拥有严格的质量控制体系，确保送达客户的每一件产品都品质优良，同时训练有素的销售人员可为每位客户提供优质服务。,http://www.proburrs.com,https://exhibitors.informamarkets-info.com/event/2026Medtec/en-US/exhibitor/467005/taizhou-proburrs-medical-technology-co--ltd-,https://image.imconlinereg.com/mm-mtc/2026-01-06/99831BD6B10C3A2E83C1063482B17A5A.pdf;https://image.imconlinereg.com/mm-mtc/2026-01-06/32CB7A9AB62CEA907157E04B23835350.pdf
Unisteel Technology Limited,Tegra Medical,N1-G201,N1,USA,cat-02,泰格拉医疗(TegraMedical)生产用于心脏节律管理(CRM)和神经刺激设备的零部件及子组件，包括机械加工的接头和导线部件、微型机加工件、MP35N壳体（含斜卷弹簧）以及钛制外壳等。,https://www.tegramedical.com/,https://exhibitors.informamarkets-info.com/event/2026Medtec/en-US/exhibitor/467006/tegra-medical,
霸州市康振医疗科技有限公司,"Bazhou Kangzhen Medical Technology Co., Ltd.",N2-H701,N2,CHINA,cat-15,霸州市康振医疗科技有限公司创立于2020年，是专注于介入、植入类医疗器械、耗材与零组件研发、生产、销售的高科技公司，同时可为国内外高端医疗器械公司提供专业的OEM/ODM一站式服务。        研发生产类目主要提供:1、一体化挤出硫化成型、精密模压硫化成型和超洁净液态硅胶注射成型的硅胶制品生产订制业务；2、精密医用导管挤出和后加工订制服务；3、精密注塑制品和医用吸塑包装生产服务；4、高端医用纺织品和医用编织品订制业务；5、各种精密橡胶挤出、模压，塑胶注塑、挤出、吸塑成型模具及五金卡具的研发订制。     公司拥有8000㎡车间按照GMP认证所需条件建设，其中2000㎡按照最新的十万级无尘车间标准建造。 公司橡胶车间现有十套精密模压橡胶生产设备，两套硅胶挤出硫化生产线和一套液态硅胶注射设备；塑料车间有多套专业挤出、注塑、吸塑设备；编织车间有几十套专用编织设备；精加工车间；组装车间，配置完善的后期加工设备和精良齐全的检测设备。生产上从要材料混合到工艺成型、验收包装都严格按照ISO9001和ISO13485生产标准操作执行。结合自身技术优势，为客户实现更有竞争力的产品与服务,,https://exhibitors.informamarkets-info.com/event/2026Medtec/en-US/exhibitor/467007/bazhou-kangzhen-medical-technology-co---ltd-,
微科嘉合（海南）医疗电子有限公司,"Weikejia He (Hainan) Medical Electronics Co., Ltd.",N1-F605,N1,CHINA,cat-03,"微科嘉合（海南）医疗电子有限公司是一家面向全球的内窥镜系统OEM/ODM解决方案提供商。公司深耕医疗科技行业。为医疗器械行业客户提供产品,解决方案及相关服务，努力与客户携手推动手术室和诊疗室的数字化和智能化转型。并可根据临床以及客户需求提供产品代研。微科宗旨是：急客户所需。供客户所求。想客户所想。赢客户所信。愿与客户并肩精进，成为外科医生第一选择",,https://exhibitors.informamarkets-info.com/event/2026Medtec/en-US/exhibitor/467008/weikejia-he-(hainan)-medical-electronics-co---ltd-,
环球特科（苏州）电源科技有限公司,"GlobTek, Inc.",N1-F710,N1,USA,cat-08-1,GlobTek成立于1984年，是开关电源，充电器，电缆，电源线和电池的世界级制造商。 总部位于美国，我们在北美，欧洲和中国经营自己的制造，销售，服务和技术运营。 我们服务于代表各自行业顶级层次的全球多元化客户群：医疗，IT，工业等。 我们的产品通过了包括UL，ETL，Semko，TUV和CCC在内的大多数全球认可的监管及安全机构的认证。 GlobTek通过运营自己的世界级垂直整合制造业务，并投资致力于真正的全球质量，技术和客户支持基础设施，来履行其追求卓越的承诺。,https://www.globtek.cn,https://exhibitors.informamarkets-info.com/event/2026Medtec/en-US/exhibitor/467009/globtek--inc-,
深圳市清祺电子有限公司,SHENZHEN SENKIN ELECTRONIC CO.LTD.,N1-H701,N1,CHINA,cat-08-3,深圳市清祺电子有限公司成立于2009年，已通过ISO9001、ISO13485、IATF16949体系认证。公司主要产品有：OVM6946内镜模组、OVM9734内镜模组、SV9197内镜模组、4K荧光3D内镜手柄线、各型号内镜模组手柄延长线束、内镜模组转接线束、超声刀手柄线束(硅胶线)、氩气高频电刀手柄线(硅胶线)、超声骨刀手柄线束(硅胶线)、气腹机加热管(硅胶管)、负压吸引管等。,https://www.senkincable.com,https://exhibitors.informamarkets-info.com/event/2026Medtec/en-US/exhibitor/467011/shenzhen-senkin-electronic-co-ltd-,https://image.imconlinereg.com/mm-mtc/2026-07-30/65EF1CDAD23F22E24861BA0B17AA1944.pdf
深圳市单色科技有限公司,"Shenzhen Monochrome Technology Co., Ltd.,",N1-B506,N1,CHINA,cat-10,深圳市单色科技有限公司总部位于深圳市光明区，公司致力于飞秒激光微加工技术研究及应用，包括设备研发、生产、销售及测试、加工业务。为生物医疗、半导体微电子、航空航天等行业内诸多难加工材料提供全方位的极端(极高精度、极小尺寸、极大数量、极快效率)加工解决方案，已得到广泛应用和认可。,http://www.szmono.cn/,https://exhibitors.informamarkets-info.com/event/2026Medtec/en-US/exhibitor/467012/shenzhen-monochrome-technology-co---ltd--,
深圳市骏鼎达新材料股份有限公司,"Shenzhen Jdd Tech New Material Co., Ltd",N2-B701,N2,CHINA,cat-05,深圳骏鼎达拥有多家分子公司，其中全资子公司江门骏鼎达专注于精密医疗导管，设计，研发以及二次加工和组装，提供医疗导管OEM/CDMO服务，并已通过了ISO13485质量体系认证。目前该子公司建有医疗GMP标准万级车间面积1510平方米。,http://www.jddtech.com.cn,https://exhibitors.informamarkets-info.com/event/2026Medtec/en-US/exhibitor/467013/shenzhen-jdd-tech-new-material-co---ltd,https://image.imconlinereg.com/mm-mtc/2026-01-06/B3F43AB0EA8C105279FFE5D58638B550.pdf
江阴佩尔科技有限公司,"Jiangyin Peiertech Technology Co.,Ltd",N1-B502,N1,CHINA,cat-02,佩尔科技拥有镍钛方面的专有技术和团队，提供医用镍钛丝、镍钛管、镍钛部件和合同制造服务（合同制造包括各类金属支架、高精度导管等激光切割、激光焊接、镍钛定型、抛光处理和医疗器械精密组装服务）,http://www.peiertech.com/,https://exhibitors.informamarkets-info.com/event/2026Medtec/en-US/exhibitor/467014/jiangyin-peiertech-technology-co--ltd,https://image.imconlinereg.com/mm-mtc/2026-07-23/2E810AF2808A53FC73F0641039185629.pdf;https://image.imconlinereg.com/mm-mtc/2026-07-23/BCE64100732EC98B62887544D6B9A774.pdf
深圳市必利超音波自动化机械有限公司,"Blsonic Ultrasonic Automation Machinery Co., Ltd",N3-D001,N3,CHINA,cat-14,深圳市必利超音波自动化机械有限公司成立于2008年，是一家专业研发设计、生产销售为 一体的超音波工业设备技术合作企业。源于多年来对超音波技术的沉淀和不断创新，公司已成 为一站式超音波工业应用技术方案服务供应商。产品种类涉及塑胶熔接系列，金属熔接系列， 切割&密封系列和筛分系列及定制的超音波应用技术方案。产品和技术广泛应用于汽车、家电、 医卫、包装、纺织、电子、消费品、食品等行业领域。坚持:工匠精神，精益求精；秉持：精心 设计，严格制造，品质方针，产品质量和服务态度均获得客户广泛认可及支持。,https://www.blsonic.com,https://exhibitors.informamarkets-info.com/event/2026Medtec/en-US/exhibitor/467015/blsonic-ultrasonic-automation-machinery-co---ltd,
昆山汇美塑胶模具工业有限公司,"Dongguan wellmei mold mfg.co.,ltd",N3-A303,N3,CHINA,cat-09,东莞汇美模具制造股份有限公司成立于1988年，是一家集产品开发、生产、OEM服务于一体的高新技术企业，产品主要涉及医疗、瓶盖、薄壁包装、健康护理等领域。 公司秉承“匠心塑造，让您的体验更美好”的使命，不断开拓创新，打造了医疗类模具开发、精密注塑、自动化检测和组装以及无菌包装一体化技术平台，致力于为客户提供更高质量的整体解决方案。,https://www.wellmeimold.com,https://exhibitors.informamarkets-info.com/event/2026Medtec/en-US/exhibitor/467016/dongguan-wellmei-mold-mfg-co--ltd,https://image.imconlinereg.com/mm-mtc/2025-06-18/56689EEF66C2FBD9BEFC31B77B926A13.pdf
帝斯曼-芬美意生物医学,dsm-firmenich Biomedical,N2-B206,N2,USA,cat-14,帝斯曼-芬美意(dsm-firmenich)是全球领先的营养、健康和美丽领域的创新者，由荷兰皇家帝斯曼（DSM）和瑞士芬美意（Firmenich）于2023年5月合并而成，拥有超过150年的科学发现与创新传承。作为帝斯曼-芬美意大家庭的一员，Biomedical部门在生物材料及其应用领域具有深厚的积淀。从“灵感”到“落地”，我们的生物医学专家团队与全球合作伙伴携手，为全球患者开创突破性创新成果，提升健康水平。,,https://exhibitors.informamarkets-info.com/event/2026Medtec/en-US/exhibitor/467017/dsm-firmenich-biomedical,
深圳市迈德克精密塑胶制品有限公司,"MEDIC PRECISE PLASTICS (SHENZHEN) CO., LTD",N2-C801,N2,CHINA,cat-05,"深圳市迈德克精密塑胶制品有限公司创立于2012年，是一家国内高科技精密医疗导管制造厂商，集研发、制造、销售为一体。公司拥有一批十多年特种导管研发及生产为一体的团队成员，以专业的精尖技术赢得国内外同行业的高度好评。目前公司拥有GMP标准万级及十万级净化车间，占地面积1200平方米，拥有多台先进特种精密导管生产线设备及特种导管深度后加工生产设备，可针对不同的产品要求进行特定加工生产。公司秉承“以质量求生存，以质量求发展，以质量求效益”，构造以“质量、环境、安全”为一体化的管理体系，为客户提供精与尖的产品服务，提升医疗导管产品的民族品牌新形象！公司主要从事精密特种导管挤出成型，导管深度后加工处理特性、改性处理，精密导管部件、接头加工及产品OEM组装等。主要产品有：血管介入导管、鞘管、可撕裂导管、扩张管、扩张条、压力延长管、毛细管、多层复合管、异型特种导管、多腔特种导管、精密显影导管、变径管等。可根据客户指定要求加工定制，公司主要产品尺寸范围：OD0.3MM-25MM,ID0.05MM,内外径公差可做到正负0.03MM-0.1MM，主要材质：PVC、PU、PP、PE、EVA、PEBAX、P",http://www.medicsz.com,https://exhibitors.informamarkets-info.com/event/2026Medtec/en-US/exhibitor/467018/medic-precise-plastics-(shenzhen)-co---ltd,https://image.imconlinereg.com/mm-mtc/2025-06-16/C32BC6911370EE1CFB78C46842DBAFB3.pdf
深圳北诚自动化设备有限公司,"Shenzhen Beicheng automation equipment Co., Ltd",N3-D001,N3,CHINA,cat-11,作为医疗器械的自动化生产定制化设备制造商，北诚拥有经验丰富、技术过硬的团队以及完善的售后服务系统。在一次性医疗耗材自动化（医用袋体焊接/导管类组装/针类组装等）行业内拥有良好的口碑和信誉。北诚设计的自动化设备广泛应用于各大工厂，高精确度及高稳定性全面提升了生产效率和产品品质，给用户带来丰厚的经济效益，赢得了高度评价。我们期待为您提供优良的设备、科学的自动化生产线以及优质的售后服务！,https://www.szbeicheng.com,https://exhibitors.informamarkets-info.com/event/2026Medtec/en-US/exhibitor/467019/shenzhen-beicheng-automation-equipment-co---ltd,https://image.imconlinereg.com/mm-mtc/2026-07-27/DA059C14C2C6AF2E67D740A570623750.pdf;https://image.imconlinereg.com/mm-mtc/2026-07-27/96B4AB2BB16356C1B0DB8D0CB1EF9B54.pdf
昆山北斗精密仪器有限公司,"KunShan beidou Instrument CO.,LTD.",N3-B301,N3,CHINA,cat-17,昆山北斗精密仪器有限公司，是一家集研发、生产、销售为一体的实验室精密仪器解决方案商。专注于：表界面张力的研究测试业务板块：表界面张力仪器（接触角测量仪、表面能测量仪、表面张力测量仪）在北斗仪器， 我们满怀热情，将技术专长和科学知识结合在一起，始终坚持“技术引领发展、服务创造价值、质量谋求生存”的经营宗旨，坚持不懈地将最新技术融入新一代的产品中，确保北斗仪器和您都紧跟科学发展的步伐！,http://www.ksbdyq.com/,https://exhibitors.informamarkets-info.com/event/2026Medtec/en-US/exhibitor/467020/kunshan-beidou-instrument-co--ltd-,https://image.imconlinereg.com/mm-mtc/2025-08-05/08DCB5A7BD026D8249D1B2C9E8C1F734.pdf
上海欧格斯特气体技术中心,"August (Shanghai) Fluid Control Co., Ltd.",N1-F807,N1,CHINA,cat-08-6,欧格斯特（上海）流体控制有限公司总部位于上海，旗下拥有自主品牌 AUG-UHV，专注为半导体、新能源、科研及工业制造领域提供高端真空设备与过程控制仪表。两大核心业务：一、真空设备（自主品牌）干式涡旋真空泵（VPSL系列）、涡轮分子泵（TF/TCF系列）、真空阀门，与国内顶尖制造企业战略合作，产品达国际先进水平。二、过程控制仪表（进口代理）授权代理 SIEMENS、PRIMOFLO、LINK、SUTO、SIERRA、TOFCO 等国际品牌，提供流量计、电磁阀、传感器等全系列产品。我们具备高纯气体过程控制系统完整方案设计能力，可为客户提供从气源接入、纯化、流量控制到真空获得的全流程解决方案。,https://无,https://exhibitors.informamarkets-info.com/event/2026Medtec/en-US/exhibitor/467021/august-(shanghai)-fluid-control-co---ltd-,https://image.imconlinereg.com/mm-mtc/2026-03-20/8BA21AAC3F2016A86C0B7093E21E65F1.pdf
深圳市海康达科技有限公司,"SHENZHEN HAIKANGDA TECHNOLOGY CO., LTD",N2-B801,N2,CHINA,cat-05,深圳市海康达科技有限公司是一家专业从事介入医疗耗材医用导丝研发、生产和销售企业，产品适合麻醉、心外、急诊、泌尿、消化、神经、肿瘤、肛胆、等微创介入领域。 可向国内外生产医用器械厂商提供匹配不同类别和各种型号规格医用导丝，并可按客户特殊要求定制研发实验和批量生产。 公司拥有万级洁净车间和ISO13485质量管理体系，拥有国内外先进导丝生产设备和检测设备，以确保产品稳定性和安全性，在弹簧绕制成型、芯丝磨削、焊接可提供OEM生产服务。 我们公司一直致力于质量至上、精益求精、合作共赢的宗旨，并愿为国内外医疗器械厂商提供安全稳定产品和最优质的服务。,https://www.hkangda.com,https://exhibitors.informamarkets-info.com/event/2026Medtec/en-US/exhibitor/467022/shenzhen-haikangda-technology-co---ltd,
深圳麦普奇医疗科技有限公司,"Shenzhen MicroApproach Medical Technology Co., Ltd.",N2-D205,N2,CHINA,cat-15,"深圳麦普奇医疗科技有限公司成立于2015年,专注微创介入手术耗材的研发、生产与销售,在中国拥有三个生产基地,在日本设有研发中心,实现血管介入、非血管介入双平台战略布局,已荣获TUV ISO13485医疗器械国际质量体系认证，荣获知识产权证书累计100多件，产品销售覆盖全球30+国家和地区。作为专注于微创介入手术耗材的国家级专精特新“小巨人”企业，麦普奇医疗已构建覆盖导丝、导管、鞘组、配件四大产品线全流程研发与产业化体系，实现从原材料加工、核心工艺开发到临床定制化服务的全链条自主可控，致力于为血管及非血管介入领域提供精准、安全、高效的解决方案。",http://www.microapproachmed.com/,https://exhibitors.informamarkets-info.com/event/2026Medtec/en-US/exhibitor/467023/shenzhen-microapproach-medical-technology-co---ltd-,https://image.imconlinereg.com/mm-mtc/2025-04-24/2FBCDD3915D066037B9BE014D6B47A49.pdf
苏州真懿医疗有限公司,"SUZHOU JENITEK MEDICAL CO. ,LTD.",N3-F608,N3,CHINA,cat-15,苏州真懿医疗是专业从事医疗器械及组件、零部件的设计、开发、验证和制造，是医疗器械合同制造市场的领导者。拥有ISO 13485认证，秉持安全有效的原则设计和制造医疗器械。先进的产品检验和测试实验室，质量管理团队拥有ASQ 6西格玛黑带或绿带认证，提供PPAP、SPC、V&V、IQ/OQ/PQ等。,https://www.jenitekmedical.com,https://exhibitors.informamarkets-info.com/event/2026Medtec/en-US/exhibitor/467024/suzhou-jenitek-medical-co---ltd-,
Specialty Coating Systems,Specialty Coating Systems,N3-C601,N3,USA,cat-14,SCS通过设在世界各地的21个涂敷中心，为制造商提供聚对二甲苯、液体涂层、等离子，原子层沉积和多层敷形涂层涂敷服务和技术。超薄无针孔聚对二甲苯敷形镀膜生物相容且生物稳定，具有可控厚度最低 500 埃，微封装，干膜润滑，防化学品、防潮和电绝缘等特性。50 多年来，SCS敷形涂敷保护了无数医疗器械和元器件，包括支架、心血管辅助设备、电外科工具、导管、弹性橡胶密封、医疗电子元件、制药容器以及人工耳蜗和眼睛植入等。,https://www.scscoatings.cn/zh/,https://exhibitors.informamarkets-info.com/event/2026Medtec/en-US/exhibitor/467025/specialty-coating-systems,
浙江伏尔特医疗器械股份有限公司,ZJFERT MEDICAL,N2-C507,N2,CHINA,cat-15,浙江伏尔特医疗器械股份有限公司，成立于2003年12月，注册资本8888万元，占地面积2.33万平方米，建筑面积4.06万平方米，是一家专业研发、生产及销售一次性使用麻醉疼痛治疗、精密输注系列等无菌医疗器械产品的国家高新技术企业、国家级专精特新“小巨人”企业。,https://www.zjfert.com/,https://exhibitors.informamarkets-info.com/event/2026Medtec/en-US/exhibitor/467026/zjfert-medical,
苏州科笛飞生物科技有限公司,"Suzhou Cardiofix Biotech Co., Ltd.",N2-G207,N2,CHINA,cat-03,科笛飞是一家全球领先的动物源性生物材料供应商，核心产品包括固定心包膜片、脱细胞基质、胶原蛋白、医用动物组织等，广泛应用于植入介入医疗器械领域。作为一家值得信赖的生物材料供应商，公司严格遵循全球医疗器械法规与标准，牛源动物组织取材于BSE风险可忽略的国家和地区，产品严格按照ISO 13485:2016 & ISO 22442:2020相关要求生产，拥有EDQM认证，支持客户的全球法规注册。,,https://exhibitors.informamarkets-info.com/event/2026Medtec/en-US/exhibitor/467027/suzhou-cardiofix-biotech-co---ltd-,
杭州新元素医疗科技有限公司,"Hang Zhou New Element Medical Technology CO.,LTD",N1-G802,N1,CHINA,cat-15,杭州新元素医疗科技有限公司成立于2019年7月3号，坐落于杭州市桐庐县，中国微创外科器械集群中心;我司是一家专业为医疗器械公司提供高精密零部件，兼具生产、研发和组装能力的医疗器械一体化解决方案的平台;以镜下手术器械为主，(关节镜，腹腔镜，泌尿科，耳鼻喉，手术机器人等器械)为全球医疗器械公司提供 OEM 代加工服务。公司拥有五轴 CNC30 台，走心机5台，真空热处理机2台，拥有基恩士 2.5 次元，硬度计等先进检验设备，公司通过 13485 管理体系认证。我们以“服务客户为核心诚信经营专注于产品的质量和生产”为理念，一步一个脚印发展成为国内同类企业中经营范围较广、在行业内颇具知名度的企业。,,https://exhibitors.informamarkets-info.com/event/2026Medtec/en-US/exhibitor/467028/hang-zhou-new-element-medical-technology-co--ltd,
深圳市英菲尼奥科技有限公司,"Shenzhen Sinowares Technology ., Ltd",N1-A806,N1,CHINA,cat-02,SINOWARES在中国创立，历程22年，一直专注微创手术器械结构配套方案与实现，完全实现自主微创手术器械结构实现的技术突破，得到广大业界认可。 SINOWARES在微创穿刺结构领域、取样活检结构领域、动力结构领域、超声结构领域、、等离子结构领域、、腹腔结构领域、、内窥结构领域、球囊结构领域、锥体成形结构领域、微创植入微部件领域等进行各类结构方案与定制，解决了许多微创结构实现的各类技术屏障，持续突破微创实现工艺复杂性及材料开发瓶颈限制，团队整合新材料新工艺新技术，进行跨界开发协作，得到了业界致高的认同。,https://www.sinowares.cn,https://exhibitors.informamarkets-info.com/event/2026Medtec/en-US/exhibitor/467029/shenzhen-sinowares-technology----ltd,https://image.imconlinereg.com/mm-mtc/2025-05-07/5568A8A60C3F63499D12B97DBC8222EF.pdf
汕尾市栢林电子封装材料有限公司,Bolin Materials Co.Ltd,N1-G710,N1,CHINA,cat-02,栢林电子成立于2012年 ，是国内深度研发和专业制造金属及合金材料的科技公司，主营产品：内窥镜焊料、植入类用纯金焊料、铂铱导丝、铂铱显影环、手术机器人驱动组件、超声刀组件、陶瓷馈通器等。同时，可以提供图纸加工服务、微型焊接服务等。公司拥有自建厂房1万多平米 ，配备材料组织分析 ，材料焊接实验等专业实验中心；并与多家科研院所 长期进行产学研合作， 目前员工230余人，其中技术研发团队50余人。包括：材料专家5人，工程团队20人，机加团队20人，实验室科研人员10人。,https://www.bio-baike.com,https://exhibitors.informamarkets-info.com/event/2026Medtec/en-US/exhibitor/467030/bolin-materials-co-ltd,https://image.imconlinereg.com/mm-mtc/2026-01-14/4FE5290BEF460820FC5B430A1B825E47.pdf
杜邦（中国）研发管理有限公司,"DuPont (China) Research & Development and Management Co, Ltd.",N4-B202,N4,USA,cat-01,杜邦医疗健康为众多先进医疗健康应用提供了强大科学支撑的性能材料，同时充分利用了材料科学解决方案和技术专长的坚实基础，致力于推进可持续的医疗健康解决方案。杜邦™ Liveo™ 是全球公认的有机硅技术领导品牌，传承自道康宁，拥有超过70年的有机硅配方和材料科学知识，以及超过50年的医疗健康相关有机硅生产经验，在医疗器械、生物制药工艺和制药解决方案方面拥有广泛的创新成果。杜邦公司的高性能材料有助于营造更安全的医疗环境，保障全球患者和医疗健康从业者的健康。杜邦公司助力实现更智能的医疗健康服务，追求更积极的治疗结果。,https://www.dupont.cn,https://exhibitors.informamarkets-info.com/event/2026Medtec/en-US/exhibitor/467031/dupont-(china)-research---development-and-management-co--ltd-,
华厦企业服务（上海）有限公司,"Shanghai Huaxia Investment Management Co.,Ltd",N4-A503,N4,CHINA,cat-16,华厦企业服务（上海）有限公司，隶属于上海华厦投资管理股份有限公司，品牌成立于2009年。专注在工商、财税、人事、知识产权等领域，为企业提供一站式企业服务和降本增效解决方案。目前在上海核心CBD区域共设2个分部，加拿大1个分部，国内外员工近100人，是行业内头部企业之一。上海华厦创始团队自1998年起，从事企业服务行业，2000年签订了第一份经济园区招商协议，是上海第一批规模化开展园区招商引资的企业。上海华厦工会于2014年6月发起了“华厦正能量”爱心衣物捐赠活动，每年坚持向上海援建城市西藏日喀则的学校捐赠爱心衣物、书籍等，至今已开展11年，累计发起捐赠爱心物资47批。,http://www.hxgf.org,https://exhibitors.informamarkets-info.com/event/2026Medtec/en-US/exhibitor/467032/shanghai-huaxia-investment-management-co--ltd,
叶艾圣斯精密科技(苏州)有限公司,"YASS Precision Technology (SuZhou) CO., LTD",N3-B306,N3,CHINA,cat-09,"叶艾圣斯精密科技(苏州)有限公司(YASS)坐落于苏州工业园区，公司一直致力于成为医疗产品一站式工程与制造服务商，提供医疗产品的研发、模具、注塑、组装、注册服务，为客户提供高品质、高效益、高寿命的模具及产品。   公司拥有标准洁净注塑车间(万级、10万级），标准洁净组装车间（10万级）,标准洁净印刷车间（10万级），标准洁净供料车间（10万级），标准洁净超声波清洗（10万级），生物实验室;   公司通过了ISO13485、ISO9001、ISO14001、QS等管理体系，拥有一支经验丰富的高素质技术及管理团队，给客户提供高质量的服务。",https://www.yass-sz.com,https://exhibitors.informamarkets-info.com/event/2026Medtec/en-US/exhibitor/467033/yass-precision-technology-(suzhou)-co---ltd,
长沙聚众冶金科技有限公司,"Changsha Juzhong Metallurgy Technology Co., Ltd.",N3-G607,N3,CHINA,cat-02,长沙聚众冶金科技有限公司成立于2007年5月，是集金属粉末注射成形设计开发、生产制造、销售服务于一体的专业化高科技生产型企业。以微创手术用内窥镜活检钳、齿科正畸零部件为主，各类异形件如手机、耳机、眼镜、枪械等其他行业零部件、汽车涡轮增压叶片为辅。本司可自主生产研发，也接受客户定制。本司主打产品有：颊面管、托槽、自锁托槽、活检钳、异物钳、连接片等。产品成本低，光洁度好，精确度高。强度、硬度、延伸率等力学性能高，耐疲劳，组织均匀。生产自动化程度高，可连续大批量生产。聚众人秉承“诚信、优质、效率”的企业准则，朝着健康、环保、实用的方向为客户提供质优价廉的产品和高效的服务解决方案。,https://www.jzmim.com,https://exhibitors.informamarkets-info.com/event/2026Medtec/en-US/exhibitor/467034/changsha-juzhong-metallurgy-technology-co---ltd-,https://image.imconlinereg.com/mm-mtc/2026-07-15/EA47BE07BCF99925BA1D5B461CDAEF55.pdf
深圳市凯德琪科技有限公司,"SHENZHEN KAIDEQI TECHNOLOGY CO., LTD.",N3-H509,N3,CHINA,cat-15,专注精密医疗五金配件制造，为客户提供植入、介入、手术机器人、内镜等精密零件的定制化生产服务。,,https://exhibitors.informamarkets-info.com/event/2026Medtec/en-US/exhibitor/467035/shenzhen-kaideqi-technology-co---ltd-,https://image.imconlinereg.com/mm-mtc/2025-08-05/BE1C23FAD46D60D27FCA7FEB712149F4.pdf
上海翊科聚合物科技有限公司,"Shanghai Eco Polymer Sci.&Tech. Co., Ltd.",N2-C408,N2,CHINA,cat-05,"上海翊科成立于2009年，在上海和浙江设有万级洁净车间和生产设备。我们在全球范围内提供先进的医疗导管和膜材料的研究、生产，为客户提供专业的解决方案。上海翊科是一家拥有33项专利的“高科技企业”，在医疗导管和膜材料领域处于领先地位。作为全球领先的医疗导管与膜材料专业技术方案提供商，分别获得蓝湾创投、元生创投、启明创投,国投创合等知名基金数千万A轮和过亿元B轮融资。",https://www.ecopolytec.com/,https://exhibitors.informamarkets-info.com/event/2026Medtec/en-US/exhibitor/467036/shanghai-eco-polymer-sci--tech--co---ltd-,https://image.imconlinereg.com/mm-mtc/2025-06-16/64746EDEDCBDBA7A22EE4E707C1D3B95.pdf;https://image.imconlinereg.com/mm-mtc/2026-04-14/A6F9313836904BBF890A8FBCD0CAB8F6.pdf
海更斯弹簧制造(宁波)有限公司,Hagens Group,N2-H707,N2,CHINA,cat-02,海更斯是根据客户规格提供高质量弹簧和组件的全球供应商。 随着人们对健康的日益关注，海更斯希望通过提供相关产品和更广泛的知识来支持这一发展。,https://www.hagens.com,https://exhibitors.informamarkets-info.com/event/2026Medtec/en-US/exhibitor/467037/hagens-group,https://image.imconlinereg.com/mm-mtc/2025-08-05/84CFD4EC760F6F55E1685335D56607FA.pdf
通快(中国)有限公司,"TRUMPF (中国) Co., Ltd.",N1-G102,N1,GERMANY,cat-10,"通快是一家高科技公司，为机床、激光技术和半导体行业提供制造解决方案。公司通过咨询、平台产品和软件推动制造业的数字化互联。通快是用于柔性钣金加工机床和工业激光器及电子电源领域的技术和市场领导者之一。在2025/26财年，通快拥有16,960名员工，销售额达43亿欧元(初步数据)。通快集团拥有约90家公司，业务遍及几乎所有欧洲国家以及北美、南美和亚洲。公司在德国、法国、英国、意大利、奥地利、瑞士、波兰、捷克共和国、美国、墨西哥和中国设有生产基地。",https://www.trumpf.cn,https://exhibitors.informamarkets-info.com/event/2026Medtec/en-US/exhibitor/467038/trumpf-(中国)-co---ltd-,
奥美凯聚合物（苏州）有限公司,"Americhem (Suzhou) Co., Ltd.",N2-A205,N2,USA,cat-01,奥美凯（Americhem）是全球领先的定制色母粒、功能添加剂、高性能材料和改性工程塑料制造商，拥有 80 多年聚合物创新经验。公司总部位于美国俄亥俄州，在北美、欧洲、中国和印度设有12个研发与生产基地，为全球客户提供支持。奥美凯医疗保健业务专注于医疗级改性工程塑料，适用于医疗设备和器械，涵盖色母粒、增强复合物、静电消散材料和阻燃技术，满足严格的行业标准和法规。我们以“性能卓越、解决方案、值得信赖”为承诺，利用先进聚合物科学和全球化生产网络，帮助客户降低风险并加快产品上市进程。,https://www.americhem.com,https://exhibitors.informamarkets-info.com/event/2026Medtec/en-US/exhibitor/467039/americhem-(suzhou)-co---ltd-,https://image.imconlinereg.com/mm-mtc/2026-07-21/2EC1C4F6DB14915F45C79FE9945CB430.pdf;https://image.imconlinereg.com/mm-mtc/2026-07-21/8692CA4264FC027169D569C84C6C4CDB.pdf
昆山彰盛奈米科技有限公司,KunShan ZhangSheng NaNo Tech Company,N2-B509,N2,CHINA,cat-14,彰盛奈米专门从事Parylene原材料、设备、应用等领域的技术开发、技术服务、生产加工，能根据客户的特殊要求不断改进，提高质量，降低成本，同时为客户提供完善的配套技术支持和服务，赢得了良好的声誉。 　　立足华东，面向全国，走向世界，彰盛奈米以发展中国Parylene产业为己任，以赶超国际先进水平为目标，力争早日成为中国第一，世界知名的Parylene技术和加工中心。,https://www.zsnm.com,https://exhibitors.informamarkets-info.com/event/2026Medtec/en-US/exhibitor/467040/kunshan-zhangsheng-nano-tech-company,https://image.imconlinereg.com/mm-mtc/2025-05-08/092A039FCB92283B148DE7357C3456DF.pdf
深圳市海特奈德光电科技有限公司,Shenzhen Height-LED Technology Company Limited,N3-B112,N3,CHINA,cat-04,"海特奈德成立于2011年，是一家从事UV光固化及自动化设备研发、制造、销售及服务为一体的高新科技企业。公司技术和研发实力雄厚，与多所知名大学及研究院合作，并被政府认定为“国家高新技术企业”和“专精特新企业”。 海特奈德便专注于UVLED光固化，点胶，自动化组装，深耕多个应用领域，包括3C、医疗、印刷、通信、半导体等行业，积累了丰富的紫外固化及相应配套应用专业技术经验，荣获大量产品专利证书，并通过ISO9001质量管理体系认证. 公司主要产品有：细胞工厂组装设备，胶囊内窥镜点胶固化一体机，集菌培养器组装设备，导尿管注胶固化一体机,神经介入导管组装固化一体机及点，线，面UV光源等等!","https://www,height-led.com",https://exhibitors.informamarkets-info.com/event/2026Medtec/en-US/exhibitor/467041/shenzhen-height-led-technology-company-limited,https://image.imconlinereg.com/mm-mtc/2025-07-04/1BEEA7F2AED987BBC5196A177A186AF5.pdf;https://image.imconlinereg.com/mm-mtc/2026-07-30/CC559BB4195330A935119F9A48370E3C.pdf
苏州拓迈医学技术有限公司,TOMIND,N2-B209,N2,CHINA,cat-15,苏州拓迈医学技术有限公司是一家专业为微创介入器械提供定制化导管解决方案的OEM工厂。核心团队拥有超过十五年的复合导管制造经验，整个公司专注于神经、冠脉、外周、消化、泌尿介入、结构性心脏病、电生理产品的研发制造，包括微导管、抽吸导管、支持导管、导引导管、血管鞘、可调弯鞘、输送系统、一次性内镜系统等，并研发出了满足客户对导管整体变径，超薄壁厚，超软硬度，万向调弯，多腔混编等特殊性能需求的导管产品。为了应对技术更新迭代，公司将不断储备创新工艺作为核心竞争力同时，秉承Realize的精神，帮助客户做到所想。,https://www.tomindmed.com,https://exhibitors.informamarkets-info.com/event/2026Medtec/en-US/exhibitor/467042/tomind,
深圳市泓禹科技有限公司,"Shenzhen Hongyu Science and Technology Co.,Ltd",N2-G507,N2,CHINA,cat-01,"深圳市泓禹科技有限公司是一家从事硅橡胶产品设计、开发、制造、销售为一体的生产型企业，专注于医疗、汽车硅橡胶行业。总部位于深圳市坪山区，工厂占地面积4000平方米，拥有800平方米十万级洁净车间及150平方米万级实验室。为了更好的服务客户于2022年8月在江西抚州成立分公司，江西公司厂房面积12000平方米，拥有2000平方米十万级洁净车间。公司拥有先进的固态硫化成型机、液态硫化成型机、硅胶转注成型机、挤出机、CCD全检机，全自动超声波清洗机及高温蒸汽灭菌等生产设备，拥有硫变仪、拉力机、恒湿恒温机、闪测仪等相关检测设备。通过了IATF:16949:2016,ISO 13485:2016认证。",http://www.szhongyukeji.com/,https://exhibitors.informamarkets-info.com/event/2026Medtec/en-US/exhibitor/467043/shenzhen-hongyu-science-and-technology-co--ltd,https://image.imconlinereg.com/mm-mtc/2026-01-07/7AA14F8CBC5B4EE4645574318AA7D1FA.pdf;https://image.imconlinereg.com/mm-mtc/2026-01-07/F1C54085739D9458EC959EAE20E31A3F.pdf
孚感光电科技(深圳)有限公司,"FOSPHOTON TECHNOLOGY(SHENZHEN) CO., LTD",N1-G505,N1,CHINA,cat-08-2,孚感光电科技（深圳）有限公司成立于国际创新之都深圳，是一家专注于光纤传感器研究、开发和销售的高科技公司，我们一直致力于为医疗及工业用户提供具有革命性先进技术的光纤传感产品。目前产品已广泛应用与医疗、电力、航天航空等领域。公司致力于医用光纤传感测试系统的集成开发，监测压力、温度、接触力等参数，为医疗行业提供综合解决方案。 公司具有以资深光电仪器专家为核心的创新研究团队，针对不同应用领域的不同用户所面临的复杂及多样化的技术需求，能快速提供完整的，具有针对性的解决方案，并为客户提供强大的技术支持和服务。 公司主营产品有： 医用光纤压力传感器，光纤温度传感器，温压同测传感器，力反馈传感器，FFR压力导丝，TAVR压力导丝，光纤信号解调模块。,,https://exhibitors.informamarkets-info.com/event/2026Medtec/en-US/exhibitor/467044/fosphoton-technology(shenzhen)-co---ltd,https://image.imconlinereg.com/mm-mtc/2026-07-03/188D49CA77CBD397268A0C31DC150081.pdf
惠州市登高达电业有限公司,"HUIZHOU CITY DENGGAODA ELECTROTECH CO.,LTD",N1-A305,N1,CHINA,cat-02,惠州市登高达电业有限公司于2006年成立，已有20年生产漆包线的经验，2020年成立医疗线材事业部。主要产品有：二芯、三芯、多芯平行线（用于FFR测量系统、压力微导管等领域）；PI漆包线（不同芯线导体：铜丝、合金丝、镍丝、铂铱丝、康铜丝、不锈钢丝）；发热丝、热电偶丝；PTFE涂层丝。,,https://exhibitors.informamarkets-info.com/event/2026Medtec/en-US/exhibitor/467045/huizhou-city-denggaoda-electrotech-co--ltd,
大连库利艾特医疗制品有限公司,"DALIAN CREATE MEDICAL PRODUCTS CO., LTD.",N2-G209,N2,CHINA,cat-15,大连库利艾特医疗制品有限公司成立于 2001 年 3 月8日，位于大连出口加工区，是日本 CREATE MEDIC 株式会社独资投资的生产企业。公司主要生产一次性医疗无菌导管、亲水性导丝，产品以出口为主。可承接OEM和ODM。,http://www.daliancreate.com/,https://exhibitors.informamarkets-info.com/event/2026Medtec/en-US/exhibitor/467046/dalian-create-medical-products-co---ltd-,https://image.imconlinereg.com/mm-mtc/2025-04-24/F166C80B64F3BCCBF3E47A1860269CB6.pdf
浙江嘉康电子股份有限公司,ZHEJIANG JIAKANG ELECTRONICS CO.LTD.,N1-G306,N1,CHINA,cat-08-2,浙江嘉康电子股份有限公司（原嘉兴市电子陶瓷厂）创建于1986年4月，2000年3月整体改制设立股份有限公司。公司系国家级高新技术企业，工业和信息化部专精特新“小巨人”企业，中国出口商品优秀企业、中国电子行业知名品牌、浙江省名牌产品、浙江省著名商标、浙江省电子信息产业百家重点企业，多次评为浙江省电子信息50家成长性特色企业。公司以新型电子元器件制造为主业，主要从事电子陶瓷材料和元器件的研究与生产，专业生产压电传感/换能元器件、微波介质陶瓷元器件、压电陶瓷频率元件等，产品广泛应用于医疗、智能检测、超声仪表、移动通信、卫星导航定、网络通信、射频识别、智能电器、智能家居、计算机电脑周边等领域。,http ://www.jkelec.com,https://exhibitors.informamarkets-info.com/event/2026Medtec/en-US/exhibitor/467047/zhejiang-jiakang-electronics-co-ltd-,https://image.imconlinereg.com/mm-mtc/2025-05-15/52469E54D0759F124176DB7583E19151.pdf
长沙福沃德医疗科技有限公司,Changsha Forworld Medical Co.，Ltd,N3-H304,N3,CHINA,cat-15,长沙福沃德医疗科技有限公司位于湖南省长沙市长沙科技新城园区。公司专注于为国内外内窥镜企业提供优质的代工服务，协助注册取证服务，零部件及加工服务。公司拥有1500m2的10万级洁净化车间，3500m2的电线、零部件生产及加工车间。我们拥有多年医疗领域从业经验的技术专家和管理团队。拥有完善的质量管理体系和流程，确保产品在大批量生产时质量的稳定和可靠。    作为一家专业的医疗器械代工企业，福沃德一直秉持诚信为本、服务至上的经营理念，深受国内外客户的信赖和支持。公司将继续致力于开发更优质、更稳定的零部件产品，为客户提供更专业、更细致的代工服务，为人类医疗事业的健康发展作出贡献。,,https://exhibitors.informamarkets-info.com/event/2026Medtec/en-US/exhibitor/467048/changsha-forworld-medical-co-，ltd,https://image.imconlinereg.com/mm-mtc/2025-08-05/BCF6A578870DD958090F6BF1DECE036E.pdf
江苏常美医疗器械有限公司,"Jiangsu Changmei Medtech Co., Ltd.",N3-D408,N3,CHINA,cat-15,江苏常美医疗器械有限公司，作为微创介入领域的先行者，专注于高端医疗器械及核心生产设备的全产业链布局。我们不仅是深耕医用球囊扩张导管市场的领军者，更拥有从原创设计、尖端研发到智能制造的硬核实力。常美医疗现拥有现代化标准厂房 52000㎡，GMP 标准万级洁净车间 4000㎡，十万级洁净车间 2500㎡及 250㎡的万级生物实验室，设立了阳性对照、微生物限度、无菌检验各功能检验室。我们的产品涵盖了球囊开发，骨科，消化类，呼吸类，介入类，儿科，氟材料，导管，设备等。未来，常美医疗将继续精益求精，持续优化质量管理体系，以至臻的标准铸就行业丰碑，与世界共享健康未来。,https://www.czmed.com,https://exhibitors.informamarkets-info.com/event/2026Medtec/en-US/exhibitor/467049/jiangsu-changmei-medtech-co---ltd-,https://image.imconlinereg.com/mm-mtc/2026-07-16/090FEB885270E85EA7BC8B95E59EF8D4.pdf;https://image.imconlinereg.com/mm-mtc/2026-07-16/DC75EFF57A2F48C8D0C10F73A8FF2EFB.pdf
威夏电子科技（杭州）有限公司,"Shanghai Weixia Environmental Protection Technology Co., Ltd.",N2-H606,N2,CHINA,cat-17,威夏科技专注医疗器械检测仪器领域，集研发、生产、销售与技术服务于一体的高新技术企业。主营：6%鲁尔圆锥接头多功能测试仪、注射针测试仪、注射器测试仪等十大系列上百款仪器的研制和开发工作，技术力量雄厚、制造经验丰富，可为用户提供非标定制服务。,https://www.weixia-sh.com,https://exhibitors.informamarkets-info.com/event/2026Medtec/en-US/exhibitor/467050/shanghai-weixia-environmental-protection-technology-co---ltd-,https://image.imconlinereg.com/mm-mtc/2026-01-13/6AB49EF81DBA10A5A2D7FC9DAB5323A4.pdf
江阴市华青机械有限公司,"Jiangyin Huaqing Machinery Co.,Ltd.",N4-A209,N4,CHINA,cat-02,江阴市华青机械有限公司是环氧乙烷灭菌设备的专业制造商。科技创新、质量稳定、顾客满意是我们的质量方针。百分百的产品交验合格率、售后服务满意率是我们的质量目标。我公司制造的HMG系列环氧乙烷灭菌柜，具有停电保护不泄露装置、磁力驱动风机灭菌室强制循环装置、不锈钢链条自动进出料装置，能完成整个灭菌过程的一柜三用功能等领先行业的技术优势，使我们的出口订单、国内市场占有率逐年提高。除了配套的HQY系列预处理柜、预处理房，HQJ系列解析柜、解析房之外，我们还以给用户提供参数、设计或提供设备的方式，和用户互动，因地制宜规划预处理和解析空间、灭菌车间排风、余热利用节能装置、废气废水处理系统等。欢迎国内外客户莅临,https://www.hqmachinery.net,https://exhibitors.informamarkets-info.com/event/2026Medtec/en-US/exhibitor/467051/jiangyin-huaqing-machinery-co--ltd-,https://image.imconlinereg.com/mm-mtc/2026-05-20/80B725F27E92A33E9C4FAB165AC46639.pdf;https://image.imconlinereg.com/mm-mtc/2026-05-20/2FD7916D8F05E2A0989EB0E1C70E1335.pdf
昆明智成铂锐精密合金有限公司,"Kunming Zhicheng Boren Precision Alloy Co., Ltd.",N1-C503,N1,CHINA,cat-02,昆明智成铂锐精密合金有限公司，成立于2022年8月，占地4600余平方米，注册资金3000万元，是一家以贵金属微细合金材料加工为主的新兴企业。   公司主要业务范围：贵金属精密合金材料、高性能有色金属及合金材料、电子元器件、电子专用材料制造与销售等。在医疗器械领域，我司可提供Au、Pt、PtIr、PtW、PtNi等丝材、管材、棒材、显影环、头电极等产品。    公司自成立以来，秉承“质量第一、客户至上”的经营理念，全面继承昆明铂锐金属材料有限公司微细合金材料领域（包含但不仅限于设备、技术、市场）；专注于发展微细合金材料领域的研究开发生产与销售，提升产品质量和服务水平，为客户提供更好的产品。,http://allpgm.com,https://exhibitors.informamarkets-info.com/event/2026Medtec/en-US/exhibitor/467052/kunming-zhicheng-boren-precision-alloy-co---ltd-,https://image.imconlinereg.com/mm-mtc/2025-05-23/22E76D5EE5CDFC0DE91F8F1734BE2AF4.pdf
苏州五匠模具有限公司,"Suzhou Wujiang Mould Co., Ltd",N1-H505,N1,CHINA,cat-09,苏州五匠模具有限公司成立于2016年，工厂面积3000平，现拥有夏米尔、发那科加工中心，牧野放电设备，10万级注塑车间。公司专注医疗器械塑胶零部件研发生产，向客户提供模具和注塑相关的综合技术解决方案。,https://www.szclmj.com,https://exhibitors.informamarkets-info.com/event/2026Medtec/en-US/exhibitor/467053/suzhou-wujiang-mould-co---ltd,
深圳市澳威包装制品有限公司,"Shenzhen Ourway Packaging Co.,Ltd.",N2-C407,N2,CHINA,cat-13,"深圳市澳威包装制品有限公司是一家专业生产吸塑包装的民营企业，公司成立于2004年，2006年设立香港事务所，2010年设立苏州市金澳威包装制品有限公司,2020年设立四会市澳威包装材料有限公司。公司拥有多台德国进口全自动压空成形设备（ILLIG、KIEFEL）与CNC加工中心，取得一万级洁净车间第三方认证证书，ISO13485认证证书等。从图纸设计，模具制作，材料挤出，生产加工一站式制作完成。适应客户快节奏，高效率，低成本的要求，特制加大型真空成形生产设备，更能满足大型吸塑产品及医疗器械生产厂商的需求（可生产长2.5mX 宽1.6m的吸塑产品）。22年专注吸塑生产，让我们更有经验、更加专业！",http://www.ourwaytray.com,https://exhibitors.informamarkets-info.com/event/2026Medtec/en-US/exhibitor/467054/shenzhen-ourway-packaging-co--ltd-,https://image.imconlinereg.com/mm-mtc/2026-01-05/29FD2979A57622C14F8E7994AB403498.pdf;https://image.imconlinereg.com/mm-mtc/2026-01-05/E8538F5EC2A5A48AA9B4BCC2E95ECDF2.pdf
苏州联畅电子科技有限公司,Drutek,N1-F708,N1,CHINA,cat-15,"苏州联畅电子科技有限公司定位中小批量、多品种、高质量要求的客户群体，立志为工控、医疗、通讯、汽车电子行业的客户提供高品质，低成本、可靠灵活的综合广泛服务。核心人员平均行业经验12年以上。我们深谙市场，关注产品的全生命周期，我们更了解小批量、多品种这类型客户的需求。总公司位于中国江苏省苏州市工业园区，厂房面积4500多平方米，现有3条高标准SMT线体，1条波峰焊线体，2条组装线，1个老化组装车间，1条三防涂敷线体，多台点胶设备，实验室具有X-Ray检测，可焊性实验，首件检测，BGA返修台，3D打印，推拉力检测，高倍显像检查,金相切片检查，红墨水实验等。",http://www.drutek.cn/,https://exhibitors.informamarkets-info.com/event/2026Medtec/en-US/exhibitor/467055/drutek,https://image.imconlinereg.com/mm-mtc/2026-03-02/23D709BA6F6396332BDD5E130647179C.pdf;https://image.imconlinereg.com/mm-mtc/2026-03-02/060736AAC196B9F12EBD6DEB9FDA9661.pdf
太仓戴尔塔精密科技有限公司,"Taicang DELTA Precision Technology Co.,Ltd.",N3-G505,N3,CHINA,cat-15,戴尔塔专注高精密.微零件定制，十万级洁净注塑+万级洁净组装，医疗器械合同制造CMO。主要工序为数控车铣复合加工，微孔加工、高精密研磨、激光焊接、激光切割、线切割、电解抛光、钝化、精密注塑、洁净微注塑等工序为客户提供高精密零件整体制造方案。 戴尔塔通过ISO13485质量体系认证。 戴尔塔的优势：愿意协助医疗器械行业战略客户从研发阶段开发新产品到产品测试、临床、注册评审、以及铺货阶段提供医疗器械合同制造CMO制造方案，高精密复杂零件制造能力强。 产品种类：精密微零件、微针、心血管零件、眼耳鼻喉手术器械、血管缝合器、穿刺类器械、疝气修补手术器械等以金属、洁净注塑为主的精密医疗器械代加工。,http://www.deltatools.cn,https://exhibitors.informamarkets-info.com/event/2026Medtec/en-US/exhibitor/467056/taicang-delta-precision-technology-co--ltd-,https://image.imconlinereg.com/mm-mtc/2025-08-12/73EA1FFF833D41B1D79648EBAB91EA49.pdf
湃生科技（常州）有限公司,"Paisheng Technology (ChangZhou) CO.,Ltd .",N1-G212,N1,CHINA,cat-15,湃生科技（常州）有限公司，是英诺激光科技股份有限公司的子公司，位于常州西太湖科技产业园。  湃生科技专注于为客户提供各类医疗器械产品的精细微加工服务，包括激光切割、激光钻孔、激光焊接、激光消蚀、热定型、表面处理、无心磨削、机械加工等制造服务。我们通过自主开发核心微加工装备以及不断提高工艺研发能力，搭建了仿真分析平台、工艺数据库、性能检测平台等，满足各类金属或高分子材料制成的各类医疗器械产品的需求，覆盖神经、外周、心血管、电生理、结构性心脏病、肿瘤介入等产品领域。,https://www.paithon.cn,https://exhibitors.informamarkets-info.com/event/2026Medtec/en-US/exhibitor/467057/paisheng-technology-(changzhou)-co--ltd--,
深圳昌盛医疗技术有限公司,"Shenzhen Shenovate Medtech Co.,LTD.",N3-D402,N3,CHINA,cat-05,公司位于深圳坪山，拥有万级净化车间2000㎡。昌盛医疗主营医用内窥镜阀门（封水帽、灌流器、阻水阀）、心血管介入及脑神经器械的配件；医疗器械产品模具设计开发制作、精密医用导管挤出及导管加工。为客户提供从产品设计、研发打样、到批量生产的OEM一站式服务。优势：配件种类齐全，为研发工程师提供更多更优的选择。,https://shop411434p3105p7.1688.com/,https://exhibitors.informamarkets-info.com/event/2026Medtec/en-US/exhibitor/467058/shenzhen-shenovate-medtech-co--ltd-,
江苏爱芮斯医疗科技有限责任公司,"Elite Medtek(Jiangsu)Co.,Ltd",N3-F709,N3,CHINA,cat-15,"江苏爱芮斯医疗科技有限责任公司专注于无菌医疗耗材ODM和OEM加工服务。 · 公司一期建筑面积为1500平方米。拥有700平方米万级洁净车间，35平方米微生物实验室以及65平方米理化实验室，并具备了留样室等各功能区；· 巨翊并购后,2024年03月完成新增生产、实验室, 仓库, 办公场地8000平米。· 公司配备医疗注塑装配平台、医用导管加工平台、医用硅胶平台和特殊金属加工平台，为客户提供各类医疗器械设计、模具加工、注塑装配和以医用导管为载体的后加工装配等一体化解决方案。",https://www.elitemedtek.com,https://exhibitors.informamarkets-info.com/event/2026Medtec/en-US/exhibitor/467059/elite-medtek(jiangsu)co--ltd,
东莞市米德特塑新材料科技有限公司,Mead Plastic New Marterial Technology CO.LTD,N3-B107,N3,CHINA,cat-05,东莞市米德特塑新材料有限公司是一家生产精密导管、高温导管的创新型企业，主要业务有医疗行业精密导管的挤出、半导体行业高温超纯导管的研发和生产，可根据客户需求开发定制。公司拥有2000多平米的十万级洁净车间（局部千级）和十多条国际领先的挤出生产设备，核心团队拥有二十多年的导管研究制造经验和先进的管理理念，并通过了IS013485、ISO9001认证及欧盟CE认证。米德的竞争优势在于可根据客户的需求快速响应，设备先进、种类齐全、工艺严谨、经验丰富；按需定制，协助研发；生产高效、交付快速；尽我所能助力客户赢得市场先机。米德期待与海内外用户的精诚合作、携手并进、共创美好未来！,https://www.meadtube.com,https://exhibitors.informamarkets-info.com/event/2026Medtec/en-US/exhibitor/467060/mead-plastic-new-marterial-technology-co-ltd,https://image.imconlinereg.com/mm-mtc/2025-06-16/F94E13E25E9AAEBAA370DDC1FD4A7867.pdf;https://image.imconlinereg.com/mm-mtc/2026-01-22/A8F37501593A89EF3336BA1316830807.pdf
厦门麦丰密封件有限公司,"Xiamen Maifeng Seal Products Co., Ltd.",N2-C505,N2,CHINA,cat-01,"厦门麦丰密封件有限公司专注于橡胶密封制品的研发与生产，拥有专业的研发团队和先进的生产设备，致力于提供定制化密封解决方案。公司创建于1995年，总部位于福建省厦门市同安工业园区，同时在福建漳平、华安、越南西宁省设立生产基地，保障各种紧急情况下全球市场供应。公司不断创新并进军不同密封应用领域，1500+ 种材料配方和30000+ 套模具满足各个行业需求。在医疗领域，麦丰为医疗器械、检测设备、药包材等提供密封解决方案。公司材料配方通过美国FDA、美国药典USP VI，以及ISO 10993生物相容性检测，确保本公司产品和客户产品能安全进入国际市场。麦丰拥有10万级无尘车间，独立的医疗制品生产线，通过ISO13485医疗器械质量管理、ISO9001质量管理、ISO14001环境管理、ISO45001职业健康安全管理、IATF16949国际汽车工业质量管理等管理体系认证及CNAS试验室认可证，利用智能化系统进行生产管理和条码物流管理, 确保交期、品质成本得到有效控制。",https://www.xmmfc.com,https://exhibitors.informamarkets-info.com/event/2026Medtec/en-US/exhibitor/467061/xiamen-maifeng-seal-products-co---ltd-,
精奇(天津)科技股份有限公司,"JingQi(Tianjin) Technology Co., Ltd",N1-G507,N1,CHINA,cat-08-1,精奇（天津）科技股份有限公司是一家专业的工业自动化解决方案提供商，致力于为全球智能制造提供专业的工业以太网通信及连接系统解决方案。精奇科技主要业务领域涵盖：现场总线模块、工业连接器、工业传感器等。依托自主研发的多维度专利体系，从外形、结构、性能等角度构建出高质量产品。已广泛应用于汽车、新能源、轨道交通、半导体设备、工程机械、医疗器械等战略产业，为助力工业4.0、智能制造、提供创新产品和解决方案。,https://www.marvtech.cn,https://exhibitors.informamarkets-info.com/event/2026Medtec/en-US/exhibitor/467062/jingqi(tianjin)-technology-co---ltd,
常州医必诺医疗设备有限公司,"Changzhou Yibinuo Medical Equipment Co., Ltd.",N3-A802,N3,CHINA,cat-14,【医必诺】主营业务 医疗设备设计生产和组装，同时可生产机器人设备及3C设备外壳。 我们的宗旨是：你给我一个理念 我还给你个产品。 我们的服务是：尽可能的减少客户库存，24小时随叫随到，专车专人负责。 我们的目标是：打造常州地区一流的医疗设备生产厂家,https://jsybn.com/sy,https://exhibitors.informamarkets-info.com/event/2026Medtec/en-US/exhibitor/467063/changzhou-yibinuo-medical-equipment-co---ltd-,https://image.imconlinereg.com/mm-mtc/2025-08-11/54416003801E41A856E0FB4BD5265A53.pdf
上海辐新辐照技术有限公司,Sterigenics Shanghai E-BEAM Ltd.,N4-C309,N4,USA,cat-13,施洁国际专门针对国内外医疗器械制造厂商提供对应的医疗器械灭菌服务，施洁国际在世界各地有共有四十八个工厂，并分布在十三个国家中，而大多工厂位于北美及欧洲..等地。全球有超过 1600 名工程师、科学家、安全专家。施洁国际致力于满足世界各国和地区日益增长的灭菌需求，与客户合作消除对人类健康的威胁。并在伽马射线、环氧乙烷(EO)、电子束(E-BEAM) 和 X 射线灭菌方面有 90 多年的专业知识积累。  施洁医疗技术(上海)有限公司及上海辐新辐照技术有限公司为施洁国际在中国投资的环氧乙烷灭菌工厂以及电子束辐照灭菌工厂。这两个工厂提供不同的灭菌技术，服务于国内外各医疗器械制造厂商。,https://www.soterahealth.com,https://exhibitors.informamarkets-info.com/event/2026Medtec/en-US/exhibitor/467064/sterigenics-shanghai-e-beam-ltd-,https://image.imconlinereg.com/mm-mtc/2025-07-08/AD69BF9D9798E8BEBB9CDA143A5CE9B0.pdf
华一精密机械(深圳)有限公司,"HUAYI PRECISION MACHINERY (SHENZHEN) CO., LTD",N1-H104,N1,CHINA,cat-02,华一精密机械（深圳）有限公司是一家台商独资企业，拥有多台进口高精密生产设备，可制造定制和设计各种高精密五金弹簧、冲压及平衡杆产品。已通过ISO13485:2016医疗器械质量管理体系等相关认证。,http://www.huaone.com/,https://exhibitors.informamarkets-info.com/event/2026Medtec/en-US/exhibitor/467065/huayi-precision-machinery-(shenzhen)-co---ltd,https://image.imconlinereg.com/mm-mtc/2025-06-05/F34AD079DAF3891818DD066B1E5461BF.pdf
广东同亚科技股份有限公司,"GUANGDONG TOYA TECHNOLOGY CO., LTD",N1-G308,N1,CHINA,cat-02,广东同亚科技股份有限公司，深耕高端精密导体领域16年，公司总部位于广东东莞，在江西、泰国、东莞麻涌、嘉兴、新加坡布局5大生产与运营基地，拥有40000+平方米，现代化生产厂房及2000+台先进生产设备，注册资本10000万。我们专注于0.008~1.8mm全规格高端精密导体的研发与制造，核心产品涵盖超细铜/铜合金导体、高速AI导体、医疗钢丝、铜箔丝等系列，可提供单丝/多芯绞线、镀银、镀锡合金线、裸铜、漆包线、钢丝/钨丝绳等多元化定制解决方案。凭借领先的技术与稳定的产品品质，我们的产品广泛应用于医疗器械、消费电子、工业机器人、精密仪器、新能源、汽车电子等高端制造领域，服务全球众多行业头部客户。,https://www.dgtoya.com,https://exhibitors.informamarkets-info.com/event/2026Medtec/en-US/exhibitor/467066/guangdong-toya-technology-co---ltd,https://image.imconlinereg.com/mm-mtc/2026-07-03/B08C2635886E53574E9C92677409FD91.pdf
德尼培医疗精密包装（苏州）有限公司,"TekniPlex Healthcare & Specialty Packaging (Suzhou) Co., Ltd.",N2-A112,N2,CHINA,cat-05,"德尼培成立于1967年，总部位于美国PA州韦恩市，全球拥有约9,000名员工及57家生产基地，年销售额约20亿美元。凭借近60年的材料科学经验，德尼培为医疗、包装及其他受监管行业提供创新材料和制造解决方案。德尼培中国成立于2005年，并于2017年投资2,500万美元在江苏苏州建设22,300平方米现代化制造基地，服务众多跨国医疗器械企业及中国创新型医疗器械公司。依托集团全球领先的材料研发、配方设计和制造能力，公司提供医用粒子、精密医用管路、喷雾管、二次加工及医疗包装解决方案。公司通过ISO9001和ISO13485体系认证，并配备万级和十万级洁净室，为客户提供高质量、可靠的解决方案。",https://www.tekniplex.cn,https://exhibitors.informamarkets-info.com/event/2026Medtec/en-US/exhibitor/467067/tekniplex-healthcare---specialty-packaging-(suzhou)-co---ltd-,
北京融源科技有限公司,"Beijing Rongyuan Technology Co., Ltd.",N1-G601,N1,CHINA,cat-08-1,等离子电源，射频电源，医疗级电源，工业级电源，通讯电源，高压模块，UPS 电源，仪器仪表，电子元器件，线缆，连接器，气动元器件，电机，驱动器，控制器，整体电源系统解决方案。,https://www.rypower.com,https://exhibitors.informamarkets-info.com/event/2026Medtec/en-US/exhibitor/467068/beijing-rongyuan-technology-co---ltd-,
苏州英忆新材料公司,"Intsma Advanced Materials Co., Ltd",N1-C403,N1,CHINA,cat-02,苏州英忆新材料有限公司，专注高品质镍钛形状记忆合金研发与产业化，以卓越品质为核心、客户满意为宗旨，矢志成为全球领先供应商。公司坐拥 3000 余平米生产研发基地，配备全套先进生产检测设备，构建完善质量管理体系。核心团队深耕镍钛合金领域十余年，精通熔炼、丝材生产、口腔正畸丝制造及零部件成型全链条工艺，可量产镍钛二元及镍钛铜、铬、钒、铌等多元合金，支持根据客户需求成分定制。自主研发的丝材工艺，可提供导丝、正畸丝、根管锉、温控弹簧、电子产品等多领域所需各状态丝材。其中，镍钛方丝为优势产品，凭借独特工艺实现高加工变形量、优异弹性，兼具小 R 角与光亮表面。口腔正畸丝作为明星产品，性能媲美国际高端品牌：弓形一致性强、性能波动小，镜面光滑表面配合小 R 角设计，有效降低摩擦、提升转矩表达；涵盖全品类弓形、材质及状态，支持 OEM 服务，为客户提供全方位解决方案。,https://www.intsma.cn,https://exhibitors.informamarkets-info.com/event/2026Medtec/en-US/exhibitor/467069/intsma-advanced-materials-co---ltd,
杭州康伊九医疗科技有限公司,"Hangzhou Kangyijiu Medical Technology Co.,Ltd",N4-C402,N4,CHINA,cat-02,杭州康伊九医疗科技公司是一家集开发、设计、生产、销售、服务于一体的专业医疗器械消毒盒生产厂家。主营产品：不锈钢网篮系列、铝合金盒系列、不锈钢盒系列、PPSU器械盒、硅树脂器械盒、高分子塑料盒系列、灭菌盒系列、不锈钢器皿系列、钉盒系列、非标定制盒系列、配件系列，等产品。凭借高质量的产品和优质的服务，获得了境内外客户的认可，产品销往国内和国外地区。 我们拥有高素质的研发、制造、管理团队，并建立了一整套完整的管理控制程序，始终把质量品质放在重要位置，使得产品在原料购进，设计生产，销售服务整个过程都受到严格规范的控制与管理。,https://www.kyjcontainer.com,https://exhibitors.informamarkets-info.com/event/2026Medtec/en-US/exhibitor/467070/hangzhou-kangyijiu-medical-technology-co--ltd,https://image.imconlinereg.com/mm-mtc/2025-08-06/2DD637D23C2118B8B8B25839C38D056A.pdf
贵研生物材料（上海）有限公司,SPM Biomaterial Solutions,N1-D502,N1,CHINA,cat-02,贵研生物材料（上海）有限公司隶属始于1928年的云南省贵金属集团，是集高端医疗用生物相容金属材料自主研发和产业化制造为一体的高技术企业，致力为全球领先的高端医疗器械制造商提供优质材料、技术和服务。公司主营产品包括医用显影/标记环、EP电极、精密丝带材、馈通等心脑血管植介入、电生理、有源医疗器械用金属材料和核心零部件，提供从成分选择、原型设计、性能调控到大批量制造的生物医用材料全流程解决方案，研发制造实力处于国内领先、全球先进水平。通过严格执行ISO9001、ISO13485质量管理体系，实现对产品研发、制造的全流程可追溯化管理，满足三类医疗器械开发要求。随着人口老龄化加剧和先进医疗技术创新发展，全球高端医疗器械产业正在加速迭代升级，对关键材料和核心零部件的需求不断增长。公司依托“贵金属功能材料全国重点实验室”“国家贵金属材料工程技术研究中心”等创新平台和在稀贵金属精深加工领域的核心综合优势，全力推动高端医疗用生物相容金属材料技术创新。未来，我们致力于成为全球生物医用贵金属、新材料技术和服务的领导者，为人类健康生活和可持续发展服务。,http://www.sino-precious.com/,https://exhibitors.informamarkets-info.com/event/2026Medtec/en-US/exhibitor/467071/spm-biomaterial-solutions,https://image.imconlinereg.com/mm-mtc/2025-08-05/3D38799F7697069D89945843726FC5CD.pdf
苏州守诚电子有限公司,Suzhou Socen Electronics Co.Ltd,N3-H406,N3,CHINA,cat-01,苏州守诚电子有限公司是一家集技术、开发、制造、销售为一体的橡塑制品配件制程解决方案供应商。 目前公司拥有员工30多人，厂房1500平方米，10万级无尘车间600平方米，可定制各种规格硅胶产品。 公司拥有混合机、液态硅胶注塑机（包括塑料注塑机）、液压成型机、挤出机等产品生产和技术开发设备。  已获得ISO9001、13485认证。,https://www.sz-scdz.com,https://exhibitors.informamarkets-info.com/event/2026Medtec/en-US/exhibitor/467072/suzhou-socen-electronics-co-ltd,
武藏（上海）电子科技有限公司,MUSASHI ENGINEERING SHANGHAI LIMITED,N1-G401,N1,CHINA,cat-04,武藏MUSASHI是日系领先的点胶设备制造商，广泛应用于半导体、显示器、手机、通信、汽车、医疗生物等各个领域，实现高精度、高品质、微量、定量、高速点胶。武藏MUSASHI是一家全球化企业，作为点胶设备综合制造商，拥有业界最丰富的点胶机产品线，可根据客户的点胶课题提供最合适的点胶方案，对应各式各样的液体材料。例如，作为点胶系统核心的点胶阀、控制器：维护成本低的气动式、生产效率高的JET式、点胶精度高的容积计量式、对应高粘度胶水的螺杆式等。另外，还有用于精密点胶的台式机械臂、全自动点胶装置，喷嘴、针筒、压力罐等配件，为客户提供了众多选项。,https://www.musashi-engineering.co.jp,https://exhibitors.informamarkets-info.com/event/2026Medtec/en-US/exhibitor/467073/musashi-engineering-shanghai-limited,
常州赋星智能装备有限公司,"Changzhou Fuxing Intelligent Equipment Co. , Ltd.",N3-H404,N3,CHINA,cat-11,常州赋星智能装备有限公司，由一批从事非标行业多年的高级专家团队所成立的一家智能技术企业。经过多年非标经验总结，在医疗、3C、家电、军工等行业中的锁附，搬运，装配，以及机器人应用等积累了全面的智能化解决方案,,https://exhibitors.informamarkets-info.com/event/2026Medtec/en-US/exhibitor/467074/changzhou-fuxing-intelligent-equipment-co----ltd-,
无锡市联合恒洲化工有限公司,Trump Group,N2-B107,N2,CHINA,cat-01,"恒洲集团于1975年成立于台湾，为美国世索科 Syensqo,原索尔维（Solvay）高性能工程塑料在中国区的指定代理商，双方合作近三十年来，共同开发医疗、汽车、电子、家电、卫浴、LED等行业。现已发展为年营业额超4亿美金，专业雇员达300人的大型贸易公司。如今在无锡、东莞和台北都设有塑胶部门。",https://www.trumpchemicals.com.cn,https://exhibitors.informamarkets-info.com/event/2026Medtec/en-US/exhibitor/467075/trump-group,https://image.imconlinereg.com/mm-mtc/2025-08-05/F1AD78FE1D68B8521E6A5254758210DC.pdf
三铃制线（东莞）有限公司,Misuzu Seisen(Dongguan)Ltd.,N1-D108,N1,CHINA,cat-02,三铃制线自1955年创立，至今走过70年。医疗事业部主要产品：微创植入类，介入类和显影类导管用不锈钢、镍钛合金和钨丝（圆丝、扁丝）、钢丝绳和不锈钢异形丝(三角形、C形、D形、方形、椭圆形等)，现已和国内260多家知名医疗器械客户合作。 公司通过了ISO9001、ISO13485、IATF16949、ISO14000等体系认证。,https://www.misuzuholding.com,https://exhibitors.informamarkets-info.com/event/2026Medtec/en-US/exhibitor/467076/misuzu-seisen(dongguan)ltd-,https://image.imconlinereg.com/mm-mtc/2025-08-20/F9B90AF1B2248A96980526AEEE8B4670.pdf
上海岭之崎精密工具技术有限公司,"SHANGHAI LZQ PRECISION TOOL CO., LTD",N1-B105,N1,CHINA,cat-02,岭之崎在超高耐腐蚀防锈性能、超锋利刃，超长的锋利度保持时间，高使用寿命高耐磨性能、及高同心度、高刚性强度、高抗冲击、高抗断裂韧性…精密加工超硬不锈钢刃具等积累了近30年生产经验，工序环节微处理至至臻品质;采用六轴联动CNC和强力高速复合磨削中心及米克朗五轴、沙迪克数控加工中心、西铁城车铣复合等等近100多台CNC机床……秉承先进综合的生产体系，具备各种精密技术生产加工能力，专业替代一流工业品，特殊、非标，异型、超细、超长精密组合成型新产品的中大批量，超高性价比的研发，生产加工,https://www.lzqtools.com,https://exhibitors.informamarkets-info.com/event/2026Medtec/en-US/exhibitor/467077/shanghai-lzq-precision-tool-co---ltd,https://image.imconlinereg.com/mm-mtc/2026-04-28/BF5F10A1D416DB0CC909D33679BCA085.pdf;https://image.imconlinereg.com/mm-mtc/2026-04-28/C941EC4EF44C365E8561A9D6BA6DBE07.pdf
奥智品光学仪器（上海）有限公司,"OGP (Shanghai) Co., Ltd.",N4-D202,N4,CHINA,cat-17,QVI-OGP是全球领先，设计生产非接触式及多元传感、高精度测量仪器的公司。产品被广泛应用于医疗器械、汽车制造、电气、半导体制造、注塑业、金属冲压等领域，给全球的制造商提供了全自动的测量方案。OGP SmartScope®可测量各种材质、颜色、透明或半透明医疗器械、假体等的几何尺寸和形位公差，如人工全髋关节球窝接头，胫骨、全膝关节和踝关节植入体、骨钉、心脏支架等，测量精度达到微米级。成立于2003年的奥智品光学仪器（上海）有限公司，是QVI在中国投资的全资子公司，志在更好的服务于中国市场，为客户提供更专业的销售、维修和培训服务。,https://www.smartscope.com.cn,https://exhibitors.informamarkets-info.com/event/2026Medtec/en-US/exhibitor/467078/ogp-(shanghai)-co---ltd-,https://image.imconlinereg.com/mm-mtc/2026-07-27/C65076344A6BC6105B9D974F93B685B2.pdf;https://image.imconlinereg.com/mm-mtc/2026-07-27/5855558FDD940D2F41C9573371E9B4F6.pdf
苏州宝丽摩赛思高性能材料有限公司,"Polymer Science, Inc.",N2-B308,N2,CHINA,cat-04,美国POLYMER SCIENCE INC公司成立于1998年，自1998年以来，我们一直致力于为全球医疗行业和电子行业提供功能性医用辅料和可穿戴粘胶材料以满足不断更新的产品设计需求。我们的优势包括多样化高质量的产品，强大的研发团队和快速反应能力。苏州子公司宝丽摩赛思高性能材料有限公司成立于2012年，我们立足苏州为亚洲客户提供更快的技术支持和更贴心的产品服务。我们专业的研发团队和先进的生产线将为您提供更高品质和更理想的产品。,https://www.polymerscience.com,https://exhibitors.informamarkets-info.com/event/2026Medtec/en-US/exhibitor/467079/polymer-science--inc-,
上海必趣医疗科技有限公司,"BQ PLUS MEDICAL CO.,LTD",N2-F206,N2,CHINA,cat-06,必趣医疗是一家专注于输液治疗产品的制造商。  为了满足不同需求，必趣提供定制了包含输液、输血、肿瘤科和肠内营养的成套产品，全部由公司内部进行组件成型、组装和环氧乙烷灭菌。,https://www.bq-md.com,https://exhibitors.informamarkets-info.com/event/2026Medtec/en-US/exhibitor/467080/bq-plus-medical-co--ltd,https://image.imconlinereg.com/mm-mtc/2025-08-01/1BBCB689F3D6B227856964956CE3F7D5.pdf
苏州迈普医疗注塑有限公司,"Viant Medical SUZHOU EPZ Co., Ltd",N3-A608,N3,USA,cat-09,Viant Medical 是总部位于美国的全球性医疗器械合同制造供应商。2004年6月，其旗下子公司苏州迈普工厂落地苏州，深耕医疗领域近二十载。公司提供模具制造、洁净室精密注塑、产品后道加工、组装、包装、灭菌，验证等一站式服务，覆盖从研发到交付全流程。严格遵循国际标准，凭借丰富经验，与众多跨国企业长期合作，致力于为医疗器械行业提供高效、优质的整体解决方案。,https://www.viantmedical.com,https://exhibitors.informamarkets-info.com/event/2026Medtec/en-US/exhibitor/467082/viant-medical-suzhou-epz-co---ltd,
西安斯塔克材料科技有限公司,"Xian Stark Material Technology Co.,Ltd.",N1-C706,N1,CHINA,cat-02,西安斯塔克材料科技有限公司深耕特种金属新材料领域，核心聚焦高端镍钛形状记忆合金、钛及钛合金原材料与精密制品的研发、制造和市场销售。公司建立标准化质量管理体系，顺利通过ISO9001通用质量管理体系与ISO13485医疗器械专用质量管理体系认证。公司配备独立专业检测实验室，以完备的精密检测能力保障产品批次稳定性与使用可靠性，构建起从前期材料配方研发、中试打样，到批量生产、出厂质检的全链条品质管控体系，为海内外客户提供全周期、一体化的新材料解决方案。,http://www.xianstark.com/,https://exhibitors.informamarkets-info.com/event/2026Medtec/en-US/exhibitor/467083/xian-stark-material-technology-co--ltd-,
深圳巿博林医疗科技有限公司,"Shenzhen Bolin Medical Technology Co., LTD",N3-A302,N3,CHINA,cat-09,深圳市博林医疗科技有限公司是一家集开发、设计、制造的智能制造科技公司。公司深耕三类心脑血管介入领域十年，致力于球囊导管产线设备与模具解决方案，同时具备高端植入介入微型零件和微流控芯片领域产品的开发和加工能力。坚持品质至上的初心，发扬不断进取、精益求精的工匠精神和完善的ISO管理体系，以“高品质和优质服务”的口碑赢得众多客户青睐。生产产品有：球囊模具、水夹套、分瓣/压握头、折叠机、锻打机、锻打模具、挤出模具及其它球囊导管生产线精密配件，高端植入介入微型零件加工、非标设备与工装夹具的设计与制造。,https://www.bolin-co.com/,https://exhibitors.informamarkets-info.com/event/2026Medtec/en-US/exhibitor/467084/shenzhen-bolin-medical-technology-co---ltd,https://image.imconlinereg.com/mm-mtc/2025-07-02/92A293A9CAE9801E4CCC2AB59FA09F8E.pdf
上海佳湖焊接设备有限公司,"SHANGHAI JIAHU WELDING EQUIPMENT CO., LTD",N4-C401,N4,CHINA,cat-09,"上海佳湖焊接设备有限公司（原佳湖机械设备）创业于 2002 年，是一家集研发生产，销售为一体的设备制造企业。佳湖公司主要生产医用吸塑包装机（吸塑盒与盖材透析纸.铝箔等之间热封），高频机，高周波(PVC.EVA.TPU.复合材料，热合焊接，裁切，压花）等半自动化及自动化焊接设备。严格按照净化车间设备定制，符合 CE 安全标准，提供全套焊接工艺方案指导。通过 20 余年的发展,在模具设计加工和设备制造上，拥有丰富的经验,满足高要求产品！为客户提供一站式焊接解决方案，为您的生产提供可靠的保障！",https://www.jiahuhanjie.cn,https://exhibitors.informamarkets-info.com/event/2026Medtec/en-US/exhibitor/467085/shanghai-jiahu-welding-equipment-co---ltd,https://image.imconlinereg.com/mm-mtc/2025-04-29/97E4B5E9F8C20BC0718FA8BACA173A25.pdf
江苏明科精密橡塑科技有限公司,"Jiangsu Minco Precision Rubber &Plastic Technology Co., Ltd .",N2-B502,N2,CHINA,cat-01,公司成立于2011年，是一家专业为医疗、汽车与宇航业、数据存储和可移动存储和电子工业等领域，提供量身定制橡胶原配件开发与制造的公司。  公司在精密、复杂、微小、冲压等部件领域有自己独特的流程，能够将金属、塑料以及织物等材料和橡胶复合加工在一起，制作特殊的橡胶原配件。  我们本着不断寻求创新，不断超越的精神，从产品的设计到交付，我们都采用了先进的管理系统，保证产品的稳定性及追溯性，为客户提供满意的产品及超越客户要求的服务。   明科精密橡塑科技有限公司的远景是成为国内外橡塑产品配件的首选供应商。,https://www.mincorubber.com,https://exhibitors.informamarkets-info.com/event/2026Medtec/en-US/exhibitor/467086/jiangsu-minco-precision-rubber--plastic-technology-co---ltd--,
上海友赛电子科技有限公司,COMCO INC,N3-D605,N3,CHINA,cat-14,COMCO公司微研磨喷砂设备广泛应用于医疗器械制造过程中的表面处理，例如去针头毛刺，心脏起搏器表面清洁，齿科种植体表面纹理化，支架表面清洁，导丝表面去涂层等。我司同时代理美国CRD公司医疗软管，接头装配设备，为国内医疗器械制造商提供自动化解决方案和完善的售后服务。,https://www.shpcx.cn,https://exhibitors.informamarkets-info.com/event/2026Medtec/en-US/exhibitor/467087/comco-inc,
苏州市鼎泰精密机械有限公司,"SUZHOU DINGTAI PRECISION MACHINERY CO.,LTD.",N1-B305,N1,CHINA,cat-02,苏州市鼎泰精密机械有限公司成立于2002年10月。 专业生产五金弹片、汽车电子、精密冲压、低压电器端子等产品。苏州市鼎泰精密机械一直本着“品质求市场，管理求效益，品牌促发展”的企业宗旨，不断地为我们的客户提供满意的需求。热情、诚实、守信、双赢、回馈是我们与客户合作的基石。欢迎广大新老客户莅临我们公司考察指导，共创美好明天。,https://www.dtjx-sz.com,https://exhibitors.informamarkets-info.com/event/2026Medtec/en-US/exhibitor/467088/suzhou-dingtai-precision-machinery-co--ltd-,
东莞市瑞祥精密硅胶制品有限公司,"Dongguan Ruixiang Precision Silicone Products Co.,Ltd",N2-H504,N2,CHINA,cat-01,东莞市瑞祥精密硅胶制品有限公司成立于2012年，2018年获得ISO13485医疗器械质量管理体系，公司配备符合GMP生物制药要求的万级净化车间，可生产最小内0.14mm，最薄壁厚0.1mm、最小公差0.02mm的产品，产品精度高、品质稳定。 产品广泛应用于一类、二类、三类医疗器械，如针尖护套管、内窥镜光纤套管、各类引流管、牙椅手机管、镇痛泵、营养泵、空气波康复治疗仪、防褥疮床垫、心脏起搏器、血栓治疗仪、热灌注治疗仪、消融电极吸引管、生理盐水冲洗/吸引管、给药集便器硅胶管、泪道手术硅胶管、助听器硅胶管、血压计硅胶管、血液透析硅胶直管/弯管等等。  欢迎广大客户莅临考察、洽谈。,https://www.dgruixiang.com,https://exhibitors.informamarkets-info.com/event/2026Medtec/en-US/exhibitor/467089/dongguan-ruixiang-precision-silicone-products-co--ltd,
广州市银标贸易有限公司,"Guang Zhou City Silver Well trading Co.,ltd.",N2-C709,N2,CHINA,cat-04,广州市银标贸易有限公司是一家专业为高新技术企业：如医疗电子，半导体，FSR压力传感器，生物传感器，机器人电子皮肤，汽车电子，科研院所等先进制造企业提供一站式技术及材料供应解决方案。我公司是多家美国、英国、德国、日本、韩国知名品牌在华代理商，客户享受最优质的产品和技术服务。我司与原厂建立广泛的研发及技术合作，可为客户专案订制材料研发及售后服务。公司主营目前市场上最具竞争优势产品有：激光银浆，可拉伸银浆、低温银浆、PDS天线银浆，压电喷射银浆，3D打印银浆，导电碳浆、PTC自控温碳浆、FSR压力传感油墨，高透明导电油墨、Ag/AgCI氯化银浆、高温烧结银浆，纳米银浆，金浆，银靶浆，感光银浆， UV绝缘油，AB胶，导热胶，延时固化UV胶，医疗级胶粘剂，医用UV胶，X射线照影油墨等。,http://www.gzyinbiao.com,https://exhibitors.informamarkets-info.com/event/2026Medtec/en-US/exhibitor/467090/guang-zhou-city-silver-well-trading-co--ltd-,https://image.imconlinereg.com/mm-mtc/2025-04-29/6AEABD21A46D92B465CD321A25A37ED2.pdf;https://image.imconlinereg.com/mm-mtc/2026-07-29/1C1086D4B6A5E5C4447C17A1075CF044.pdf
常州康宝高分子科技有限公司,"Changzhou Healthcare Polymer Technologies Co.,ltd",N2-B608,N2,CHINA,cat-01,"常州康宝高分子科技有限公司位于江苏省常州市新北区，专注于医疗级聚氯乙烯颗粒及相关产品的研发和制造。并于2017年被国家认定为高新技术企业。    公司专业技术力量雄厚，设备精良，工艺先进，厂区面积近10,000平米，现代化的厂房和布局，完全符合ISO13485和ISO9001体系的要求。    公司奉行“以科技为桥梁，以诚信为纽带，力求完美品质”。康宝人坚信科技的应用可以为患者和医护提供安全舒适的产品和信息。对应客户的需求，提供高质量的解决方案，是我们一直遵循并实践的理论。",https://Http//www.czkangbao.com,https://exhibitors.informamarkets-info.com/event/2026Medtec/en-US/exhibitor/467091/changzhou-healthcare-polymer-technologies-co--ltd,
苏州久航电缆科技有限公司,"Suzhou Inspeed Cable Technology Co,Ltd",N1-H810,N1,CHINA,cat-08-1,"苏州久航电缆科技有限公司于2020年在苏州市相城区成立，是一家集研发、生产和销售为一体的线材生产厂家。主要生产医疗和通信用电线电缆，包括极细同轴线、超声波B超线、内窥镜线、手术刀线、机器人用线、除颤线、IVUS及ICE用线 、 USB2.0,3.1&4.0、复合多芯光纤高速传输线等；公司云集一批长期从事高频高速同轴、医疗电线制造的专业技术人员，建立了一套科学完整的质量管理流程，并通过ISO 9000质量管理体系及ISO 13485环境体系。所使用原材料均符合RoHS及卤素要求，其医疗线的所用PVC、TPU 、TPV 、Silicone等护套材料均符合ISO 10993 生物兼容性要求。",,https://exhibitors.informamarkets-info.com/event/2026Medtec/en-US/exhibitor/467092/suzhou-inspeed-cable-technology-co-ltd,https://image.imconlinereg.com/mm-mtc/2026-02-25/8B3E17B5618AE416A5B76E3C022BB74A.pdf;https://image.imconlinereg.com/mm-mtc/2026-02-25/04066F858B80D423C6E7BC81C256C3E0.pdf
速锐达塑业科技（苏州）有限公司,SP Medical A/S (Guide Wires),N1-H302,N1,DENMARK,cat-15,公司拥有逾30年的医用导丝开发和制造经验，并在PTFE涂层的半产品和医疗器械领域建立了较高的专业水平。SP Medical 除进行放射和泌尿学领域一次性产品（如微创手术导丝）的开发、制造和分销外，还可以提升其它公司的医疗器械的性能，这主要是通过应用涂层实现功能性的提升。PTFE涂层有多种颜色可供选择。公司可供应涂层探针、导线、线圈、打孔、导管、弹簧、海波管及相关产品。公司质量体系已通过ISO 13485认证。,https://www.sp-medical.dk,https://exhibitors.informamarkets-info.com/event/2026Medtec/en-US/exhibitor/467093/sp-medical-a-s-(guide-wires),https://image.imconlinereg.com/mm-mtc/2025-05-27/6CA9BFEFA005511B7C1294CBA1721B96.pdf
北京东方金荣超声电器有限公司,Siansonic Technology Ltd.,N3-B702,N3,CHINA,cat-14,北京东方金荣超声电器有限公司创立于1986年，是一家以研发、生产和销售基于压电与超声技术产品及服务的国家级高新技术企业。 公司旨在提供全方面的超声波整体解决方案。主要产品有超声波喷涂设备，聚焦超声换能器，微型压电陶瓷片，超声波混匀装置，超声波气泡传感器等。主要应用于药物支架球囊表面涂覆，生物传感器表面涂覆，体外诊断等医疗领域。 公司拥有国家专利近50项，先后通过了ISO9001:2008质量管理体系认证、ISO14001:2004环境管理体系认证、GB/T28001-2001职业健康安全管理体系认证。,https://www.siansonic.cn,https://exhibitors.informamarkets-info.com/event/2026Medtec/en-US/exhibitor/467094/siansonic-technology-ltd-,https://image.imconlinereg.com/mm-mtc/2025-06-11/59C08A85A32359458495B96C694C5BF2.pdf;https://image.imconlinereg.com/mm-mtc/2026-07-01/9C4FD131AA6045D0119DABBF37D8A0B7.pdf
上海煜兴医疗器械进出口有限公司,"SHANGHAI YUXING MEDICAL DEVICE IMPORT AND EXPORT CO.,LTD.",N2-C509,N2,CHINA,cat-01,首页 > 关于我们 > 上海煜兴医疗器械进出口有限公司主要经营提供医用医用鲁尔接头、医用阀类、医用三通联板、肝素帽、无针接头、止回阀、微流量调节器、输液器、延长管、吸引导管及各种配件等高分子医用耗材。公司所有产品的开发、生产、储存、档案等完全符合ISO13485:2016标准。煜兴医疗愿与各OEM配套工厂通力合作，不断地开发和生产更优质产品，提供更科学，更高效的医用技术。不断与设备生产商合作，努力寻求提高产品质量和生产效能的最佳途径，遵循“规模化，系列化”的发展思路，与时俱进，开拓创新，致力于建设现代化医用产品基地，为人类的健康事业做出更大贡献。,https://www.yuxing-china.com,https://exhibitors.informamarkets-info.com/event/2026Medtec/en-US/exhibitor/467095/shanghai-yuxing-medical-device-import-and-export-co--ltd-,https://image.imconlinereg.com/mm-mtc/2026-01-12/5C920E1D8DF9DAEB03BAE008191A30AD.pdf;https://image.imconlinereg.com/mm-mtc/2026-01-12/F6D293A2BAF547D67CB9C61CCD019233.pdf
杭州芬麦特机械有限公司,"FineMetal Machining Co., Ltd.",N3-F801,N3,CHINA,cat-15,"专业医疗器械加工OEM生产商,高精密机械零部件制造商  - 提供国际一流的精密机械加工服务 - 恪守客户第一、质量至上的原则 - 建立信誉卓著的服务口碑 - 坚持为个性化设计开发生产服务的方向",http://www.finemetal-cn.com,https://exhibitors.informamarkets-info.com/event/2026Medtec/en-US/exhibitor/467096/finemetal-machining-co---ltd-,https://image.imconlinereg.com/mm-mtc/2025-08-01/5930934F1149400E26B71F4E4C6709D1.pdf
武汉鑫遇和医疗科技有限公司,WUHAN XIN YU HE MEDICAL TECHNOLAGY CO.，LTD,N1-C802,N1,JAPAN,cat-02,"武汉鑫遇和医疗科技有限公司是一家服务于医疗耗材领域及钢针配件的高科技公司,代理日本金子公司（KANEKO)进口医疗器械配件产品,主要有: AVF内瘘针管(透析机用采血针管) 、留置针针管、活检针针管及各种花色针管等相关配件。     公司自2003年成立以来,本着尊崇“踏实、拼搏、责任”的企业精神,并以诚信、共赢、开创经营理念,服务于客户。在公司发展壮大的十多年里,经过全体员工的不懈努力,目前先后在上海、武汉均设有办事处,其提供的优质产品品质及优质的跟踪服务获得众多客户的认可与好评。",http://www.newyuda.com/,https://exhibitors.informamarkets-info.com/event/2026Medtec/en-US/exhibitor/467097/wuhan-xin-yu-he-medical-technolagy-co-，ltd,
大昌洋行（上海）有限公司,DKSH(Shanghai) Ltd.,N3-C701,N3,SWAZILAND,cat-14,大昌洋行（上海）有限公司（大昌华嘉）是一家著名的国际贸易集团，总部位于瑞士的苏黎世。公司自1900年以来便与中国进行友好贸易往来，业务范围涉及机器、仪器、消费品、纺织品、化工原料等诸多领域。     大昌华嘉科技事业部是领先的市场拓展服务提供商，提供广泛的投资产品和分析仪器的技术解决方案。大昌华嘉科技事业部的强势业务领域涵盖基础设施、工业原料和供应、精密机械和纺织机械、半导体、光伏和电子、农业、餐饮设备以及专业的工业应用。其服务组合包括产品采购、市场准入研究与咨询、市场营销、销售、应用工程以及售后服务，如安装、保养和维修。,https://www.dkshspe.com,https://exhibitors.informamarkets-info.com/event/2026Medtec/en-US/exhibitor/467098/dksh(shanghai)-ltd-,
瑞必达机械技术（上海）有限公司,Machine Solutions Inc.,N3-B209,N3,USA,cat-11,"Machine Solutions Inc.是美国的一家为医疗器械和生物制药行业提供先进设备和服务的主要供应商。我们旗下包括了MSI, Steeger USA, BW-TEC AG, Vante, PlasticWeld Systems, Crescent Design, Beahm Designs和SEBRA，提供广泛的产品，以支持客户的需求和行业的增长。MSI专门生产用于球囊导管和支架的设备，包括球囊折叠、球囊成型、支架压握、导管覆膜、激光焊接、心轴矫直、显影环锻压、心脏瓣膜压握和热焊接设备、医用编织设备，导管打孔，尖端成型、液压爆破测试、径向力测试、支架移除力测试仪、导管性能测试等设备。",http://machinesolutions.com,https://exhibitors.informamarkets-info.com/event/2026Medtec/en-US/exhibitor/467099/machine-solutions-inc-,https://image.imconlinereg.com/mm-mtc/2026-01-13/5D5C65D07DF777A6E26CFD28D51495F0.pdf
深圳市创达高鑫科技有限公司,Chuangdagaoxin,N1-H510,N1,CHINA,cat-02,深圳市创达高鑫科技有限公司位于中国鹏城·深圳，工厂面积1000㎡，主要产品为医疗弹簧、精密探针弹簧、pogopin顶针弹簧，月产能达到10000万PCS。 公司拥有精密弹簧业内一流的设计、研发团队，在2022年9月通过IS013485医疗器械质量管理体系，生产设备有日本进口精密电脑弹簧机、高精密电脑弹簧机、多股多层成型机等，能打造出符合客户需求的高精密弹簧产品。公司始终坚持“诚信守法、精益求精保护环境、关爱生命、追求卓越、持续改进”的质量方针，致力于与客户建立长期、双赢、稳定的合作关系。,https://www.cdgxsz.com,https://exhibitors.informamarkets-info.com/event/2026Medtec/en-US/exhibitor/467100/chuangdagaoxin,
Integer,Integer/Greatech,N2-D302,N2,USA,cat-15,"Integer is one of the largest medical device contract development and manufacturing organizations (CDMO) in the world, serving the cardiac rhythm management, neuromodulation, and cardio and vascular markets. The company provides innovative, high-quality technologies and manufacturing to medical device OEMs to enhance the lives of patients worldwide.",https://www.integer.net,https://exhibitors.informamarkets-info.com/event/2026Medtec/en-US/exhibitor/467101/integer-greatech,https://image.imconlinereg.com/mm-mtc/2025-05-19/144DA08B2B61BDD831158C51200BE81F.pdf
宁波益诺生智能制造有限公司,"Ningbo Enorsen Intelligent Manufacturing Co., Ltd",N4-D208,N4,CHINA,cat-17,宁波益诺生智能制造有限公司是一家专业从事医疗器械数字化生产服务、医疗器械捡漏方案供应商、生产过程数据采集提供商、血液净化制品制造系统解决方案服务商、医用耗材制造系统服务商、医疗技术咨询、技术培训等为一体的综合性科技公司。公司主营：体外循环血路自动化装配流水线、麻醉呼吸耗材自动化装配流水线、全自动医用耗材上胶机、多功能空气检漏仪、正负压流量检测仪、多功能拉力测试仪、医疗器械生产工艺验证服务。,http://www.enorsen.cn/,https://exhibitors.informamarkets-info.com/event/2026Medtec/en-US/exhibitor/467102/ningbo-enorsen-intelligent-manufacturing-co---ltd,https://image.imconlinereg.com/mm-mtc/2026-01-21/77B14ABD4D5F4262B1CEBBB9C615E524.pdf;https://image.imconlinereg.com/mm-mtc/2026-01-21/518498AA65DB157EEF3C399D79548F00.pdf
宁波欧莱克精密制管有限公司,"Ningbo OULAIKE Metal Capillary Technology Co.,Ltd",N2-G409,N2,CHINA,cat-02,公司成立于2012年，坐落于宁波高新区。公司在制管行业已经经营了近40年。公司通过ISO9000质量体系认证。创立至今，一直致力于高精度金属毛细管及其衍生产品的研发与制造，精度可达到“微米”级。产品特别专注于稀有金属、特种材料、超细毛细管、超薄壁毛细管，超高精度毛细管等领域。代表产品：显影环（医疗）、穿刺针（医疗）。公司有独立的研发团队，具备很强的研发能力，可完成对特殊专用机械的设计、改造，来满足生产需要，为客户提供个性化的产品。也可以大规模集约化生产常规产品，现拥有3000平米的标准化厂房，10多条毛细管生产线及完善的后续加工设备群，产能可满足世界级企业的需求。,http://www.nboulaike.com/,https://exhibitors.informamarkets-info.com/event/2026Medtec/en-US/exhibitor/467103/ningbo-oulaike-metal-capillary-technology-co--ltd,https://image.imconlinereg.com/mm-mtc/2026-07-18/849C8F7B73F8B0EF38AE20612446EDAB.pdf
上海世衡泰新材料科技有限公司,"Shanghai Hong Tungsten Technology Co., Ltd.",N1-A306,N1,CHINA,cat-02,上海世衡泰新材料科技有限公司，是一家专业从事钨、钼、钽等难熔金属产品的生产、销售的现代化企业。公司致力于用品质稳定的原料，多样化定制加工服务，为客户提供性能卓越的耐高温零部件。  我们的生物医疗产品拥有独立知识产权，适应医疗科技的改革与发展。极锋利针尖电极在微创及开放性手术中，切割性能与凝固性能均有不俗表现；射频等离子消融电极不粘连肌体组织、不起烟雾，在消融手术中发挥重要作用；超细金属丝柔软有韧性，是介入及支架导管等不可或缺的一部分。,https://www.cshttm.com,https://exhibitors.informamarkets-info.com/event/2026Medtec/en-US/exhibitor/467104/shanghai-hong-tungsten-technology-co---ltd-,https://image.imconlinereg.com/mm-mtc/2025-06-18/9670E735418CA0CEDDB47D6B8B258358.pdf
盘起工业（大连）有限公司,"PUNCH INDUSTRY（DALIAN ）CO.,LTD",N1-B701,N1,JAPAN,cat-02,"盘起工业（大连）有限公司是日本盘起工业株式会社于 1990年在中国大连投资兴建的外商独资企业，是中国模具零部件生产龙头企业。凭借先进的技术、精密的设备和科学的管理始终保持着行业领导者的地位，本社于2012年在日本东京证券交易所成功上市。盘起工业分别在中国大连、瓦房店、东莞、无锡、重庆设立生产基地，总占地面积69,000平方米，拥有员工近3,000人，主要加工设备1,000余台，检测设备100余台。经过在中国境内30多年的发展，目前主营产品包括冲压模具、塑料模具、汽车冲模标准件及FA工厂自动化零件等产品，共计115大类，40,000余种产品。同时深耕冷锻、压铸、热流道、型腔、半导体、医疗、航空航天、精密机械、包装等行业，具有丰富的研发、制造经验，以专业的解决方案赢得了广大客户的信赖。仅国内已拥有30多个营业所，营销网络遍布全球，为您提供及时周到的服务。",http://www.punch.com.cn,https://exhibitors.informamarkets-info.com/event/2026Medtec/en-US/exhibitor/467105/punch-industry（dalian-）co--ltd,
佛山市锐义弹簧精密制造有限公司,"Foshan Rui Yi Electrical Appliance Co., Ltd.",N2-H210,N2,CHINA,cat-02,佛山市锐义弹簧精密制造有限公司位于中国广东省佛山市顺德区，厂房面积3000多平方米，是一家专业生产各种精密五金的企业，我们产品广泛用于医疗器械、电子设备、电器、通讯等领域，月产能8000万件。公司拥有一流的设计、开发团队，能够配合客户的产品特性及使用要求，设计适合客户要求的高精密产品。我司于2012年全面推进ISO9001:2000国际质量体系，2020年全面推进ISO13485:2016医疗器械质量管理体系认证，全面执行ROHS指令。公司始终坚持“技术创新、信誉第一、积极发展、与时俱进”的经营理念，与客户建立稳定、长期、双赢的合作关系，通力协作，共同发展。,,https://exhibitors.informamarkets-info.com/event/2026Medtec/en-US/exhibitor/467106/foshan-rui-yi-electrical-appliance-co---ltd-,
深圳仁长久医疗科技有限公司,Shenzhen Renchang9 Medtech Co..Ltd.,N3-A601,N3,CHINA,cat-05,深圳仁长久医疗科技有限公司位于深圳市坪山区生物医药产业园，从事医用导管生产，模具开发，介入零配件加工，导管加工设备(尖端成型机、打孔机、各种工装夹具，CNC加工)，为客户提供“医用介入耗材配件一站式”加工服务。公司目前有万级洁净厂房 1500平方米，有3条挤出机产线以及立式注塑机、卧式注塑机、尖岩机、打孔机、UV隧道炉、超声波悍接等配套设备，导管生产能力位居国内前列，多名行业经验15 年以上的员工，以其熟练的操作技巧，精湛的工艺，为行业提供持续优化的精密导管解决方案，2021 年已取得 IS013485 认证,,https://exhibitors.informamarkets-info.com/event/2026Medtec/en-US/exhibitor/467107/shenzhen-renchang9-medtech-co--ltd-,https://image.imconlinereg.com/mm-mtc/2026-07-27/5185E2B086E79641262A45CBD05D0BB6.pdf
禧利康（苏州）医疗器械有限公司,"Suzhou Silicone Precision Co., Ltd",N2-D405,N2,CHINA,cat-01,苏州喜亿康精密科技有限公司，坐落于著名江南——苏州。公司成立于2018年，一期投资金额达500万人民币，现有工厂面积1500平米，目前有员工20余人，其中拥有多名从事硅橡胶制品行业15年以上经验的技术/管理人才，是一家集开发、生产及销售高精密度液态硅胶产品的民营独资企业。公司拥有10万级的洁净车间，精密的冷流道注射模具，一流的液态硅胶生产设备，卓越的质量管控系统，先进的液态硅胶工艺，可为各类顾客提供优质的售后服务。,https://www.xyk-lsr.com,https://exhibitors.informamarkets-info.com/event/2026Medtec/en-US/exhibitor/467108/suzhou-silicone-precision-co---ltd,https://image.imconlinereg.com/mm-mtc/2025-07-17/6C905A8BF2BE11AAE9142F9A24D6800A.pdf
上海企正国际贸易有限公司,"Shanghai Qizheng International Trading Co.,Ltd",N2-A208,N2,CHINA,cat-01,"专业从事高性能工程塑料及其他化工材料的分销业务，产品涉及瑞士EMS，沙特SABIC塑料,芬兰PREMIX，日本三井化学等公司的战略合作伙伴，覆盖通讯，医疗，汽车，工业等市场领域。  拥有一支以销售工程师为主体专业经营团队，坚持以客户满意度为企业行为最高价值取向的经营理念，以客户需求为导向，怀着对客户感恩，诚信之心，不断改进和完善营销服务体系，竭力为客户提供最优的材料解决方案，更多、更满意的增值服务。   始终不渝地致力于在生产厂商和客户之间构建起一座安全、便捷、舒心的商业桥梁。",https://www.sh-zx.cn,https://exhibitors.informamarkets-info.com/event/2026Medtec/en-US/exhibitor/467109/shanghai-qizheng-international-trading-co--ltd,
上海朗铄电源科技有限公司,"Shanghai Langshuo Power Technology Co., Ltd",N3-A203,N3,CHINA,cat-14,上海朗铄电源科技有限公司是一家专业从事各类精密焊接设备研发、销售、服务的技术型企业。 公司主营产品有：微束精密等离子焊接机、精密电阻焊机、精密微弧焊机、变频斩波聚弧深熔焊机等……各类精密焊接设备。 公司研发的各类精密焊接设备，广泛应用于医疗、精密加工、新能源、航空航天、军工等行业，成为精密加工焊接行业不可或缺的帮手,http://www.shlangshuo.com/,https://exhibitors.informamarkets-info.com/event/2026Medtec/en-US/exhibitor/467110/shanghai-langshuo-power-technology-co---ltd,
深圳旭茂科技有限公司,SHENZHEN XUMAO TECHNOLOGY CO LTD,N3-A605,N3,CHINA,cat-04,深圳旭茂科技有限公司是一家致力于高分子材料及高端医疗胶粘剂研发、生产、销售、技术服务一体的专业化公司。公司生产基地位于山东省烟台市，拥有先进的生产及检查设备且建有十万级净化车间。 公司的医疗用胶主要有：医用级光固化胶和、医用级硅胶粘接剂、医用级环氧胶、医用级瞬间胶。随着医疗行业的飞速发展及工艺改进日新月异，对胶粘剂不断提出更高要求，为了更好的满足市场和客户需求，公司秉承“信誉第一，让客户满意”的价值观，并严格执行“精益求精，顾客至上”的质量方针要求自己，在技术服务端一直完美呈现。同时本公司还可根据客户不同的特殊需要，提供不同需求定制胶粘解决方案，致力为您提供最高效、经济的差异化服务。,,https://exhibitors.informamarkets-info.com/event/2026Medtec/en-US/exhibitor/467111/shenzhen-xumao-technology-co-ltd,https://image.imconlinereg.com/mm-mtc/2025-06-03/A57DA29D90B0E03391A4C3154499C5E5.pdf
上海凡云新材料有限公司,"Shanghai Fan Yun New Materials Co., LTD",N3-F408,N3,CHINA,cat-01,上海凡云新材料有限公司成立于2003年，长期专注于工程塑料、特种工程塑料、定制改性塑料和特种化工添加剂的应用开发与代理经销，为客户提供系统专业的供应链服务。公司现为威格斯(Victrex)PEEK授权经销商、世索科（Syensqo）聚砜类材料中国区授权经销商。作为工程塑料的集大成优势供应商，公司在PEI、PPS、PAI、PC、PBT、PET、PPA、PA6、PA66、PA46、POM、RTP改性料、碳纤维、半成品等其它特种改性料中同样保持长期优势与专注。同时，我们还为客户提供高温特种材料注塑、机加工等成型综合解决方案。上海凡云致力于以深厚的行业技术积淀与专业配套服务，为客户创造长效价值！,https://www.shtnc.com,https://exhibitors.informamarkets-info.com/event/2026Medtec/en-US/exhibitor/467112/shanghai-fan-yun-new-materials-co---ltd,
青岛星创医疗科技有限公司,"Qingdao Starlit Medical Technology Co,. Ltd.",N2-G202,N2,CHINA,cat-01,青岛星创医疗科技有限公司成立于2014年5月，坐落在负有中国橡塑摇篮盛名的青岛科技大学内，是一家集研发、生产、销售医用内镜诊疗耗材关键部件的创新科技公司，致力于天然乳胶、橡塑等材料工程在医学内镜诊疗这一新兴领域的应用研究。         公司与国家橡塑重点实验室产学合作，已拥有博士、硕士、外聘博后专家组成的研发团队，通过应用更先进的新型材料及工艺技术实现产品升级，积极参与国际内窥诊疗技术发展前沿相关研究，迅速开发新的应用产品。在这一领域，我们汇聚了宝贵的信息资源，并为医院、学术机构、客户及诊疗机构提供技术支持。,https://www.starlitmedical.com,https://exhibitors.informamarkets-info.com/event/2026Medtec/en-US/exhibitor/467113/qingdao-starlit-medical-technology-co---ltd-,https://image.imconlinereg.com/mm-mtc/2025-08-07/59161585865F074DB3922369D1FFDB9B.pdf
苏州纳森超声科技有限公司,Nasonic (Suzhou) Co. Ltd,N2-G502,N2,CHINA,cat-14,苏州纳森超声科技有限公司成立于2013年，是一家专注于生物医疗领域超声波技术系统应用和产品开发的科技型企业。公司产品主要应用于医疗器械、微纳米涂层、生物制药、生物仪器、水生物处理、美容保健等领域；目前公司生产的医疗器械核心件有：超声微创手术刀、介入式体内超声碎石刀、超声清创等；生产的相关设备有：超声精密喷涂设备、台式超声喷涂设备、超声声动力药物促渗设备、超声细胞处理仪、非接触式混匀仪、美容减肥仪、超声生物提取设备、超声水生物处理设备、实验室超声清洗设备等。 公司通过了ISO9001质量体系认证，现有厂房4000多平方米，拥有40多项专利，设有江苏省研究生工作站和苏州科技大学产学研产业基地。,http://www.nasonic.com.cn/,https://exhibitors.informamarkets-info.com/event/2026Medtec/en-US/exhibitor/467114/nasonic-(suzhou)-co--ltd,https://image.imconlinereg.com/mm-mtc/2025-07-12/E8ECB592153AB320AAC27D4639EF2E36.pdf
郑州必特奥医疗科技有限公司,"ZBA Medical Technology Co.,Ltd.",N3-B501,N3,USA,cat-14,郑州必特奥医疗科技有限公司以“用一流的技术为生命健康提供产品与服务”为使命启航，专注介入医疗器械加工设备的研发与智造。秉持着“为客户提供整体解决方案”的理念，以精密制造赋能生命科技为目标，融合尖端介入医疗工艺，打造‌CO2激光焊接、热风加热成型、超声喷涂三大核心技术引擎，公司已获得多项发明专利、实用新型专利、软件著作权，并跻身“‌国家级高新技术企业”‌，荣膺‌“河南省专精特新中小企业”‌称号。通过不断地技术革新，公司的产品线逐渐完善，目前可提供的产品和服务有：*LBS4000~6000系列球囊导管激光焊接设备*CLS2000~3000系列导管覆膜设备*SBF1000系列集成式球囊拉伸成型设*UCS3000系列超声喷涂设备*HBS1000系列热风焊接设备*CTF1000系列尖端成型设备*多种收缩比的热缩管产品和多种规格的球囊产品我们始终以‌“技术攻坚+服务深耕”双轮驱动模式‌，将国际先进的设计理念与工艺技术深度融入客户产品开发全周期，提供原型设计—工艺验证—批量生产—临床转化的‌“整体技术解决方案”，助力客户实现从研发到量产的全面突破！,http://zbamed.com,https://exhibitors.informamarkets-info.com/event/2026Medtec/en-US/exhibitor/467115/zba-medical-technology-co--ltd-,https://image.imconlinereg.com/mm-mtc/2025-08-26/714052409AB599B8D40E8476EA34C924.pdf;https://image.imconlinereg.com/mm-mtc/2026-07-30/A9937133872651E29D7C5F7838D391B8.pdf
太仓众鑫磊精密电子有限公司,"Taicang ZhongXinLei Precision Electronic Co.,Ltd",N1-B401,N1,CHINA,cat-02,公司引进日本E.S.Q有限会社先进技术、设备和管理，遵循ISO9001:2015质量管理体系、ISO14001:2015环境管理体系、ISO13485:2016医疗管理体系。主要加工SUS304/304L、SUS316L/316LVM、L605、NB-1、NS-1、KV-2、NR-20、NiTi等材质精密合金管。公司主要生产医疗器械零部件（冠脉植入与介入导管、支架、内窥镜管、蛇骨管、助听器等精密合金管），电子零件，光电零部件及其他零部件。,https://z-x-l.com/,https://exhibitors.informamarkets-info.com/event/2026Medtec/en-US/exhibitor/467116/taicang-zhongxinlei-precision-electronic-co--ltd,https://image.imconlinereg.com/mm-mtc/2025-06-25/CC55460AA12634C575F736E718567C39.pdf
广州固泰电子科技有限公司,"GUANGZHOU GOOTITE ELECTRONIC SCIENCE CO.,LTD",N2-F602,N2,CHINA,cat-04,广州固泰电子科技有限公司向医疗行业提供符合ISO-10993&USP Class VI生物相容性认证的胶粘剂产品。产品包括：环氧结构粘接胶、灌封胶、成型胶、导电胶、UV固化胶等并可根据客户需要提供量身订制产品，以满足客户的特殊需求。产品广泛应用于医学成像、植入设备、手术器械、内窥镜及光学、医用过滤等行业。作为胶粘剂专业供应商，我们更加注重用户应用细节，并致力于为用户提供量身订做工程粘接解决方案，以更精准、更可靠、更及时、更经济的产品与服务同用户一起成长！,https://www.gootite.com,https://exhibitors.informamarkets-info.com/event/2026Medtec/en-US/exhibitor/467117/guangzhou-gootite-electronic-science-co--ltd,https://image.imconlinereg.com/mm-mtc/2026-06-16/59DE18195F2687C8A9FACE465C228C86.pdf
南通伊诺精密塑胶导管有限公司,"Enove Precision Plastics Catheter Co., Ltd",N2-D702,N2,CHINA,cat-05,伊诺致力于成为“全球领先的医疗导管供应商”，为全球医疗器械制造商提供精密医用导管！伊诺公司成立于2007年，专注于精密医疗塑胶导管的研发、制造和销售，并可按照客户的要求研发定制各种材质、规格的塑胶导管，为您提供全程一站式医疗器械解决方案。至今，我们已为上千家国内外客户提供了满意服务，是医疗导管设计、制造行业的佼佼者。我们配备标准化厂房和万级净化车间逾12000平方米。拥有先进完善的生产检测设备和高素质的员工队伍。公司已经通过了ISO13485:2016质量体系认证，2013年获得国家高新技术企业认定，2017年获得知识产权管理体系认证，2018年获得南通市工程技术研究中心认定，2022年获得江苏省“专精特新”企业认定，2023年获批江苏省工程技术研究中心建设，至今已取得各项专利授权五十多项。2024年成功获得国家级“专精特新”小巨人企业称号，同年搬迁至新胜路新厂。我们的团队由生产医疗导管行业的资深工程师和技术人员组成，凭借他们广泛的经验，可以帮助您解决产品研发制造过程中的相关问题，确保高效、安全的为您提供高品质产品。您完全可以相信，我们能够满足您的急迫需求。,https://www.enove.cn,https://exhibitors.informamarkets-info.com/event/2026Medtec/en-US/exhibitor/467118/enove-precision-plastics-catheter-co---ltd,https://image.imconlinereg.com/mm-mtc/2025-08-06/8B638FC2822E3294D19351D67C4A81C6.pdf
常州君华医疗科技有限公司,"Changzhou Junhua Medical Technology Co., Ltd.",N2-G303,N2,CHINA,cat-01,常州君华医疗科技成立于2019年，为君华股份全资子公司，专注于PEEK，PPSU等医用高分子材料在医疗行业的应用解决方案。公司凭借17年PEEK等高分子材料应用开发经验，可配套客户完成从原料采购到制品代工的一站式服务。公司拥有1200平万级和十万级洁净车间，已通过药监局审核。可从事植入PEEK材料的注塑，CNC，挤出代工。我们十分愿意用我们的经验协助客户从产品的设计、选材、工艺、打样到量产的整个流程，我们始终以为客户创造最大价值为己任。,https://www.peekmedica.com,https://exhibitors.informamarkets-info.com/event/2026Medtec/en-US/exhibitor/467119/changzhou-junhua-medical-technology-co---ltd-,
广州为实光电医疗科技有限公司,"Guangzhou Wiserscope Co., Ltd.",N1-F408,N1,CHINA,cat-08-4,广州为实光电医疗科技有限公司，成立于2019年3月，是一家由二十多年影像和高端制造装备经验的专家创立，专注于医用内窥镜配套摄像模组，半成品和医用图像处理机研发、代工的公司。公司主要为客户提供内窥镜关键零部件、整机定制化设计和生产。        公司建有1000多平方米符合GMP体系的洁净车间(内含万级洁净操作间及综合理化、微生物检测、阳性检测、无菌检测实验室等)。        公司已通过ISO9001：2015和ISO13485：2016质量管理体系认证，同时配备PLM、MES、ERP、CRM等信息化管理系统。,https://www.wiserscope.com,https://exhibitors.informamarkets-info.com/event/2026Medtec/en-US/exhibitor/467120/guangzhou-wiserscope-co---ltd-,https://image.imconlinereg.com/mm-mtc/2025-07-02/766509C2288A23A6EBEF31E4B8653C84.pdf
华威（杭州）工业科技有限公司,"Highwell (Hangzhou) Industrial Technology Co., Ltd",N2-F304,N2,USA,cat-12,华威（杭州）工业科技有限公司深耕全球塑料加工领域，团队核心成员拥有20+年行业从业经验，是多家欧美知名塑料机械企业在大中华区的代表与代理服务商。公司始终秉持专业积极、诚信严谨的宗旨与理念，致力于成为“您身边可信赖的先进塑料机械方案专业服务商”，专注引进国际前沿制造技术与创新工艺方案，为国内客户提供产品销售、项目管理、安装调试与售后服务的全周期、本地化一站式服务。在医疗领域，其代理的品牌产品：美国GEC AK精密医疗挤出机与挤出产线、美国GUILL精密医疗导管挤出模具、意大利MORETTO高性能塑料辅机和美国ATS高效热清洁炉。,https://www.highwelltec.com,https://exhibitors.informamarkets-info.com/event/2026Medtec/en-US/exhibitor/467121/highwell-(hangzhou)-industrial-technology-co---ltd,https://image.imconlinereg.com/mm-mtc/2026-07-29/CEFCD1026B3BE79AB37F843CF2FFFAFE.pdf
宝鸡市海鹏金属材料有限公司,Baoji Seabird Metal Materials Co. Ltd,N1-B802,N1,CHINA,cat-02,宝鸡市海鹏金属材料有限公司坐落于中国-钛城宝鸡。公司创建于2001年3月，工厂位于宝鸡千阳，总面积35000余平方米，公司致力于形状记忆合金材料的生产和研发，在镍钛记忆合金加工设备工艺等方面研发取得了突破。拥有六项镍钛记忆合金感温线缆等记忆合金生产专利，公司产品主要用于军工、医疗器械、航空航天、医用微创导丝、医用心脏瓣膜箔材、心脏血管支架等尖端技术领域，在镍钛记忆合金生产研制方面，公司拥有完善的生产链，齐全的生产设备及先进的生产技术，在国内记忆合金行业处领先水平。目前已成为多家规模企业的长期合作伙伴。,http://seabird.com.cn/,https://exhibitors.informamarkets-info.com/event/2026Medtec/en-US/exhibitor/467122/baoji-seabird-metal-materials-co--ltd,
精世金属材料（东莞）有限公司,"Jingshi Metal Materials (Dongguan) Co., Ltd.",N1-H310,N1,CHINA,cat-02,"精世金属材料(东莞)有限公司位于东莞市常平镇盛德锐科技产业园，是一家国内专注医用金属线材精密加工的企业，致力于医用不锈钢线、镍钛合金线、钨丝等的研发与生产。产品类别包括扁丝、圆丝、钢丝绳等。以微细产品为主要业务方向 ，圆丝最细可做到0.010mm,扁丝最小厚度0.010、最小宽度0.025mm,以及兼顾输送性与柔软性的多股并丝，可以提供不同强度与多种表面状态的丝材，并拥有10年以上的涂层包覆技术，可在不同底材（铜及铜合金、不锈钢丝、镍钛合金丝、箔铱丝等）上涂覆PI.",http://www.jingshimetal.com.cn,https://exhibitors.informamarkets-info.com/event/2026Medtec/en-US/exhibitor/467123/jingshi-metal-materials-(dongguan)-co---ltd-,https://image.imconlinereg.com/mm-mtc/2025-08-07/A1A47C8B9C953EC39C4DDA53797C0491.pdf
上海巨作实业有限公司,"Shanghai Great Industrial Co.,Ltd",N2-H107,N2,CHINA,cat-01,"上海巨作实业有限公司是一家专业特种高温材料，高温色母以及高温改性材料的分销公司。 主要代理，销售Colorant Chromatics（蔻兰）产品。 主要产品： FEP,ETFE,PEEK显影料； 高温材料色母料：氟材料，PEEK, PEI,PES,PPSU,PSU,PPS色母料； 高温特殊混合料：辐照交联混合料，导电和抗静电混合料，纤维增强混合料； 高温材料添加母粒：化学发泡添加剂，物理发泡添加剂，激光标记等",,https://exhibitors.informamarkets-info.com/event/2026Medtec/en-US/exhibitor/467124/shanghai-great-industrial-co--ltd,https://image.imconlinereg.com/mm-mtc/2025-08-01/34EF6471CC0FEB638EC0A79901E17359.pdf
太仓东青金属制品有限公司,"Taicang Dongqing Metal Products Co., Ltd",N1-G110,N1,CHINA,cat-02,太仓东青金属制品有限公司是一家集研发、生产、销售、服务于一体的江苏省高新技术生产企业，公司专业生产各类精密合金毛细管及零部件。 公司专长于为客户定制不同规格的高精密管件及零部件，善长于生产0.２－２0mm之间的精密毛细管及管件，部分产品的内外径公差可控制在微米级。 公司通过ISO9001质量管理体系及ISO13485医疗体系的认证，产品标准以行业标准及客户相关标准执行。 东青公司秉承“以人为本、稳健创新、自强不息、追求卓越”的经营理念，坚持“高起点、高品位、高质量”的产品定位，坚定诚信的工作作风，力争提供客户满意的产品及服务。,https://www.doqtech.com,https://exhibitors.informamarkets-info.com/event/2026Medtec/en-US/exhibitor/467125/taicang-dongqing-metal-products-co---ltd,
尼伦化学（上海）有限公司,"Ni Lun Chemistry (Shanghai) Co.,Ltd",N2-B402,N2,CHINA,cat-01,"尼伦化学（上海）有限公司（2021年2月成立）专注TPU医用材料，为器械制造商提供从短期接触到长期植入的全场景方案，定位""不做终端器械，只把进得去人体的聚氨酯做扎实""。NLMD系列是可拼装矩阵：芳香族（聚醚/聚酯/聚碳酸酯）+脂肪族（聚醚/聚碳酸酯）；本色可定制；含标准款与硫酸钡显影款（X光可视）；覆盖短期与长期留置；全系列MAF备案。亮点：①硫酸钡显影，显影度可按需定制；②聚碳系列主攻长期植入，灵活组合硬度/颜色/显影。合规：MAF、ISO 10993与USP Class VI、医用品控批次追溯。",https://www.nilunchem.com,https://exhibitors.informamarkets-info.com/event/2026Medtec/en-US/exhibitor/467126/ni-lun-chemistry-(shanghai)-co--ltd,https://image.imconlinereg.com/mm-mtc/2026-08-04/8696AD43ABCE5B37665E4D67F0136B3F.pdf
荆州市益海科技有限公司,Jingzhou Yihai Technology Ltd.,N2-A508,N2,CHINA,cat-05,荆州市益海科技有限公司成立于2011年4月11日，位于国家级荆州经济技术开发区深圳大道8号，占地100亩，注册资金一亿元人民币。是一家专业从事研发、生产、销售一次性使用介入类、泌尿类、麻醉-重病监护类等医疗器械产品的生产企业。公司于2017年8月通过ISO13485质量管理体系认证和CE认证。,https://www.yihaim.com,https://exhibitors.informamarkets-info.com/event/2026Medtec/en-US/exhibitor/467127/jingzhou-yihai-technology-ltd-,
上海旺君电子科技有限公司,"Shanghai Wangjun Electronic Technology Co., Ltd.,",N3-B602,N3,CHINA,cat-15,上海旺君电子科技有限公司，位于上海市嘉定区，是 一家以电子制造服务为基础的科技型企业。 作为一家致力于提供全面的终端到终端的生产一站式 EMS服务解决方案的提供商，专注于电子产品 ODM服务、电子产品OEM服务，提供PCBA代工代料、 PCBA生产、PCBA加工服务。其客户群体涵盖全国电子 产品销售企业、电子产品制造企业、电子产品配件制造企 业、电子产品或PCBA领域的贸易公司等. 旺君电子产品体系包含医疗、工业控制、汽车 电子、仪器仪表、智能家居、通讯管理设备、物联网产品 等；合作方案多元，包括元器件采购、PCBA组装、整机 组装、测试、电子成品半成品技术开发等。,https://www.shwangjun.com,https://exhibitors.informamarkets-info.com/event/2026Medtec/en-US/exhibitor/467128/shanghai-wangjun-electronic-technology-co---ltd--,https://image.imconlinereg.com/mm-mtc/2026-07-28/9F77BBF8022486936713C54636428588.pdf;https://image.imconlinereg.com/mm-mtc/2026-07-28/3C7187CF6D835EAB6C73FC9E26AE8297.pdf
苏州铭硕精密机械有限公司,"Suzhou Mingshuo Precision Machinery Co.,Ltd.",N2-A308,N2,CHINA,cat-01,公司成立于2006年，专业制作销售精密医疗模具和塑料产品，擅长小型微型高精度的产品。  公司已通过ISO13485/ISO9001/ ISO14001三重体系认证。 拥有GMP医疗十万级净化生产车间，先进的设备，成熟的工艺，严格的质量管控。  工程技术团队在模具和注塑领域拥有成熟的专业技术，根据客户产品功能选择材料，与客户密切互动完成产品优化，达到经济高效的生产。,https://www.mingshuo中国.com,https://exhibitors.informamarkets-info.com/event/2026Medtec/en-US/exhibitor/467129/suzhou-mingshuo-precision-machinery-co--ltd-,https://image.imconlinereg.com/mm-mtc/2025-08-05/2F615142849F17658CBDF87373D14C75.pdf
溧阳天目湖医用物理工程中心有限公司,"Liyang Tianmu Lake  Center of Applied Medical Physics Co., Ltd.",N3-G306,N3,CHINA,cat-05,天目湖医用物理工程中心（以下简称“中心”）成立于2025年3月，系长三角物理研究中心全资子公司。中心定位于医用物理工程技术创新与产业化服务平台，围绕“医学+物理+工程”融合方向，面向高端医疗器械创新需求，提供从研发设计、工程开发、样机试制、检验验证到产业化转化的综合服务。中心聚焦植介入医疗器械、精密医疗部件及智能医疗装备等领域，依托先进制造、材料分析与检测评价能力，开展医疗器械技术研发服务、精密零部件加工、OEM/ODM工程支持、产品质量检测与失效分析、专用设备研发等业务。同时，中心积极推动与企业、高校、科研院所及医疗机构开展联合研发与成果转化合作，助力创新医疗器械从技术概念走向产品应用。,,https://exhibitors.informamarkets-info.com/event/2026Medtec/en-US/exhibitor/467130/liyang-tianmu-lake--center-of-applied-medical-physics-co---ltd-,https://image.imconlinereg.com/mm-mtc/2026-07-30/09C9733E83EEF25E2740F863E0FD7D45.pdf
亿比亚（北京）粒子加速器技术有限公司,"Ion Beam Applications Co., Ltd",N4-A210,N4,ITALY,cat-13,IBA 工业：开创医疗设备灭菌的可持续辐照解决方案IBA 工业是基于电子的辐照技术的全球领导者，提供先进的电子束和 X 射线解决方案，用于医疗设备灭菌、食品离子化、聚合物交联等。其扩展的产品组合包括预工程设计、培训、融资以及通过其 BEYOND™ 旅程提供的定制服务。凭借标志性的 Rhodotron® 技术，IBA 为环氧乙烷和钴 - 60 提供了环保、高效的替代处理方案。在美洲和亚洲拥有强大的业务基础，IBA 确保提供本地支持，同时推进绿色能源、工艺效率和可持续性。,https://www.iba-group.com.cn,https://exhibitors.informamarkets-info.com/event/2026Medtec/en-US/exhibitor/467131/ion-beam-applications-co---ltd,
江阴仁昌镍钛新材料有限公司,"Jiangyin Renchang Nitinol New Material Co.,Ltd",N1-A309,N1,CHINA,cat-02,江阴仁昌镍钛新材料有限公司是一家专注于医用镍钛记忆合金研发与生产的科技型企业，深耕生物医用金属材料领域多年，致力于为医疗器械行业提供高性能、高可靠性的镍钛合金解决方案。公司核心产品矩阵覆盖医用镍钛记忆合金丝、精密管材、镍钛绳、扁丝、棒材、弹簧及各类复杂结构件，同时承接基于临床需求的定制化加工服务，可快速响应介入导管、骨科植入、口腔正畸、微创手术器械等多元应用场景。在质量管控层面，公司严格执行GB24627-2023及ASTM F2063医用级标准，所有批次材料均经过化学成分、相变温度、力学性能及表面质量的全流程检测。针对特殊临床需求，我们亦可提供二元镍钛或多元掺杂合金体系的定制开发。,http://www.rcniti.com/,https://exhibitors.informamarkets-info.com/event/2026Medtec/en-US/exhibitor/467132/jiangyin-renchang-nitinol-new-material-co--ltd,https://image.imconlinereg.com/mm-mtc/2025-09-10/979C207DFCB2C546D42EB65A0EB44AAA.pdf
上海怡乐塑模科技有限公司,"Shanghai Yile Plastics & Mould Technology Co.,Ltd",N3-C210,N3,CHINA,cat-09,"怡乐,是一家专注于为精密塑料产品提供从模具到注塑成型、组装、测试等一站式系统解决方案的高新技术企业。产品领域涉及汽车零件、通讯电子、智能设备、医疗仪器等领域。 公司成立于2000年，分别在上海，浙江嘉兴设有生产企业。具有成熟的研发与制造体系，能为客户在精密塑料制品方面提供优质的产品与解决方案。",https://www.yilesh.com/,https://exhibitors.informamarkets-info.com/event/2026Medtec/en-US/exhibitor/467133/shanghai-yile-plastics---mould-technology-co--ltd,https://image.imconlinereg.com/mm-mtc/2026-05-13/06BC331AC1C32A9C80E80E0ECB363E01.pdf
上海织心仁科技有限公司,"Shanghai Pro Weaver Technology Co., LTD",N2-F205,N2,CHINA,cat-01,上海织心仁科技有限公司专业为植介入医械公司提供可长期植入、接触血液的高分子织物材料，拥有万级净化车间，严格按照ISO13485标准运行，原材料包括PET、UHMWPE、(e)PTFE、可降解材料(PLA、PPDO等)、PP、PEEK等；产品主要应用于心血管（如大动脉覆膜支架、人工血管、心脏瓣膜、封堵器）、运动医学、妇科、泌尿科、消化科等领域。,https://www.proweaver.com.cn,https://exhibitors.informamarkets-info.com/event/2026Medtec/en-US/exhibitor/467134/shanghai-pro-weaver-technology-co---ltd,
宏利科技（苏州）有限公司,"Omni Tech (Suzhou) Co., Ltd.",N3-G502,N3,CHINA,cat-09,宏利科技(苏州)成立于2003年，是新加坡向阳科技集团的全资子公司。宏利科技是一家精密模具开发、注射成型与自动化系统整合的技术型制造企业，具有二十余年的多行业项目交付经验。服务涵盖医疗、生命科学、母婴护理及食品工业等对于产品精度与生产环境有较高要求的细分市场，建立了成熟的高一致性、可追溯、自动化兼容的制造体系。为合作伙伴提供从模具设计、成型验证、检测方案，到自动化组装的端到端解决方案，同时全面符合各项目所需的体系要求。帮助合作伙伴完成高性能塑料注射成型、嵌件成型与LSR复合成型等复杂工艺场景的高难度成型项目导入。,https://www.sdaletech.com,https://exhibitors.informamarkets-info.com/event/2026Medtec/en-US/exhibitor/467135/omni-tech-(suzhou)-co---ltd-,https://image.imconlinereg.com/mm-mtc/2026-07-23/45B1DA19376177E6FC8FD2BEBD68E818.pdf;https://image.imconlinereg.com/mm-mtc/2026-07-23/426A85751BA548B54064C5982BEB3454.pdf
思博隆（嘉兴）医疗科技有限公司,"SmartBalloon (Jiaxing) Medical Technology Co., Ltd.",N2-C206,N2,CHINA,cat-15,思博隆医疗（smartballoon）是一家聚焦于为客户提供医用球囊囊体OEM/ODM一站式服务、专业的高端微创介入球囊导管技术产品方案设计、委托制造代工、定制化生产的高新技术企业。,https://www.smartballoon.com.cn,https://exhibitors.informamarkets-info.com/event/2026Medtec/en-US/exhibitor/467136/smartballoon-(jiaxing)-medical-technology-co---ltd-,https://image.imconlinereg.com/mm-mtc/2025-05-23/D6078CC09DC8BC5E34F02954ABBD88D9.pdf
勤灏医疗科技（苏州）有限公司,"QIN HAO MEDICAL TECHNOLOGY (SUZHOU) CO., LTD",N3-G509,N3,CHINA,cat-15,"勤灏医疗科技（苏州）有限公司 成立于2008年6月，占地面积10000平米。坐落在美丽的江南水乡-苏州吴中区，环境优雅、交通便利！ 公司有100多名员工，拥有专业技术工程师30余人。拥有生产设备100余台,包括冲床，液压机，加工中心，走芯机，走刀机。 公司专业生产加工金属零件部件，产品广泛应用于医疗、汽车等领域。",https://www.kinvast.com,https://exhibitors.informamarkets-info.com/event/2026Medtec/en-US/exhibitor/467137/qin-hao-medical-technology-(suzhou)-co---ltd,https://image.imconlinereg.com/mm-mtc/2025-07-10/D1630C40F44AF1D9DAC71052C7B6551D.pdf
上海泽厘精密机电科技有限公司,"Shanghai ZELI precision Industry Co.,LTD",N2-A403,N2,CHINA,cat-01,"上海泽厘精密机电科技有限公司前身为成立于2003年的上海泽力精密模具有限公司，总部位于上海市松江区，厂房面积10000平米，独立模具加工及注塑车间。在浙江湖州还有一个注塑工厂，配备10万级洁净车间。我们是精密注塑模具、精密注塑件及组装的专业生产厂家。产品范围涉及：塑料齿轮箱及精密传动结构、连接器接插件、医疗器械及耗材、数码3C产品等。我们是科世达、捷温、安图，士卓曼等知名厂商的供应商。公司拥有YASDA, MAKINO, GF等模具加工设备， FANUC，ARBURG电动高速注塑机，以及ZEISS工业CT、ZEISS三坐标、NIKON影像三次元等先进的检测仪器。泽厘的生产团队是一批经验丰富、技术熟练的技师和高学历高素质的专业设计师。公司在管理方面运用ERP系统进行从设计到生产的全程监控，在完善、科学的质量及管理体系下，我们保证了客户对于产品高品质、低成本、短交期等等一系列的要求。公司产品在国内市场具有相当知名度，并且远销欧美、日本、东南亚等国家和地区、获得客户“品质高，价格优” 的一致好评！",https://www.shzelitech.com,https://exhibitors.informamarkets-info.com/event/2026Medtec/en-US/exhibitor/467138/shanghai-zeli-precision-industry-co--ltd,https://image.imconlinereg.com/mm-mtc/2025-07-21/5F05967895147888C4ED4583F04CF02A.pdf
东莞庆泰电线电缆有限公司,"Dongguan Ching Tai Electric Wire&cable Co.,Ltd",N1-F510,N1,CHINA,cat-08-3,欢迎莅临CTi集团，您值得信赖的线缆合作伙伴。  CTi成立于1963年，是一家致力于研发和销售医疗，工业等领域的线缆生产专业公司。凭借行业40多年的经验，我们经受住了时间的考验，积累了宝贵的技术经验、专业知识和优秀团队，为客户提供线缆解决方案。我们对正直和诚实有着最强烈的承诺，这深深植根于我们的企业文化以及我们员工的内心和行动中。由于我们的产品质量和作为客户的长期战略合作伙伴的可靠性，CTi已成为世界上一些知名公司最值得信赖的线缆方案制造商和供应商。,https://www.cticable.com.tw,https://exhibitors.informamarkets-info.com/event/2026Medtec/en-US/exhibitor/467140/dongguan-ching-tai-electric-wire-cable-co--ltd,https://image.imconlinereg.com/mm-mtc/2025-07-03/BBEB72F44DB59150D5EA15A2D684D680.pdf;https://image.imconlinereg.com/mm-mtc/2026-01-06/EC09E71AE6925F7224918B913CA59ADB.pdf
西安思维智能材料有限公司,"XI’AN SIWEI SMART MATERIAL CO., LTD",N2-B401,N2,CHINA,cat-02,西安思维智能材料有限公司前身为西安赛特金属材料开发有限公司，是西北有色金属研究院下属专业从事镍钛形状记忆合金材料研发、生产和销售的公司，也是”陕西省钛应用工程技术中心“和“西安市形状记忆合金功能材料工程实验室”实施单位。公司主要从事高品质多用途镍钛形状记忆合金丝、板、棒的研发、生产、和销售。是《GB/T39985-2021》和《GB/T39989-2021》两项镍钛国家标准的第一起草单位，并参与最新版GB/T24627标准的起草与修订。公司继承和发扬西安赛特金属材料开发有限公司多年的研发和产业化优势，依托西北有色金属研究院在钛合金材料领域雄厚的技术力量和近30年的镍钛形状记忆合金功能材料科研成果，凭借全新的管理理念和灵活的运行机制，业务不断拓展、生产规模日益壮大，成为国内镍钛形状记忆合金功能材料产业领域的重要生产企业。,,https://exhibitors.informamarkets-info.com/event/2026Medtec/en-US/exhibitor/467141/xi’an-siwei-smart-material-co---ltd,https://image.imconlinereg.com/mm-mtc/2025-08-04/63D30B5C68495888754934BE595CE3A0.pdf
深圳市美好创亿医疗科技股份有限公司,MEHOW INNOVATIVE LTD,N2-C602,N2,CHINA,cat-15,全球领先的医疗器械研发和生产服务提供商                                            美好医疗是全球领先的医疗器械研发及生产服务提供商。为医疗器械产业提供科研转化及生产制造平台（CDMO）、承接医疗器械注册人制度（MAH）下各类医疗器械研发和生产服务。,https://www.mehow.com,https://exhibitors.informamarkets-info.com/event/2026Medtec/en-US/exhibitor/467142/mehow-innovative-ltd,https://image.imconlinereg.com/mm-mtc/2026-01-08/E1BEAEE05B5C33BEB798A0B8B5CFB7BA.pdf;https://image.imconlinereg.com/mm-mtc/2026-01-08/01C9CE61A513F89D00208790081252D1.pdf
浙江锋凌新材料科技有限公司,"Zhejiang Fengling New Material Technology Co., Ltd",N2-F710,N2,CHINA,cat-04,浙江锋凌新材料科技有限公司，专注于新材料的研发、生产、应用以及品牌运营，由国家千人计划专家余海斌博士领衔，李全涛博士等相关专业人士以及知名医疗健康基金共同投资设立，公司与中国科学院、浙江大学、湖北大学、陕西师范大学等知名科研机构合作，形成了以博士、教授、研究员为核心的研发团队，以高级工程师为核心的销售和技术管理团队，主要为各类客户提供医疗器械、电子电器、微电子、光伏等行业光固化系统解决方案。,https://www.zj-flink.com,https://exhibitors.informamarkets-info.com/event/2026Medtec/en-US/exhibitor/467143/zhejiang-fengling-new-material-technology-co---ltd,https://image.imconlinereg.com/mm-mtc/2026-06-23/13CCB3FBD5BCDF5D8572C5F7E15FD156.pdf;https://image.imconlinereg.com/mm-mtc/2026-06-23/22A9FBAE64F52D1FAF72CA983FA4B2DA.pdf
苏州吉格邦新材料科技有限公司,"Suzhou Gigbond Advanced Materials and Technology co, Ltd",N2-B510,N2,CHINA,cat-04,苏州吉格邦新材料科技有限公司主要从事紫外光固化胶粘剂，高固体份无溶剂涂料，水性油墨，及固化设备的研发、销售，是国家高科技企业、中外合资公司。公司针对不同材料提供相应的粘结方案，目前已推出电子、医用、及光学级的各类胶粘剂。其中，医用级UV胶水适用于针头、导管、引流管、透析部件、氧气面罩、玻璃、金属、塑料部件粘接，并提供生物相容性报告。公司针对TPU、TPE、EPBAX基材开发的紫外光固化胶粘剂GB101N、TPE3、PBX10等型号已经广泛用于行业客户。低收缩、导热、和耐热UV胶也陆续开发成功并推向市场。公司质量标准体系运行ISO9001。,http://www.gigbond.com,https://exhibitors.informamarkets-info.com/event/2026Medtec/en-US/exhibitor/467144/suzhou-gigbond-advanced-materials-and-technology-co--ltd,https://image.imconlinereg.com/mm-mtc/2025-05-16/942CE1DEAFB603FCFD04E64E78E9786D.pdf
乐特斯（威海）医疗科技有限公司,"Letesi （Weihai） Medical Technology Co., Ltd.",N1-B710,N1,CHINA,cat-01,乐特斯（威海）医疗科技有限公司是一家专注于高端医疗器械用胶粘剂研发、生产与销售的高新技术企业。自成立以来，我们致力于以科技创新为核心驱动，为医疗行业提供安全、高效、环保的粘接解决方案。乐特斯医疗拥有一支医械胶粘剂行业专家领衔的研发团队，与多家知名医学院校及科研机构建立深度合作，不断突破技术壁垒，探索并应用新材料、新工艺，确保每一批次产品在粘接强度、生物相容性、耐老化性等方面均达到医疗级高标准，满足国内外市场的严苛要求。在快速发展的医疗器械行业中，每个客户的需求都是独一无二的。我们秉承“以客户为中心”的服务理念，建立了完善的售前咨询、售中支持、售后服务体系。从产品选型、配方定制、设备配合到技术培训，提供一站式定制化解决方案，助力客户提升产品竞争力。我们的产品线丰富多样，专为医疗行业量身定制，广泛应用于各类精密医疗器械的粘接和固定领域，如：针头与底座的粘接，麻醉面罩气囊与膜面的粘接，喉镜、导管、血液分离杯的粘接。适用于留置针、特种针头、呼吸面罩、麻醉面罩、喉罩、导管鞘、血液分离杯等一次性医用耗材。,,https://exhibitors.informamarkets-info.com/event/2026Medtec/en-US/exhibitor/467146/letesi-（weihai）-medical-technology-co---ltd-,
山东迈跃医疗科技有限公司,"Shandong Maiyue Medical Technology Co., Ltd",N4-B402,N4,CHINA,cat-13,山东迈跃医疗科技有限公司是专注于各行业灭菌包装袋（纸塑灭菌袋、特卫强Tyvek灭菌袋、药用特卫强Tyvek超净袋等）、PE袋(LDPE、尼龙PA+PE)、PET复合袋、铝箔袋、真空袋等各类型包装袋封口机厂家，目前广泛应用于医院CSSD消毒供应室、手术室、口腔科、制药公司、生物制药公司、二三类医疗器械生产企业等行业，我公司各类型封口机多达上百种，并且具有9001认证、CE认证、13485认证、第三方检测报告等多种封口机专业资质。,https://www.maiyueyiliao.com,https://exhibitors.informamarkets-info.com/event/2026Medtec/en-US/exhibitor/467147/shandong-maiyue-medical-technology-co---ltd,https://image.imconlinereg.com/mm-mtc/2026-01-06/A623EB3B86C7166DED7F09D9D90EDCDC.pdf;https://image.imconlinereg.com/mm-mtc/2026-01-06/A4DD08FFDAA42F94BA666277227C1134.pdf
广东翔鹏机械设备有限公司,GUANGDONG CHONGPONG MACHINERY CO.LTD,N3-B106,N3,CHINA,cat-12,广东翔鹏机械设备有限公司位于全球制造中心珠三角佛山，专业生产精密医用导出管挤出生产线，有一支团结高效，执行有力的管理团队，为客户提供量身定做的完美塑料挤出机解决方案一贴心、优质服务。产品有：精密医用导管，气管插管，输液管，中心静脉导管，多腔管/三腔胃管，医用双层/避光输液管，鼻氧管/引流管，TPU（聚氨酯）管材挤出设备。,,https://exhibitors.informamarkets-info.com/event/2026Medtec/en-US/exhibitor/467148/guangdong-chongpong-machinery-co-ltd,
威海富山尼德欧医疗科技有限公司,WEIHAI FUSAN NEEDLE MEDICAL TECHNOLOGY CO.LTD,N1-C709,N1,CHINA,cat-02,本公司主要产品有：医用留置针用Y型、安全型、回缩式、防逆流式等钢针；活检枪用钢针；生殖用取卵针；骨科用各类钢针；血液透析用AVF内瘘针；可视采血针钢针；输液港用无损钢针；美容针钢针；穿刺针针管等。可根据客户特殊要求，研发定制产品，并为客户提供整体的产品解决方案。,https://www.whfsneedle.com,https://exhibitors.informamarkets-info.com/event/2026Medtec/en-US/exhibitor/467149/weihai-fusan-needle-medical-technology-co-ltd,https://image.imconlinereg.com/mm-mtc/2025-07-22/510865E15606F6E627877886E8D2CF58.pdf
东莞市久畅管业有限公司,"Dongguan Jiuchang Catheter Co., ltd",N2-F106,N2,CHINA,cat-05,东莞市久畅管业有限公司是一家专注研发、生产医用管材的高新技术企业，主要从事TPU小管径薄壁管、超薄壁管、多腔管，包覆管、异形导管、塑料导丝等医用管材的研发生产及配套二次加工。   公司拥有国际先进的专业技术与设备，致力于成为行业领先的医用管材产品供应商，期待与您携手，合作创新，共享成功！,https://www.jiuchang168.com,https://exhibitors.informamarkets-info.com/event/2026Medtec/en-US/exhibitor/467150/dongguan-jiuchang-catheter-co---ltd,https://image.imconlinereg.com/mm-mtc/2025-07-02/C6F437CB51A12C32E7DDE077257D430D.pdf
上海三克激光科技有限公司,"SHANGHAI 3K LASER TECHNOLOGY CO., LTD.",N1-C701,N1,CHINA,cat-10,上海三克激光科技有限公司成立于2005年，是一家专注于激光智能装备研发与制造的高新技术企业，荣获上海市“专精特新”企业认定，并入选上海市“小巨人培育”计划。公司总部与研发中心坐落于国家级产业园区——G60科创走廊松江漕河泾科技绿洲，同时在新加坡、香港、天津和深圳设有分子机构。主营业务涵盖锂电自动化焊接系统、高速激光清洗系统、精密激光微加工系统、激光打孔系统、激光打标系统、激光划片系统及各类非标自动化设备定制。,https://www.3klaser.com,https://exhibitors.informamarkets-info.com/event/2026Medtec/en-US/exhibitor/467151/shanghai-3k-laser-technology-co---ltd-,https://image.imconlinereg.com/mm-mtc/2026-01-28/7859B0719CB9DCFA6EAA0ADD220822B8.pdf;https://image.imconlinereg.com/mm-mtc/2026-01-28/712E630803261A1D3F1941A4C6DBB72F.pdf
惠州安脉通医用高分子材料有限公司,Huizhou Amedtube Medical Polymer Co; Ltd,N2-H405,N2,CHINA,cat-05,惠州安脉通医用高分子材料公司主要专注精密挤出塑料挤出制品，优势产品包括PTFE球囊/支架套管件、热流变芯线、PTFE热缩管、斑马条纹热缩管。同时生产挤出热塑性氟塑料如FEP、ETFE、PFA、PVDF管，PA、Pebax、PE、PET等热塑性挤出管以及浸渍聚酰亚胺PI超薄管。,,https://exhibitors.informamarkets-info.com/event/2026Medtec/en-US/exhibitor/467152/huizhou-amedtube-medical-polymer-co;-ltd,https://image.imconlinereg.com/mm-mtc/2025-04-30/D00BD3893878F2A45D0CAB1A27744F2D.pdf
苏州市金澳威包装制品有限公司,"Suzhou King-ourway Packaging Co.,Ltd.",N4-A102,N4,CHINA,cat-13,苏州市金澳威包装制品有限公司一家专业生产吸塑包装的民营企业，公司成立于2010年，是深圳市澳威包装制品有限公司旗下成立的子公司。公司拥有多台德国进口全自动压空成形设备（ILLIG、KIEFEL）与CNC加工中心，取得10000级洁净车间第三方认证证书，ISO13485认证证书等。从图纸设计，模具制作，材料挤出，生产加工一站式制作完成。适应客户快节奏，高效率，低成本的要求，特制加大型真空成形生产设备，更能满足大型吸塑产品及医疗器械生产厂商的需求（可生产长2.5m X 宽1.6m的吸塑产品）。21年专注吸塑生产，让我们更有经验、更加专业。,http://www.k-ourwaytray.com,https://exhibitors.informamarkets-info.com/event/2026Medtec/en-US/exhibitor/467153/suzhou-king-ourway-packaging-co--ltd-,https://image.imconlinereg.com/mm-mtc/2025-07-25/4F841B3CAB79FA8A291DB9F9D5604C5B.pdf
上海远梓电子科技有限公司,"Shanghai Yuanzi Electronic Technology Co., Ltd.",N4-F402,N4,CHINA,cat-17,上海远梓电子科技有限公司（成立于2006年1月），是一家集技术开发、生产制造以及产品代理为一体的高科技企业。公司产品广泛应用于医用产品的各类物理性能测试、检验、分析和研究。 公司主要产品有：医用注射针测试仪、注射器测试仪、输液针测试仪、输液器测试仪、缝合针测试仪、缝合线测试仪、手术刀片测试仪、留置针测试仪、采血针测试仪、针灸针测试仪、导管系列测试仪、节育器测试仪、牙科测试仪、钳镊系列测试仪、检验设备等仪器，可为用户提供非标规格产品的设计，能满足用户的特殊要求。 如您有进一步的需求，欢迎您的来电来函，我们将竭诚为您提供优质的服务。,https://www.yuanzi-sh.com,https://exhibitors.informamarkets-info.com/event/2026Medtec/en-US/exhibitor/467154/shanghai-yuanzi-electronic-technology-co---ltd-,https://image.imconlinereg.com/mm-mtc/2025-08-13/6B0FB57BB924BD9E40CFF3338F159435.pdf
重庆致渝弹簧有限公司,CHONGOING ZHIYU SPRING CO.LTD.,N2-A702,N2,CHINA,cat-02,"重庆致渝弹簧有限公司成立于2011年，专业设计制造精密弹簧，汽车零部件的企业。产品广泛用于汽车行业 医疗器械行业 消费电子行业等等。拥有专业研发团队，为客户提供产品解决方案，我们可按客户的要求，提供设计方案、三维数据建模、产品制作、产品检验等前期产品研发需求。目前我公司产品加工最小线径0.03mm，最小加工外径0.10mm,主要生产精密医疗器械精密弹簧 PTFE涂层导丝 内窥镜管簧  营养管导丝  医疗导管等等。公司全面通过ISO13485:2016 ,ISO9001 :2015, IATF 16949:2016质量管理体系。现有各类生产设备30台，有国内先进的无凸轮电脑弹簧机、精密数控压簧机、精密弹簧拉压试验机、二次元、投影仪、弹簧疲劳试验机等检测设备。公司秉承“市场导向，研发驱动，质量为本，诚信经营”的发展战略。竭诚为客户提供优质产品服务。",https://www.cqjzyth.com,https://exhibitors.informamarkets-info.com/event/2026Medtec/en-US/exhibitor/467155/chongoing-zhiyu-spring-co-ltd-,https://image.imconlinereg.com/mm-mtc/2025-09-11/6F222D9A4C4E703684DF0D9970324C5D.pdf;https://image.imconlinereg.com/mm-mtc/2026-02-03/295F56A2F77231E536364481894297BA.jpg
昆山聚亿源精密模具有限公司,"KUN SHAN JU YI YUAN PRECISION MOULD CO., LTD",N3-C209,N3,CHINA,cat-09,"昆山聚亿源精密模具有限公司 ,始建于2007年,坐落在江苏省昆山市高新开发区. 主要经营出口精密塑胶模具的产品设计与精密塑胶模具生产及医疗塑胶产品生产,高温产品的模具及注塑生产，同时为在大陆投资设厂的亚洲、欧洲、非洲、南美洲、北美洲、大洋洲等海内外客户提供诚信的服务。 主要制造的有:医疗、汽车功能件、办公设备、家用电器、IT周边产品、电子数码及特种设备等模具。 拥有先进的生产设备:单双色注塑机、线切割、火花机、CNC加工中心和三座标测量仪等精密加工检测设备。具有专业知识经验丰富的模具开发设计工程师,能够熟练运用Pro/Engineer、CAD、UG和Mastercam等软件进行设计与制造。",http://www.cn-jyy.com,https://exhibitors.informamarkets-info.com/event/2026Medtec/en-US/exhibitor/467156/kun-shan-ju-yi-yuan-precision-mould-co---ltd,https://image.imconlinereg.com/mm-mtc/2026-07-30/7708165E830EFEB9E632D3EB454C316C.pdf
嘉兴市海尔森医疗科技有限公司,"Jiaxing Health Medical Technology Co., Ltd.",N4-A408,N4,CHINA,cat-13,嘉兴海尔森医疗科技有限公司是一家专注于提供适合各种灭菌方式的医用包装制造商。 公司秉承“专业，专注，卓越”的发展理念，以“质量第一”为宗旨，依据医疗器械生产的专业要求进行厂房、生产环境及生产流程的设计。公司目前拥 1500 多平方米十万级净化车间以及 3000 多平方米生产厂房。独有的微粒清除设备，高性能的柔版印刷设备，各类型的专业制袋设备与在线检测设备的结合，使公司提供稳定服务有了坚实的基础。产品理化指标实验室、万级实验室，使公司提供可靠服务有了充分的保障。高素质的管理人员，专业的技术人员，训练有素的作业人员和精干的经营人员，使公司提供长期服务有了根本的保证。,https://www.jxhes.com,https://exhibitors.informamarkets-info.com/event/2026Medtec/en-US/exhibitor/467157/jiaxing-health-medical-technology-co---ltd-,https://image.imconlinereg.com/mm-mtc/2025-08-05/8A4ACFBABE0A3622F9E7F00018C4CC83.pdf
常州不二精机有限公司,"Changzhou FUJISEIKI Co.,Ltd",N3-A405,N3,CHINA,cat-09,不二精机是专业开发精密注塑模具的日资企业，多年来在中国医疗器械领域中具有诸多实绩。不二精机的模具拥有超短成形周期、超长使用寿命、一模多穴的独有特性，为客户的稳定注塑以及高效率的成产提供了保障。,https://www.fujiseiki.com,https://exhibitors.informamarkets-info.com/event/2026Medtec/en-US/exhibitor/467158/changzhou-fujiseiki-co--ltd,https://image.imconlinereg.com/mm-mtc/2026-07-24/1D3748F1943215351FDF502DC16583EB.pdf;https://image.imconlinereg.com/mm-mtc/2026-07-24/F9DF05A63EC73E8DBA3796334CEAF01C.pdf
金子电线电讯（苏州）有限公司,"Kaneko Wire & Telecommnunication (Suzhou) Co., Ltd.",N2-A406,N2,JAPAN,cat-05,金子电线医疗事业本部介绍 金子集团1932年在日本成立，以电线事业起家。1992年开始涉足医疗行业，1994年在中国苏州建立工厂。经过20多年的奋斗和发展，目前已和全球上百家客户建立良好的合作关系，为客户提供脑部、心脏、腹部、消化道、呼吸道、泌尿等部位介入类导管。如：微导管、造影导管、导引导管、抽吸导管、鞘管、电生理管材、一次性使用内窥镜管材等。,https://www.kaneko-cord.com,https://exhibitors.informamarkets-info.com/event/2026Medtec/en-US/exhibitor/467159/kaneko-wire---telecommnunication-(suzhou)-co---ltd-,https://image.imconlinereg.com/mm-mtc/2025-07-02/D3F79565A6CE07843E43C2C550DE3812.pdf;https://image.imconlinereg.com/mm-mtc/2026-01-16/AE0E3FA677DDCC926E86F9D8B12C3714.pdf
马特罗（天津）精密科技有限公司,"Matro（Tianjin）Precision Technology Co., Ltd",N1-A902,N1,CHINA,cat-02,马特罗（天津）精密科技有限公司成立于2024年5月，坐落于天津市武清区，是一家专注于高性能精密金属丝材、特种合金材料、医用介入丝材研发、生产与销售的高新技术型精密制造企业，致力于打破国外高端丝材技术垄断，为医疗、航空航天、电子、军工装备、石油化工等领域提供高精准与定制化精密材料解决方案。公司以“技术创新、品质极致、客户共生”为核心理念，依托全链条材料研发、精密加工与严苛品控体系，建成集原材料制备、丝材拉拔、热处理、表面处理、精度检测于一体的现代化生产基地，年产能达500余吨，是全国乃至世界极具竞争力的精密不锈钢丝材专业制造商。,http://www.matro-precision.com/,https://exhibitors.informamarkets-info.com/event/2026Medtec/en-US/exhibitor/467160/matro（tianjin）precision-technology-co---ltd,https://image.imconlinereg.com/mm-mtc/2026-04-16/2D2D68FCCDF55CED5E380C9DAC53014B.pdf;https://image.imconlinereg.com/mm-mtc/2026-05-08/709E81C559B10D859B38B78023EA1FE9.pdf
江阴豪露镍钛新材料有限公司,"Jiangyin Hao Lu Ni Ti new materials Co., Ltd",N1-H205,N1,CHINA,cat-02,豪露科技位于江苏省江阴市。10多年来，豪露科技在镍钛的道路上砥砺前行，从镍钛医用材料加工，再到镍钛精密部件的组装，提供一站式解决方案。我们自主研发镍钛材料生产、加工机械设备，同时引进了激光切割机，精密检测等先进的仪器设备。生产高质量的支架用材料、导丝用材料、缝合线用材料、镁合金可降解管材、可吸收缝合线、医用镍态记忆合金管、各种镍钛弹簧及定型、镍钛微丝等医疗用镍钛记忆合金材料和制品。雕琢于微毫之间酸洗、抛光、钝化，完备的表面处理工艺。专注、专业、创新，是我们不断前行的动力。我们致力于打造豪露品牌，提升企业的核心竞争力与管理水平，以优质的产品进入市场，以过硬的品质赢得客户的满意。,https://www.jyhaolu.com,https://exhibitors.informamarkets-info.com/event/2026Medtec/en-US/exhibitor/467161/jiangyin-hao-lu-ni-ti-new-materials-co---ltd,https://image.imconlinereg.com/mm-mtc/2025-04-30/F299E20AE2C9C7B8CED686D87A79829A.pdf;https://image.imconlinereg.com/mm-mtc/2026-02-12/26178D85A744747F7684022462869789.pdf
苏州禹文检测技术有限公司,"Suzhou Yuwen Testing Technology Co.,Ltd.",N4-F214,N4,CHINA,cat-17,禹文检测深耕高端植介入医疗器械领域，总投资超1000万元，实验室符合ISO 17025管理体系要求，并于2024年获得国家级CMA认证和CNAS实验室认可，可以为客户出具公正、科学、准确的检验报告。禹文检测核心团队熟悉医疗器械法律法规及相关政策，在医疗器械产品设计、力学验证、工艺验证、注册申报及发补等拥有丰富的经验和成功案例。尤其在心脏瓣膜、血管支架、封堵器等高端医疗植入器械有限元分析（FEA）和疲劳耐久性评估领域有着领先的技术积累优势，让每一次植入，都经得起时间的考验！,,https://exhibitors.informamarkets-info.com/event/2026Medtec/en-US/exhibitor/467162/suzhou-yuwen-testing-technology-co--ltd-,https://image.imconlinereg.com/mm-mtc/2025-05-07/FABEFE5B80D50750F363CB62848B3013.pdf
上海芬勃医疗科技有限公司,"Shanghai Fenbo Medical Technology Co., Ltd.",N1-B102,N1,CHINA,cat-15,上海芬勃医疗科技有限公司成立于2019年6月，是一家集医疗器械零部件工艺开发、生产和销售服务于一体的综合性公司。主要研发生产高端医疗耗材，包括导丝OEM，支架激光切割及后处理、派瑞林与特氟龙涂层、芯丝芯轴磨削、焊接、以及医用微小零部件加工等，目前有上海芬勃纳米科技有限公司、芬勃生物科技(苏州)有限公司和上海坤润康泽医疗科技有限公司三家关联公司。各类加工车间共计12000余平米，职工人数200余人。加工产品应用涉及心血管、脑神经、五官、泌尿、消化、普外等多个领域。公司通过了ISO13485-2016质量管理体系认证。现已获得27个国家授权专利，并获得国家高新技术企业和专精特新企业认证。,https://www.fenbomedical.com,https://exhibitors.informamarkets-info.com/event/2026Medtec/en-US/exhibitor/467163/shanghai-fenbo-medical-technology-co---ltd-,
台州孚科思自动化科技有限公司,"Taizhou Focus Works Automation Tech Co .,Ltd",N3-F210,N3,CHINA,cat-11,我们是一家深耕工业自动化领域的专业设备制造商，始终热忱为全球客户提供一站式自动化生产解决方案。集成高性能机械臂、工业机器人及自研物联网平台，全力助力企业实现生产自动化、智能化转型，携手推动“无人工厂”与智能制造模式落地。公司长期专注医疗自动化设备研发制造，在输液器组装机、绕管包装机、细菌过滤器组装机等细分产品线，积淀扎实技术与丰富项目经验，业务覆盖美、俄、澳等多国，可提供单机定制、模块化设计至整线集成的全方位服务。依托机械、电气、软件及视觉系统跨学科团队，深耕非标医疗自动化机械定制。我们坚持以客户需求为导向来打造创新设备与灵活解决方案，期待与更多伙伴携手同行，成为您值得信赖的长期合作优选供应商,http://www.focusworksmachine.com/,https://exhibitors.informamarkets-info.com/event/2026Medtec/en-US/exhibitor/467164/taizhou-focus-works-automation-tech-co---ltd,https://image.imconlinereg.com/mm-mtc/2026-01-13/21C60076E0BD0AB106EC832F20B41DAF.pdf;https://image.imconlinereg.com/mm-mtc/2026-01-13/CF9EBDF914248A19B6AE73A53529613A.pdf
东莞市英硕医用包装科技有限公司,"Dongguan Yinso Medical Packaging Co.,ltd",N4-C111,N4,CHINA,cat-13,英硕包装专注于定制医疗器械吸塑盒包装，公司成立于2007年，致力于服务各大医疗器械厂商和生物制药企业。公司拥有ISO Class 万级洁净生产车间，全面通过ISO13485-2016体系并严格执行管理，与创新的吸塑热成型技术相辅相成。    为了确保无菌屏障系统的有效性和安全性，我们注重各项过程的品质监控。对原材料进行生物相容性、灭菌适应性、耐老化性、物理及化学性等验证。出货经初始污染菌及不溶性微粒测试。经过十七年来经验的累积与创新，多年来受到国内外客户的一致好评。我们敬重生命，以匠心精神将医疗器械包装风险降至最低，为患者敬献绵薄之力！,https://www.yinsobz.com,https://exhibitors.informamarkets-info.com/event/2026Medtec/en-US/exhibitor/467165/dongguan-yinso-medical-packaging-co--ltd,https://image.imconlinereg.com/mm-mtc/2025-09-12/2752D48A7361753D95755CD57D0BC0B2.pdf;https://image.imconlinereg.com/mm-mtc/2026-07-11/AB948856C56C402A2E0C5A9E5AD4D2C3.pdf
苏州鑫康道医疗科技有限公司,"Suzhou xkd Medical Technology Co., Ltd.",N3-F701,N3,CHINA,cat-02,苏州鑫康道医疗科技有限公司是一家以一次性使用留置针为核心的产品服务公司，专业为客户提供的留置针技术服务、组装设备、零件注塑加工，模具制造、新品开发等业务，协助生产企业彻底解决留置针产品技术、质量、生产、新品开发等各项问题。,http://www.xinkangdao.com,https://exhibitors.informamarkets-info.com/event/2026Medtec/en-US/exhibitor/467166/suzhou-xkd-medical-technology-co---ltd-,
上海睿度光电科技有限公司,"Shanghai Ruidu Photoelectric Technology Co., Ltd.",N3-B509,N3,CHINA,cat-14,上海睿度光电科技有限公司成立于2009年，一直专注于微米及亚微米级3D超高精度功能性纳米材料打印的开发及应用，公司提供的产品及服务广泛应用于可拉伸穿戴器件、MicroLED、生物芯片打印、钙钛矿太阳能电池、CGM连续血糖传感器、药物微球、超级电容器、显示器面板修补、微透镜阵列、DNA合成等领域。睿度光电是一家致力服务于生命科技、人工智能、医疗健康、半导体集成电路、柔性印刷电子、空天科技、深地深海等产业的高新技术企业。助推国内精微制造技术的产业化进程是睿度光电一直以来的愿景。公司依托多年积累的Inkjet、EHD、Ultra-sonic等微流体喷射核心技术，已为国内百余所高校、研究所及各类前沿应用头部企业提供专业的系统解决方案。,https://www.rd-mv.com,https://exhibitors.informamarkets-info.com/event/2026Medtec/en-US/exhibitor/467167/shanghai-ruidu-photoelectric-technology-co---ltd-,
红蓝泰科(常州)医疗科技有限公司,"CHANGZHOU HLNTEC MEDICAL TECHNOLOGY CO., LTD.",N2-G210,N2,CHINA,cat-15,红蓝泰科 TM 致力于血管介入医疗器械解决方案及产品交付 (CDMO)，根据客户需求提供可选择的解决方案。  公司依托高校优异的学术资源与先进技术结合临床医生经验，为医疗器械的发展注入活力。产品覆盖：血管鞘、调弯鞘、 支架输送系统、微导管、抽吸导管、支撑导管、导引导管、内窥镜插入管等。  2022年以来，团队相继在心血管介入导管，可撕鞘及氟塑料导管表面改性方面相继取得突破性成果，标志着红蓝泰科在血管介入、电生理介入方面取得了积极进展。  同时红蓝泰科是美国 AEL，美国休斯顿大学介植入器械磁共振兼容（MRI） 研究服务中国区独家合作伙伴。,https://www.hlntec.com,https://exhibitors.informamarkets-info.com/event/2026Medtec/en-US/exhibitor/467168/changzhou-hlntec-medical-technology-co---ltd-,https://image.imconlinereg.com/mm-mtc/2025-04-30/24CF168CC5BD5BDFF8B752005F24EEFB.pdf;https://image.imconlinereg.com/mm-mtc/2026-07-23/D0E5C0DB011CB636E1F44D1CD68E8C1A.pdf
上海大光硅研化工有限公司,"Shanghai Daiko Silicon Co., Ltd.",N3-C105,N3,CHINA,cat-14,上海大光硅研是一家专注于高性能表面涂层新材料及其应用的高科技公司。公司核心产品医疗用干膜润滑涂层涂料，主要应用于海波管、导丝、芯轴等，公司主导国产替代，本土化服务，高速响应，个性化定制化配色。公司涂层还可以应用于射频穿刺针、微波消融针、吻合器等医疗器械。公司还提供ptfe材质的单腔管表面刻度印制，可提供多种颜色选择，表面结合力强。如果您有新的功能性涂层应用想法，欢迎与我们联系，我们很乐意携手开发新市场。,,https://exhibitors.informamarkets-info.com/event/2026Medtec/en-US/exhibitor/467169/shanghai-daiko-silicon-co---ltd-,
瑞华高科技电子工业园（厦门）有限公司,"Suiwa High Technology Electronic Industries (Xiamen) Co.,Ltd.",N1-G808,N1,CHINA,cat-02,瑞华高科技电子工业园(厦门)有限公司是Twisden Limited在厦门投资创办的专业柔性电路板制造厂，注册资本为9047万人民币、公司地处厦门光电产业园中心位置、毗邻厦门国际会展中心和软件园二期。集团公司在马来西亚拥有QDOS Flexcircuits柔性电路板制造厂和QDOS MIS半导体承载板制造厂。    瑞华高科主要专注于高质量和覆盖宽泛的UL认证FPC和FPCA（组装），包含单层板、双层板、多层板和软件硬结合板的研发与生产，产品广泛配套于移动通讯、5G、锂电池、电脑、数码相机、触控屏、液晶显示屏、穿戴设备、汽车、机器人和工控等等，是松下、通用、夏普、索尼、伟创力、富士胶片、富士通、伯恩、超声、莱宝等国内外知名公司的配套商，更是欧美PCB贸易商的多年战略供应商、合作伙伴遍及全球。,https://www.swflex.com,https://exhibitors.informamarkets-info.com/event/2026Medtec/en-US/exhibitor/467170/suiwa-high-technology-electronic-industries-(xiamen)-co--ltd-,
宁波创导三维医疗科技有限公司,Ningbo Trando 3D Medical Technology Inc.,N2-G110,N2,CHINA,cat-17,宁波创导三维医疗科技有限公司联合西安交通大学机械制造系统国家重点实验室，专业从事3D打印医疗模型专用装备、材料及模型系统研发，是中国最早开展3D打印功能化复杂仿生模型的单位之一，为“十三五”国家重点研发计划项目“3D打印复杂功能化医疗模型及其临床应用”项目牵头单位。基于创新的多喷头硅胶3D打印技术，开发多种整合多功能传感器的智能化医疗模型系统，申请多项发明专利，相关技术及产品已经获得国内外临床单位的高度认可，获宁波市3315人才计划、2017年宁波市生命健康产业重大专项、国家重点研发计划项目资助。,https://www.trandomed.com,https://exhibitors.informamarkets-info.com/event/2026Medtec/en-US/exhibitor/467171/ningbo-trando-3d-medical-technology-inc-,https://image.imconlinereg.com/mm-mtc/2026-07-23/90251BBBA26A4D7934F845D691A59520.pdf
上海普利生三维科技有限公司,Prismlab China Ltd.,N1-A206,N1,CHINA,cat-10,上海普利生三维科技有限公司是一家3D打印一站式解决方案的供应商。普利生不仅生产销售自研的3D打印设备，并且还提供配套的3D打印服务以及国内首屈一指的3D打印批量化生产线。  普利生的微纳3D打印机系列具有全球领先的2微米打印精度。同时，打印材质也丰富多样，不仅拥有高精度的树脂材料，还有物理、机械性能优秀的氧化铝、氧化锆等陶瓷材料。  普利生微纳3D打印的产品已经实现了批量化生产，包括内窥镜用的精密绝缘件、神经刺激器用的陶瓷馈通和人工心脏用的螺旋桨叶等等。,https://www.prismlab.cn,https://exhibitors.informamarkets-info.com/event/2026Medtec/en-US/exhibitor/467172/prismlab-china-ltd-,
杭州临安康宏精密科技有限公司,"Hangzhou Lin'an Kanghong Precision Technology Co., Ltd",N2-F402,N2,CHINA,cat-02,杭州临安康宏精密科技有限公司成立于2013年10月，位于杭州市临安区昌化镇，专注医疗器械配件、精密仪表切削件、电子元器件等零部件生产，集研发、制造、服务于一身的国家高新技术企业。公司始终坚持“开拓创新，合作共赢”的经营理念，秉承“持续改进，精益求精，用心服务，客户满意”的质量方针。本公司曾多次获得研发创新专利，拥有员工近200人，技工都经过多次严格技能培训和层层考核，不断强化质量意识，工作作风严谨，对产品质量要求精益求精。公司拥有全自动化生产设备和检测手段，生产过程中严格按照ISO9001:2015、ISO13485:2016质量管理体系流程控制生产和质量，以确保产品的质量达到客户要求的标准。,https://www.hzkanghong.com,https://exhibitors.informamarkets-info.com/event/2026Medtec/en-US/exhibitor/467173/hangzhou-lin'an-kanghong-precision-technology-co---ltd,https://image.imconlinereg.com/mm-mtc/2025-04-30/1F10F5AB50F02825F1DE0A2FE0F71233.pdf
广东博迈医疗科技股份有限公司,"BrosMed Medical Co., Ltd.",N3-F702,N3,CHINA,cat-15,"博迈医疗创立于2012年，专注于血管介入医疗器械和治疗技术的研发、生产和全球销售，是一家技术行业领先的医疗器械平台型跨国集团公司。公司总部位于广东省东莞市,在中国东莞、深圳、上海、株洲,以及荷兰、新加坡、印度等地分别设有子公司、生产基地、研发中心和办事处。 博迈医疗拥有50多个产品系列、全球超过600张产品注册证，公司产品已覆盖心血管介入、外周血管介入、血管通路、神经介入、介入配件等多个领域,产品行销全球100多个国家和地区。 博迈医疗本着“科技拥抱生命”的理念,积极践行全球化的医工结合、产学研一体化的开放式创新模式,致力于不断为全球患者提供安全有效、高质创新的血管介入医疗器械产品。",https://www.brosmed.com,https://exhibitors.informamarkets-info.com/event/2026Medtec/en-US/exhibitor/467174/brosmed-medical-co---ltd-,https://image.imconlinereg.com/mm-mtc/2026-06-03/29EB42B91C7F10DBB05093CF58E182B7.pdf;https://image.imconlinereg.com/mm-mtc/2026-06-03/5F8A44750C07BC60D9088ABAA2C3CAB1.pdf
江苏百优达生命科技股份有限公司,"JIANGSU BIODA LIFE SCIENCE CO.,LTD.",N2-G501,N2,CHINA,cat-15,"江苏百优达生命科技股份有限公司成立于2016年，目前拥有南通与上海两个生产、研发基地。位于南通市北高新科技城的百优达科技园区，占地面积40亩，厂房面积35,000平米，其中洁净车间面积超过10,000平米，是百优达的生产基地。公司在上海张江医谷设有百优达研发中心，面积7000平米，其中实验室面积超过5000平米，可满足各类高端植介入高端医疗器械耗材与设备的研发与试生产需求。百优达可对外提供各种材料的缝合线、平面覆膜、管状覆膜、管状金属管、网片、切割/编织支架、球囊导管等医疗器械原材料或部件的代加工服务，提供镍钴合金/不锈钢/钴铬合金支架/编织支架抛光设备、抛光试剂、抛光服务等一站式解决方案。",https://www.biodals.com,https://exhibitors.informamarkets-info.com/event/2026Medtec/en-US/exhibitor/467175/jiangsu-bioda-life-science-co--ltd-,https://image.imconlinereg.com/mm-mtc/2025-09-18/388A29B347C24F0034C83DF4E6A0D922.pdf
欧亚斯电能科技（深圳）有限公司,RRC Power Solutions (Shenzhen) Ltd,N1-G502,N1,GERMANY,cat-08-3,欧亚斯电能科技(深圳)有限公司-我们为医疗和工业客户提供高品质的标准智能锂电池模组及配件。三十多年来凭借创新产品和可靠的品质成长为标准型智能锂电池模组行业的头部企业。我们的标准锂电池模组通过了全球主要国家的认证，为客户节约了研发时间及费用。灵活的供货数量和极短的交期极大减少了客户供应链管理的成本。承诺长达15年以上的供货可配合医疗产品长时间的占领市场。作为一家根植于德国的国际公司，我们的业务遍及全球——我们提供经过验证的德国工程技术，并结合亚洲生产的优势，为客户提供高品质的电池模组。我们的产品从轻薄型的聚合物电池到多串并的圆柱形电池。每个产品均配备SMBus通讯以及BMS保护板。主力产品3串2并的2040-2及4串2并的2054-2每年出货量均在十万组以上。产品广泛应用于从穿戴医疗设备到生命监护设备等多个领域。,https://www.rrc-ps.cn / www.rydian.cn,https://exhibitors.informamarkets-info.com/event/2026Medtec/en-US/exhibitor/467176/rrc-power-solutions-(shenzhen)-ltd,https://image.imconlinereg.com/mm-mtc/2025-08-06/B977DBBC30BF50233BC90CCD31232ABD.pdf
上海茸原氟塑料制品有限公司,"Shanghai Rongyuan Fluorocarbon Products CO., LTD.",N2-D110,N2,CHINA,cat-12,专业从事各类氟塑料制品的成型加工，特别在以下领域拥有雄厚的技术和丰富的经验：PTFE无接头连续挤出管，PTFE 精密尺寸挤出管，PTFE 异型挤出管，PTFE 多腔挤出管，二次加工增值服务等。,https://www.shryflon.com,https://exhibitors.informamarkets-info.com/event/2026Medtec/en-US/exhibitor/467177/shanghai-rongyuan-fluorocarbon-products-co---ltd-,https://image.imconlinereg.com/mm-mtc/2025-07-02/C9210E3610F7EAA635B08478A2F38598.pdf
苏州木渎特钢科技有限公司,Suzhou Mudu Special  Steel Technology Co;Ltd,N1-C606,N1,CHINA,cat-02,1988年建厂，技术力量雄厚，拥有先进的工艺设施，拥有优秀的人才和良好的信誉。生产不锈钢毛细管，铜、铝毛 细管及其它金属毛细管、异形毛细管的专业厂家。具体规格外径ф0.1mm至ф8mm，壁厚0.015mm至1mm 。 　　     “MD”为本厂注册商标，本系列产品质量可靠品种齐全，畅销全国各地及出口国外，深受广大用户欢迎和信赖。,https://www.sz-capillary.com,https://exhibitors.informamarkets-info.com/event/2026Medtec/en-US/exhibitor/467178/suzhou-mudu-special--steel-technology-co;ltd,
烟台金鹰科技有限公司,"Yantai Golden Eagle Technology co.,ltd",N3-A702,N3,CHINA,cat-14,烟台金鹰科技有限公司成立于1995年，是从事低压和常压等离子技术，射频及微波等离子体技术研发.推广.销售于一体的高新技术企业。 生产工厂位于中国金都之称的山东招远高新技术开发区，占地20000平方米，建有10000平方米的厂房和科研中心，公司主导产品有；等离子清洗机，等离子刻蚀机，等离子处理机，等离子辅助抛光系统。 烟台金鹰，作为等离子清洗机制造企业，已通过ISO9001质量认证，公司拥有领先的低压及常压等离子应用技术，并有完整的生产加工设备，可为客户提供特殊定制服务及交期短，已成为国内规模化生产能力的等离子表面处理设备公司。,http://www.gdrplasma.hk,https://exhibitors.informamarkets-info.com/event/2026Medtec/en-US/exhibitor/467179/yantai-golden-eagle-technology-co--ltd,https://image.imconlinereg.com/mm-mtc/2025-08-02/C16755FB3DA538BFD64FFE5E567BAD1B.pdf
宁波康飞乐新材料有限公司,"Nbcomfils New Material Co.,Ltd",N2-H202,N2,CHINA,cat-01,宁波康飞乐新材料有限公司成立于2022年1月，占地面积约2600平方米，地处宁波高新区产业园内。本公司是一家从事医用高分子线材研发和生产的技术企业，产品研发能力强，并与中科院宁波材料所建立了长期稳定的合作关系。公司致力于医用高强线材（超高分子量聚乙烯、聚醚醚酮等）、医用生物可降解线材（聚乳酸等）、医用通用塑料线材（尼龙、聚酯和聚丙烯等）三大类产品的研发和生产，目前均已生产出不同系列尺寸规格的医用线材产品。公司拥有十万级净化车间，运行ISO 13485质量管理体系，可为医用线材提供定制化生产加工服务。,,https://exhibitors.informamarkets-info.com/event/2026Medtec/en-US/exhibitor/467180/nbcomfils-new-material-co--ltd,https://image.imconlinereg.com/mm-mtc/2026-07-24/F76B2B00D6FDAC1796F8DBFF23CFF2DA.pdf;https://image.imconlinereg.com/mm-mtc/2026-07-24/91E44CA94CE43EA3DBD5CAA57DAA3FF5.pdf
常州赛尼康弹簧有限公司,"CHANGZHOU SINYKON SPRING CO.,LTD.",N3-H212,N3,CHINA,cat-02,公司成立于2009年；位于江苏常州新北区罗浮山路16号；十年磨一剑，斥资数千万元引入60余台台湾、日本高端设备，锻造医疗与工业弹簧的专业智造基地， 公司通过ISO13485医疗体系认证与ISO9001质量认证。 主要生产医药医疗用弹簧 、弹片、钛钉等。赛尼康聚焦医疗安全，以极致标准筑牢生命守护线。核心产品钛钉、缝合钉，甄选美国进口纯钛及钛合金丝材，500KG+钛丝滚动库存保障供应稳定；产品切口光洁、尺寸精准、钛夹尾部圆润无死角，制程全流程CCD视觉检测，将良品率刻进生产基因。以精微匠心为锚，开启精密弹簧的智造征程。,https://axbiywhd.fuwucms.com,https://exhibitors.informamarkets-info.com/event/2026Medtec/en-US/exhibitor/467181/changzhou-sinykon-spring-co--ltd-,https://image.imconlinereg.com/mm-mtc/2025-08-06/466497CEB25ED70481BE2EAD63944970.pdf
合肥远智自动化科技有限公司,"Hefei  Yuanzhi  Automation  Technology  Co., Ltd.",N4-F202,N4,CHINA,cat-17,合肥远智自动化科技有限公司，位于安徽省合肥经济开发区，是一家从事气密性检漏仪及功能测试自动化设备的开发、生产、销售的企业。从成立至今，公司一直秉承“专注气密性检测设备”的原则和“服务客户”的理念，已经为超过上千家企业的生产、质量、品管部门提供了质量检测控制解决方案。在国内外超过超过5000台气密性检漏仪器和设备服务在生产检测岗位。产品出口到欧洲，南美，东南亚等国家和地区。远智公司在是国内行业有完整研发体系的创新科技企业，远智科技以自动化智能检测及控制为核心技术，以密封检测为主要发展领域，在超高压和微低压检测方面取得重大突破，成功研发出微低压减压阀和微低压气密性检漏仪，公司致力于科技创新，拥有多项国家专利，荣获多种称号。远智检漏仪在众多领域逐渐代替进口仪器，为国内的生产制造和质量检测降低成本，部分功能在国外技术的基础上进行了消化吸收和改进，公司气密性检漏仪产品采用全中文的触摸式菜单，更符合国内生产的使用要求；简单易用的压力调整装置，更适应制造现场的可操作性；公司的气密性检漏仪产品广泛应用于汽车零部件、3C、家电，机械阀门，航空航天，医疗等领域。,https://www.hfyzat.cn,https://exhibitors.informamarkets-info.com/event/2026Medtec/en-US/exhibitor/467182/hefei--yuanzhi--automation--technology--co---ltd-,https://image.imconlinereg.com/mm-mtc/2025-08-01/04130FA423CD291057B948B2830CD6BE.pdf;https://image.imconlinereg.com/mm-mtc/2026-07-31/822D898A4AF81301F2DB24AA048E4FBE.pdf
上海怡天科技有限公司,ETIA-TECH,N3-A503,N3,CHINA,cat-14,上海怡天科技有限公司成立于2003年，拥有20余年行业经验，专注于UV紫外线固化技术的引进、推广与应用，是专业UV光源解决方案供应商。作为行业重要合作伙伴，公司自2006年起成为Excelitas（原LUMEN/EXFO）中国地区指定代理商、授权维修中心及授权经销商，并荣获“黄金经销商”称号。公司提供完整的UV紫外光源解决方案，包括点光源、面光源设备及相关耗材，覆盖UVA、UVB、UVC、UVV等波长类型。依托上海总部及深圳、武汉、台湾、香港、新加坡、越南、印度等地的服务网络，结合丰富的应用经验和本地化技术支持，为电子、光学、医疗等行业及科研院所提供专业服务，满足各类UV固化与紫外光应用需求。,https://www.etia-tech.com,https://exhibitors.informamarkets-info.com/event/2026Medtec/en-US/exhibitor/467183/etia-tech,https://image.imconlinereg.com/mm-mtc/2026-06-09/587ED73DE17893A992A19F8CEE505F71.pdf;https://image.imconlinereg.com/mm-mtc/2026-06-09/631BA5548B025FD72AC32AF483ACCC62.pdf
苏州保莱成医疗包装有限公司,"Suzhou Bolicen Medical Packaging Co.,Ltd",N3-D112,N3,CHINA,cat-13,苏州保莱成医疗包装有限公司，位于苏州市吴中区横泾街道木东路7862号，成立于2014年，成立之初就立志于服务医疗器械行业。公司拥有ISO class7/万级洁净车间、微生物实验室、物理实验室，通过ISO9001和ISO13485质量管理体系认证。公司专业设计生产医疗吸塑盒、封口机、PP衬板和特卫强盖材等。经过多年发展赢得了众多医疗器械企业的认可和信赖，同时也积攒了丰富的设计、开发经验。,https://www.bolicen.com,https://exhibitors.informamarkets-info.com/event/2026Medtec/en-US/exhibitor/467184/suzhou-bolicen-medical-packaging-co--ltd,https://image.imconlinereg.com/mm-mtc/2025-08-04/8D8AB16F204D82F63717C8ECFFB55FE4.pdf
淮安润脉医用材料有限公司,"Huai 'an Runmai Medical materials Co., LTD",N2-A311,N2,CHINA,cat-01,我公司是一家专业生产非吸收单丝线的厂家，产品具有表面顺滑、线径均匀、强度高、柔软易打结等特性。 符合YY0167-2020标准的要求，各项物理性能指标均合格，具备生物相容性的检测报告，产品适用于缝合人体组织、结扎等用途。,,https://exhibitors.informamarkets-info.com/event/2026Medtec/en-US/exhibitor/467185/huai-'an-runmai-medical-materials-co---ltd,
广东安拓普聚合物科技股份有限公司,"GuangDong Advanced Thermoplastic Polymer Technology Co.,Ltd",N2-D108,N2,CHINA,cat-01,广东安拓普聚合物科技股份有限公司（ATP）成立于2007年，专注于低碳、可持续高分子材料的研发与制造，致力于为医疗健康领域提供高性能聚合物解决方案。公司拥有国家级高新技术企业、国家专精特新“小巨人”企业、广东省制造业单项冠军等多项荣誉，科研实力雄厚。ATP新材料研究院位于东莞松山湖国家高新区，研发团队由来自中科院、北京化工大学等科研机构的硕博专家组成，现有研发人员48人，其中硕士及以上学历19人，占比达28%。公司建有通过CNAS认证的高标准材料实验室，截至2024年8月，累计取得240余项国内外专利授权，其中发明专利82项，持续推动技术迭代升级。在医疗领域，ATP自主研发的医疗级热塑性聚氨酯（TPU）材料具备优异的生物相容性、耐水解性、机械性能和耐化学性，产品广泛应用于心血管介入、泌尿导管、内窥镜管路、正畸器材、伤口敷料、医疗电缆等多个细分领域，符合ISO 10993、USP VI、FDA等国际标准，并提供定制化配方与配色服务。ATP坚持“无界创新，守护生命之路”，以专业科研能力赋能医疗行业，持续为人类健康贡献价值。,https://www.atpchem.com.cn,https://exhibitors.informamarkets-info.com/event/2026Medtec/en-US/exhibitor/467186/guangdong-advanced-thermoplastic-polymer-technology-co--ltd,https://image.imconlinereg.com/mm-mtc/2025-08-06/5C34F90954DD94629119960029E3945F.pdf
苏州奥珂瑞高分子材料有限公司,"Suzhou Aokeray Polymer Materials Co., Ltd",N2-C308,N2,CHINA,cat-05,苏州奥珂瑞是一家集研发、生产、OEM和销售于一体的13485认证的专门为医疗器械和特种工业领域提供含氟聚合物管材解决方案生产商。  奥珂瑞聚焦于医疗器械制造的高性能聚四氟乙烯，FEP和PEBAX挤出。我们的产品包括超薄壁内衬垫、热缩管、PEBAX套管，斑马纹热缩管等符合严格的医疗标准的挤出管材。在神经医学、心脏病学、泌尿学、胃肠病学、血管外科、内窥镜、呼吸治疗和骨科等介入科中至关重要。奥珂瑞的产品以其多功能性、可靠性而广受欢迎，在各种医学领域中发挥着至关重要的作用。,https://www.medicalptfe.com,https://exhibitors.informamarkets-info.com/event/2026Medtec/en-US/exhibitor/467187/suzhou-aokeray-polymer-materials-co---ltd,https://image.imconlinereg.com/mm-mtc/2025-05-07/2A1A65B27807FA2D45068624E47FFB07.pdf
湖南维迩医疗科技有限公司,"Hunan Well Medical Technology Co., Ltd.",N2-A503,N2,CHINA,cat-05,湖南维迩医疗科技有限公司坐落于美丽的长沙湘江江畔，是一家专注于为微创医疗器械公司提供“一对一”的定制化解决方案的高端医疗导管与配件制造的高新技术企业。产品与服务主要包括医用导管、医疗配件与模具开发、医疗耗材OEM生产。公司团队由具有材料、化学化工、医疗器械等背景的博士和硕士组成，汇集一批医疗导管行业资深技术人员，不断开展新型高分子材料成型加工技术的创新与研发，至今已取得各项专利授权二十多项。凭借多年的医疗行业从业经验，可以确保高效、安全的为您提供高品质产品。公司拥有GMP标准万级洁净生产车间2000多平米，并通过了ISO13485:2016国际医疗质量体系认证，保证所有的原材料采购、生产、检验过程有可追溯性。维迩医疗致力于成为国内最具领先技术和生产能力的医疗导管配件厂家，愿与更多的国内外医疗器械合作伙伴一起成长壮大！,http://www.well-medical.com/,https://exhibitors.informamarkets-info.com/event/2026Medtec/en-US/exhibitor/467188/hunan-well-medical-technology-co---ltd-,https://image.imconlinereg.com/mm-mtc/2025-07-16/1CF611B20CC8F29B3B9469E53108F5DF.pdf
成都欧特威博科技有限公司,"OTWAY MEDICAL,Co;Ltd",N2-G308,N2,CHINA,cat-05,一次性使用非血管腔道导丝（商品名：斑马导丝）广泛应用于泌尿系统和消化科手术中。本产品选用进口优质PTFE原材料。所有产品生物相容性均经过专业机构检测。,,https://exhibitors.informamarkets-info.com/event/2026Medtec/en-US/exhibitor/467189/otway-medical-co;ltd,
上海芯垣电子科技有限公司,Shanghai Xinyuan Ele.Tec.CoLtd,N1-G510,N1,CHINA,cat-08-2,芯垣电子，提供医械配件精品供应链服务。    产品包括：比头发丝还细小的传感器（压力，接触力）/气泡传感器/力传感器/高亮度亚克力/PEEK制品.    应用：心内科/外周神经/泌尿科/血液分析仪/生物芯片/基因测序,https://www.xinyuanet.com,https://exhibitors.informamarkets-info.com/event/2026Medtec/en-US/exhibitor/467190/shanghai-xinyuan-ele-tec-coltd,https://image.imconlinereg.com/mm-mtc/2025-04-25/E2D54409878BF098579AE89DFFB3F4A1.pdf
雅达模具设计制造有限公司,Ultratech Mold Design & Mfg. Co. Ltd.,N2-H110,N2,"Hong Kong,S.A.R.,China",cat-09,雅达于1985年在香港成立， 专注于高腔及精密医疗用品模具制造， 包括氧气罩，针筒，移液管，连接器，三通连接器等。64-128模腔，模数精度5um， 5-7S周期，为客人提供高精密高产能模具。,https://www.ultratech.com.hk,https://exhibitors.informamarkets-info.com/event/2026Medtec/en-US/exhibitor/467191/ultratech-mold-design---mfg--co--ltd-,https://image.imconlinereg.com/mm-mtc/2025-04-30/4D4798644DD08AF75D7D9C82E00CCDE3.pdf
"合瑞迈医用钢丝,钢管及组件",Alleima Advanced Materials,N1-A109,N1,USA,cat-02,Alleima Medical与全球范围内器械制造商合作。我们擅长设计和开发适用于各种医疗场景应用需求的高精密线材及组件，可专业满足临床医疗信号的精密传感、测量、传输、刺激、以及微创手术中实现精准捕捉或切割等功能。我们的核心精加工制造能力包括但不限于微线材成型、镍钛部件定制化加工、表面处理和激光精加工等，目前已广泛应用于各种临床医疗应用。,https://www.alleima.com/wire,https://exhibitors.informamarkets-info.com/event/2026Medtec/en-US/exhibitor/467192/alleima-advanced-materials,https://image.imconlinereg.com/mm-mtc/2026-04-23/AFD2E8418D739BD980376FF32647C875.pdf;https://image.imconlinereg.com/mm-mtc/2026-04-23/B2AF9B2BAF9210BB103BADA804D51C87.pdf
深圳朗医科技有限公司,"Lonyi Medicath Co., Ltd",N2-A207,N2,CHINA,cat-05,朗医成立于2010年，是一家通过了ISO13485认证的国家高新技术企业，致力于医疗导管的研发和生产。主要业务有精密管材挤出、导管OEM/ODM及医疗器械CDMO业务，业务遍布于欧美、中东、日韩、东南亚等多个国家和地区，立足深圳，已为全球超过1500+家医疗企业提供了优质的产品及服务。 朗医核心团队超过20年的导管研发和制造经验，公司拥有GMP标准万级和十万级洁净车间，导管生产基地15000m²，完善的实验室检测设备，并引进国际先进的设备和加工工艺，使产品质量更加精密可靠。 朗医秉承“优质、创新、诚信、共赢”的经营理念，坚持“对外成就客户，对内成就团队”的核心价值观，实现和客户共同的理想。,https://www.lonyi.com,https://exhibitors.informamarkets-info.com/event/2026Medtec/en-US/exhibitor/467193/lonyi-medicath-co---ltd,https://image.imconlinereg.com/mm-mtc/2026-02-06/79CD47F086601CB97BCB4EFC8C38CEB6.pdf;https://image.imconlinereg.com/mm-mtc/2026-01-09/838155B1448A9970A98723B4734D025F.pdf
台州众康医疗科技有限公司,"taizhou zhongkang medical technology co.,ltd.",N3-C208,N3,CHINA,cat-09,台州众康医疗科技有限公司，座落于中国模具之乡——浙江黄岩，产品涉及医用塑料耗材，精密模具等，是一家专业致力于开发、生产、销售塑料模具及塑料制品的企业。我们可根据各领域的专业需求，为客户量身定制并独立开发各类耗材模具及提供产品生产。我们已与国内外多家知名企业建立产品开发合作关系，精湛的技术以及优良的品质，得到了客户的高度赞许和认可。从设计到制造，不断的创新和高精的技术是我们不断超越自己的保证！“诚实守信，以质为本”是我们不变的宗旨，客户满意是我们最大的心愿！,,https://exhibitors.informamarkets-info.com/event/2026Medtec/en-US/exhibitor/467195/taizhou-zhongkang-medical-technology-co--ltd-,https://image.imconlinereg.com/mm-mtc/2026-07-03/7CFBA6547B5C950AAFB4715C070AF5F2.pdf
赛默新材料(深圳)有限公司,"Thermo Chemical Industrial Co., Ltd.",N2-D708,N2,USA,cat-04,赛默新材料（深圳）有限公司是一家资深的电子辅料方案供应商，我们专业为医疗电子，汽车电子，家电设备、芯片制品，工业、车载、生物等传感器，穿戴产品以及科研院校提供全球先进、可靠的粘接、导电、导热、三防、表面保护产品及技术应用解决方案。我们的专业销售及技术团队为中国及东南亚市场最具竞争优势产品：医疗导电粘接材料、低温银浆、医用UV、环氧及硅胶粘接剂、UV绝缘漆、三防漆、清洗剂及纳米防水（IPX8）、防潮、防盐雾、防UV等表面保护技术。,https://www.thermo-sz.com,https://exhibitors.informamarkets-info.com/event/2026Medtec/en-US/exhibitor/467196/thermo-chemical-industrial-co---ltd-,
圣戈班高新材料（上海）有限公司,"Saint-Gobain Performance Polymer Solutions (Shanghai) Co., Ltd.",N2-B201,N2,FRANCE,cat-05,圣戈班高新材料旗下生命科学事业部的医疗组件解决方案，专注于为全球客户开发与制造多种材质的医用软管和滤器。凭借超过60年的专业经验，我们提供包括TPE、PVC、TPU、烯烃类、硅胶及氟塑料等在内的多样化材料选择，并广泛应用于心血管、神经医学、胃肠病学等诸多医疗器械领域。同时，圣戈班高新材料旗下EQYO Motion Tech则与客户携手开发工程方案，针对各类应用机构，集成实体和虚拟设计工具，提供高质量、高效的客制化解决方案。往往应用于摇臂的各类滑动、转动的关节节点，可根据需求任意角度随动随停。适用于麻醉机、手术床、B超机、呼吸机、血液分析仪、假肢、牙科设备等关键应用场景中。,https://www.pps.saint-gobain.com.cn,https://exhibitors.informamarkets-info.com/event/2026Medtec/en-US/exhibitor/467198/saint-gobain-performance-polymer-solutions-(shanghai)-co---ltd-,
上海亿坦机电设备有限公司,"SHANGHAI YITAN ELECTRICAL CO.,LTD",N1-A406,N1,CHINA,cat-12,上海亿坦机电设备有限公司是日本MEC弹簧机授权代理商。设备广泛应用于医疗器械、电子电器、汽车配件、五金制品、精密模具等弹簧制造行业。依托多年行业深耕经验，我们构建完善一站式服务体系，售前提供设备选型、工艺方案定制、现场产能规划指导；售中全程跟进对接，保障设备准时交付、安装就位；售后配备专业资深技术工程师团队，提供上门安装调试、操作培训、故障维修、定期保养、原厂配件供应、设备升级改造等全流程贴心服务，快速响应解决客户生产设备各类问题。公司始终秉持品质为先、诚信经营、服务至上的经营理念，致力成为行业内值得信赖采购与售后一体化服务商，携手客户共创共赢发展。,https://www.yitan-sh.com,https://exhibitors.informamarkets-info.com/event/2026Medtec/en-US/exhibitor/467199/shanghai-yitan-electrical-co--ltd,https://image.imconlinereg.com/mm-mtc/2026-05-20/CC42D5AA0CD85AE1360EE452204DA8DC.pdf
珠海灵科自动化科技有限公司,"LingKe Automation Technology(Zhuhai)Co.,Ltd",N3-D701,N3,CHINA,cat-14,灵科超声波源于1993年，是国家高新技术企业、广东省专精特新企业、广东省超声波工程技术中心。灵科作为超声波伺服焊接技术全球开创者及超声波焊接机全球销量第一品牌，经过33年行业沉淀与科技创新，拥有强大的技术研发能力、精密的制造工艺以及全产业链的品牌优势，旗下拥有“灵科”、“apsonic”、“灵高”、“声峰”等品牌系列，主营伺服超声波焊接机、超声波焊接自动化配套、超声波自动化专用机等，为医疗器械、消费性电子、汽车内外饰、打印机耗材、母婴用品、食品包装、家用电器、文具玩具、新能源储能等行业，提供专业的应用解决方案。产品远销99国及地区，包括德国、日本、瑞士、美国，服务客户数量超过100000+家。,https://www.lingkeco.com,https://exhibitors.informamarkets-info.com/event/2026Medtec/en-US/exhibitor/467200/lingke-automation-technology(zhuhai)co--ltd,https://image.imconlinereg.com/mm-mtc/2026-07-16/1CB5B0F44820BAB3CA5B51B3E55411D2.pdf;https://image.imconlinereg.com/mm-mtc/2026-07-20/742EA3F5ADB7F7BAB7B3D6A1520648D3.pdf
江阴荣邦新材料科技有限公司,"Jiangyin Winbond Repeated Materials Technology Co., Ltd.",N1-H124,N1,CHINA,cat-02,江阴荣邦新材料科技有限公司成立于2011年初，主要从事镍钛记忆合金材料的研究、开发、生产和销售，公司主要提供医用镍钛合金丝材以及相关镍钛合金医疗器械的OEM加工。,https://www.jswinbond.com,https://exhibitors.informamarkets-info.com/event/2026Medtec/en-US/exhibitor/467201/jiangyin-winbond-repeated-materials-technology-co---ltd-,https://image.imconlinereg.com/mm-mtc/2025-08-28/3C1DB2FDA947C4FEC3493CDC07D3E79E.pdf
麦瑞通,Merit Medical OEM,N2-H409,N2,USA,cat-15,我们广泛的产品和定制能力使Merit Medical OEM成为全球众多最受尊敬的医疗设备制造商的首选供应商。 Merit Medical OEM为我们的合作伙伴提供了为您的新项目或现有项目更高效地设计设备或组件的独特机会。 客户从包含数千种经过现场验证的医疗设备和组件的Merit Medical OEM目录开始，并与我们的专业OEM工程团队合作，根据您的特定项目需求定制这些设备和组件,https://MeritOEM.com,https://exhibitors.informamarkets-info.com/event/2026Medtec/en-US/exhibitor/467202/merit-medical-oem,
RESONETICS LLC,RESONETICS,N1-A301,N1,USA,cat-15,Resonetics成立于1987年，是微制造领域和生命科学领域提供合约制造服务的先行者。 公司是激光加工、无心磨削、镍钛合金加工、薄壁不锈钢管制造、贵金属成型和机加工领域的全球领导者，战略上为全球医疗公司提供高效的Lightspeed应用研发服务。Resonetics建立在质量、效率和创新的基础上，始终以客户为中心的方式提供一流的价值服务。 公司通过了ISO 13485：2016认证，并在美国，哥斯达黎加，以色列和瑞士均设有工厂。,https://www.resonetics.com,https://exhibitors.informamarkets-info.com/event/2026Medtec/en-US/exhibitor/467203/resonetics,
上海久罗机电设备有限公司,"Shanghai Jiuluo Mechanical And Electrical Equipment.,Ltd",N4-B102,N4,CHINA,cat-13,上海久罗机电设备有限公司于2002年在上海注册，是一家集研发、设计、制造、销售及技术服务为一体的生产型现代化企业，率先通过ISO9001国际质量体系认证，符合CE认证，拥有“实用、外观”专利证书。自2004年为医疗器械、医用耗材、医用敷料等企业提供吸塑泡壳和透析纸包装的专用热合设备，并致力以质量优先、服务优先，畅销东南亚、欧洲、美洲、澳洲等地域。我们的部分客户群体：强生、美敦力、威高、微创、迈普、乐普医疗、捷迈、纳通、戴维、迈瑞、驼人、爱康、新华、稳健等，PHILIPS、A.O. 史密斯、SAMSUNG、Valeo、TOSHIBA、omron、3M、NIVEA、Stanley等。,https://www.jiuluo.com,https://exhibitors.informamarkets-info.com/event/2026Medtec/en-US/exhibitor/467204/shanghai-jiuluo-mechanical-and-electrical-equipment--ltd,https://image.imconlinereg.com/mm-mtc/2026-06-29/F9CCD15F10F807C282A905B62E6E4FBB.pdf
泰州宏淼医用材料有限公司,"Taizhou Hongmiao Medical Materials Co., Ltd",N1-H502,N1,CHINA,cat-02,泰州宏淼医用材料有限公司是江苏鸿泽不锈钢丝绳有限公司（宏泰品牌）旗下一家从事高端医疗丝材研发、生产、销售的专业性企业。公司地处“不锈钢名镇”——中国戴南镇科技园区北侧。总公司被认定为国家高新技术企业公司，2023年通过医疗器械质量管理体系ISO13485:2016认证，并颁发证书。公司主营医用产品：不锈钢旋转钢丝、不锈钢旋转钢丝绳、不锈钢球头钢丝绳、不锈钢空心钢丝绳、镍钛合金丝、钨丝绳等。为医疗器械行业提供优质的服务，致力于成为医疗器械领域的优秀供应商。,https://www.himetals.com,https://exhibitors.informamarkets-info.com/event/2026Medtec/en-US/exhibitor/467205/taizhou-hongmiao-medical-materials-co---ltd,
古河科技材料株式会社,"Furukawa Techno Material Co.,Ltd",N1-D602,N1,JAPAN,cat-02,古河科技材料株式会社，致力于医用镍钛合金材料生产，已有二十多年历史。我们为您量身定做各种尺寸的植入级镍钛丝及镍钛管。运用集团内部多年的熔炼技术和独家改制的熔炉，我们在自家工厂完成所有原材料的熔炼。古河是全球唯一能够100%追溯到元素配方的镍钛合金成形材料制造商。古河先进的技术以及丰富的经验保证了材料纯度和低杂质，从而保障了稳定的Af温度、安定的超弹性能和超高的耐久性。,https://www.furukawa-ftm.com/chinese/,https://exhibitors.informamarkets-info.com/event/2026Medtec/en-US/exhibitor/467206/furukawa-techno-material-co--ltd,https://image.imconlinereg.com/mm-mtc/2026-06-18/F946EF2E89969A7B75F16494CE247E50.pdf
苏州嘉斯度智能装备有限公司,"Suzhou Justdo Intelligent Equipment Co., Ltd",N3-G110,N3,CHINA,cat-11,苏州嘉斯度智能装备有限公司致力于医疗器械和生物医药行业的智能制造领域，主要为医疗器械、生物医药行业提供智能化设备集成、智能制造与人工智能装备等。嘉斯度为国家高新技术企业，公司建有昆山市科技研发中心，拥有专利和软著近百项，是国家知识产权示范企业。致力于成为中国医用耗材自动化创新引领者，赋能医疗，制造未来。,https://www.szjustdo.com,https://exhibitors.informamarkets-info.com/event/2026Medtec/en-US/exhibitor/467207/suzhou-justdo-intelligent-equipment-co---ltd,
深圳市力征科技有限公司,High & Low Corporation,N1-G608,N1,CHINA,cat-08-3,力征科技（品牌：High & Low）成立于1994年，一家专注于EMC/EMI电源滤波器研发、生产及全球销售为一体的企业，力征拥有高效完善的研发体制、专属测试实验室（SMTA）和样品中心，疫情期间被列为国务院疫情防控医疗配套物资生产企业（第一批），此外，公司导入责任商业联盟（RBA）行为准则，拥有ISO14001和ISO9001管理体系认证，High & Low有30年电磁兼容解决方案的经验，产品应用工业、通讯、医疗、车用、军事等，覆盖10+经济行业，拥有成熟的安规认证体系。,https://www.hal-china.com,https://exhibitors.informamarkets-info.com/event/2026Medtec/en-US/exhibitor/467208/high---low-corporation,https://image.imconlinereg.com/mm-mtc/2026-06-22/D5BD23C1B3784DA1CA8CB088F8F84E21.pdf;https://image.imconlinereg.com/mm-mtc/2026-06-22/AF6F992931B39432C803CCD82145E832.pdf
古河产业株式会社,"Furukawa Sangyo Kaisha, Ltd.",N1-D602,N1,JAPAN,cat-02,古河产业集团建立于1947年，涉足医疗行业25年之久。近年来致力于面向国内的日本产医用材料的销售。古河代理销售的材料从金属类到高分子类，从丝材到管材，品种繁多，能满足您的多样化需求。根据客户的要求，我们不断挖掘开发日本的优秀供应商，将他们独特的生产技术推向国内。我们还定期携日方技术人员频繁拜访国内客户，给予周到的技术支持服务。古河愿通过各类“Made in Japan”，为国内产业技术革新与发展贡献力量。,https://isite.baidu.com/site/wjzc7zpy/ca324525-c08a-4182-b367-60a29913c1bd?wid=9f08519a14bb41d699c62b8cec1d7acd_0_0,https://exhibitors.informamarkets-info.com/event/2026Medtec/en-US/exhibitor/467209/furukawa-sangyo-kaisha--ltd-,https://image.imconlinereg.com/mm-mtc/2026-07-15/4B326D24F3D7E1482C38DAE1BA638DCB.pdf
优氟隆（南通）医疗科技有限公司,"UFLON (Nantong) Medical Technology Co., Ltd",N1-C307,N1,CHINA,cat-02,"优氟隆(南通)医疗科技有限公司，是一家专业从事医疗涂层导丝厂家，集研发-生产-销售为一体的科技领先企业。公司研发中心位于上海浦东张江，生产基地位于江苏南通开发区。公司有专业的研发团队，自研涂料工艺及自研连续涂层生产线，并独立研发国内首条大功率连续盘料涂层生产线，掌握核心技术，涂层导丝尺寸范围0.3-1mm,  另有绿-黑-灰-蓝-深紫色等全系列颜色产品，以及不同抗拉强度和不同材质的涂层产品，不断创新及改进，为客户解决更多涂层导丝相 关要求，现已通过ISO13485  医疗质量管理体系认证，具备生物相容性全套报告，全流程管控服务宗旨!",https://www.ufulong.com/,https://exhibitors.informamarkets-info.com/event/2026Medtec/en-US/exhibitor/467210/uflon-(nantong)-medical-technology-co---ltd,
南烽精密机械（深圳）有限公司,"Everfinest Engineering Co., Ltd.",N2-C701,N2,"Hong Kong,S.A.R.,China",cat-09,南烽公司自2001年成立以来，始终致力于成为热流道系统领域的专业服务供应商。我们为客户提供全面的解决方案，涵盖热流道系统、温控器、液态硅胶冷流道、模具、全电辅助注射单元，以及精密机械和模具零件等多元化产品与服务。凭借在塑胶行业积累的丰富经验以及德国合作伙伴的鼎力支持，我们不仅提供标准化和通用型产品，更能根据客户的个性化需求，量身定制特殊应用的产品与解决方案。我们在高性能工程塑料、多模腔系统以及精密注塑件应用领域拥有深厚的技术积淀和成功案例。为确保客户的成功，我们从项目咨询、系统设计、生产制造、物流运输，到安装调试、生产应用培训及系统维护，全程提供专业团队的支持，确保每一个环节都达到最高标准。正如我们的口号“答案就在这里！”所传达的理念，我们不仅为客户提供优质的产品，更注重提供切实可行的解决方案，助力客户在成型应用中取得成功。,https://www.everfinest.com,https://exhibitors.informamarkets-info.com/event/2026Medtec/en-US/exhibitor/467212/everfinest-engineering-co---ltd-,https://image.imconlinereg.com/mm-mtc/2025-07-25/4BCF6A90ADBB55D91D6D0B7277A7D96F.pdf
安费诺精密连接器（深圳）有限公司,"Amphenol PCD Shenzhen Co., Ltd",N1-D506,N1,USA,cat-08-3,安费诺集团是全球知名的连接器和线束生产厂商，2025年销售额超231亿美元，全球19万员工。我司（Alden）是安费诺集团的全资医疗事业部，专注于为医疗客户提供连接器，线束，光纤和相关组装的设计和生产，主要应用领域为医疗影像、手术、治疗和监护等。我司于2008年在深圳成立工厂，目前有200多名员工，并配有研发团队，为全球的医疗客户提供优质的服务和产品。,https://www.amphenolalden.com,https://exhibitors.informamarkets-info.com/event/2026Medtec/en-US/exhibitor/467213/amphenol-pcd-shenzhen-co---ltd,
广东承运医疗科技有限公司,"Guangdong Ftcy Meditech Co., Ltd.",N3-A101,N3,CHINA,cat-15,公司拥有10000㎡万级净化车间是高值耗材OEM，ODM 一站式全链条生产商。自有介入各类产品配件；品类覆盖全部科室产品和工艺覆盖色粉配制；色母造粒；原塑料改性（硫酸钡，增韧）；各类管材挤出；万级车间注塑件注塑；万级车间固态硅胶，液态硅胶生产；自有大型模具生产加工车间，自主设计，生产挤出、注塑、尖端模具；后工序组装部门涵盖各组件尖端成型，立式注塑，编织，打孔，移印，表面处理，包装，环氧乙烷灭菌等全部生产环节和工序；另有自动化部门十余年生产实践，技术积累全产业链各环节医疗器械生产加工各类辅助机械，设备。,,https://exhibitors.informamarkets-info.com/event/2026Medtec/en-US/exhibitor/467214/guangdong-ftcy-meditech-co---ltd-,https://image.imconlinereg.com/mm-mtc/2026-05-05/EFB64DF89A9F8A839A27686934D15C91.pdf;https://image.imconlinereg.com/mm-mtc/2026-05-24/8EE237852AE34DC2C7A825F6E9C26053.pdf
助成医疗科技（珠海市）有限责任公司,"Zenith Companion Medical Technology (Zhuhai) Co., Ltd.",N2-F214,N2,CHINA,cat-05,助成公司——祝您成功。助成医疗科技是一家医疗器械原材料开发和工艺服务平台，导管线拥有PTFE蚀刻管、精密挤出、复合导管加工工艺；导丝线拥有芯轴、复杂研磨、焊接、弹簧和涂层工艺；脑机接口电极类拥有分布式电极、隧道式电极、扇形电极等。我们致力于成为全球知名的植介入行业关键原材料和工艺提供解决方，为客户不断提供更好的产品和解决方案。 助成医疗拥有万级和十万级洁净车间，具备ISO13485资质。 拥有全套导管生产设备，金属代加工设备齐全。 可承接OEM、ODM、CDMO等合作方式，配合产品研发。,,https://exhibitors.informamarkets-info.com/event/2026Medtec/en-US/exhibitor/467215/zenith-companion-medical-technology-(zhuhai)-co---ltd-,
英柯欧模具（上海）有限公司,"INCOE Hot Runners (Shanghai) Co., Ltd",N3-C401,N3,USA,cat-09,1958年，INCOE公司创建于美国的汽车城---底特律，致力于注塑成型热流道系统与技术的全球性、专业性的研发和生产。目前在全球拥有5大生产基地，分别位于美国、德国、巴西、新加坡及中国上海。各生产基地均设有独立的设计、生产制造和售后服务部门。同时，销售及服务网点遍布全球45个国家。  英柯欧模具（上海）有限公司是由INCOE美国总部在中国设立的生产制造基地，于2006年在上海市浦东新区建厂，集销售、设计、生产制造及售后服务于一体。同时，在广东东莞设有分公司，在江苏、浙江、武汉、成都、重庆、厦门、青岛、天津、长春、沈阳、大连、长沙等省市以及台湾地区设有销售及售后服务机构。,https://www.incoe.com,https://exhibitors.informamarkets-info.com/event/2026Medtec/en-US/exhibitor/467216/incoe-hot-runners-(shanghai)-co---ltd,
微通医疗（江苏）有限公司,"WEITONG MEDICAL (JIANGSU) CP.,LTD.",N2-G401,N2,CHINA,cat-05,微通医疗(江苏)有限公司坐落于江苏省泰州市医药高新技术产业开发区，主营业务包括精密管材挤出；各类医用鞘管、导管的复合加工，涵盖外周、脑神经、冠脉血管和自然腔道用管材；可为客户提供系统的解决方案。微通医疗可加工材料有Pebax、PP、TPU、PA、PC、PE等。优势：GMP医疗十万级、万级净化车间SGS认证质量管理体系：ISO13485,,https://exhibitors.informamarkets-info.com/event/2026Medtec/en-US/exhibitor/467217/weitong-medical-(jiangsu)-cp--ltd-,
苏州桓球医疗科技有限公司,"Suzhou Universal Balloon Medical Technology Co., Ltd",N3-G302,N3,CHINA,cat-11,苏州桓球医疗科技是一家中德合作企业，承于德国小镇图特灵根的医疗器械制造经验与国内著名大学-浙江大学航天航空系的人工智能技术，并受到苏州生物医药产业园特别邀请而落户于园区一期，公司深耕于医疗器械行业的智能制造，利用AI、大数据、机器人技术帮助医疗器械公司提高生产效率、安全性和可靠性，助其走向互联、智能的未来工厂。,https://www.uballoon-medical.com/,https://exhibitors.informamarkets-info.com/event/2026Medtec/en-US/exhibitor/467218/suzhou-universal-balloon-medical-technology-co---ltd,
湖北康泉医疗科技有限责任公司,HUBEI KANGQUAN MEDICAL TECHNOLOGY CO.LTD,N2-C205,N2,CHINA,cat-15,"公司成立于2015年10月,位于湖北省宜昌市高新区生物产业，是一家集产品研发、生产、销售、服务于一体，致力于医用高分子材料、介入器械及其相关医疗器械的高新技术企业。产品覆盖腹腔、胸腔、脑外、泌尿系统等医用多功能导管；各种医用介入导管、外科手术辅助器械等类别。公司自创建以来，为适应医疗技术发展的要求，不断推出新产品，同时积极贯彻、认真实施 ISO13485 和 YY/T 0287 的标准要求。",https://www.kq-medical.com,https://exhibitors.informamarkets-info.com/event/2026Medtec/en-US/exhibitor/467220/hubei-kangquan-medical-technology-co-ltd,https://image.imconlinereg.com/mm-mtc/2026-01-16/06C229F022DF55CBCA3B5092CC255F10.jpg;https://image.imconlinereg.com/mm-mtc/2026-01-16/01D07EF5C1899329226A10B1DE6B9F16.jpg
珠海博纳百润生物科技有限公司,Bionational BioMaterials Co. Ltd. (Zhuhai),N3-B802,N3,CHINA,cat-14,珠海博纳百润生物科技有限公司是由留美归国博士创立的高科技企业。公司致力于医疗器械产品表面改性技术的研发、表面涂层工艺、表面涂层产品及涂层设备的生产。公司为客户提供医疗器械产品表面改性处理技术的一站式解决方案。公司拥有雄厚的技术储备和多项自主研发专利。   2017年博纳百润被认定为国家高新技术企业、获得珠海市创新创业大赛优秀奖，博润医疗涂层被认定为高新技术产品。拥有万级和十万级洁净车间，已通过由SGS审核的ISO13485质量体系认证。    自成立以来，博纳百润服务两百余家客户，涂层涂覆各式产品超千万根。辅助客户获取约五十个医疗器械新产品注册证或国外准入许可。,https://www.bionational.com.cn,https://exhibitors.informamarkets-info.com/event/2026Medtec/en-US/exhibitor/467221/bionational-biomaterials-co--ltd--(zhuhai),https://image.imconlinereg.com/mm-mtc/2025-08-06/242D7B1C986E2BB0B38D289AA64F7BCF.pdf
铱河医疗科技（上海）有限公司,"IRIVER Medical Technology (Shanghai) Co. , Ltd.",N1-A406,N1,CHINA,cat-15,“医疗导丝- 全流程OEM” 铱河医疗科技（上海）有限公司是一家专业从事介入、植入医疗器械的研发、生产、销售为一体的综合性技术型企业。 公司引进行业最先进的进口医疗导丝磨削、医疗弹簧等设备，拥有医疗导丝部件到成品的全流程加工工艺，具体包含：医疗芯丝磨削、医疗弹簧、医用芯轴、导丝焊接、涂层、塑形等。 提供一站式的OEM/ODM服务。 更多请访问：www.iriver-sh.cn,https://www.iriver-sh.com,https://exhibitors.informamarkets-info.com/event/2026Medtec/en-US/exhibitor/467222/iriver-medical-technology-(shanghai)-co----ltd-,
广东日臻尚勤技术有限公司,"Guangdong Nisus Technology Co., LTD",N1-F601,N1,CHINA,cat-08-1,广东日臻尚勤技术有限公司成立于2010年，已通过ISO-9001/ISO-13485/国家知识产权管理体系/国家高新技术企业认证。我们始终坚持以通过『定制』为客户创新价值做贡献 ～为经营宗旨而砥砺前行＆稳健发展! 专业服务医用医疗领域: *微创（等离子·微波·超声·射频）手术器械电极导线＆连接器;  *精细热电偶‖温度补偿导线、内窥镜影像线缆连接器； *有源非植入体外循环导管。 专业服务工业智能领域： *高柔运动传感探测线缆、连接器； *柔性电感线圈线缆、电能质量传感线圈、探测棒、测试笔； *高频同轴BNC接插件‖鳄鱼夹‖探针‖钩钳‖套件。,https://www.nisus-apyd.com,https://exhibitors.informamarkets-info.com/event/2026Medtec/en-US/exhibitor/467223/guangdong-nisus-technology-co---ltd,
上海赫迩迈高分子技术有限公司,"Shanghai Healmed polymer Technology Co., LTD",N2-F508,N2,CHINA,cat-05,一家专业为微创介入医疗器械提供一站式导管解决方案的工厂。核心团队拥有超过10年的导管制造经验，公司专注于神经、冠脉、外周、消化、泌尿、结构心脏病、电生理及内窥镜产品的导管开发及制造。公司坐落于上海市奉贤区，拥有1000平米万级净化车间，通过了ISO13485质量认证体系，立志于用材 料科学解决医疗导管问题。,,https://exhibitors.informamarkets-info.com/event/2026Medtec/en-US/exhibitor/467224/shanghai-healmed-polymer-technology-co---ltd,https://image.imconlinereg.com/mm-mtc/2025-08-06/CCA4F2D287708526961CA2CEC31B6B0E.pdf
无锡市健鼎包装技术有限公司,"WUXI JIANDING PACKAGING TECHNOLOGY CO.,LTD",N4-B310,N4,CHINA,cat-13,无锡市健鼎包装技术有限公司是集研发、生产、销售为一体的专业生产医用包装材料的制造企业，主要销售 医用灭菌包装：纸塑袋、纸纸袋、平面(立体)卷袋、自封袋、中缝袋、顶头袋、塑塑袋、铝箔袋、纸铝袋、特卫强系列 衬板 吸塑盒产品及自动包装卷材等。企业拥有自主厂房，坐落于风景秀美的太湖之滨，毗邻上海、苏州、常州，交通便利。,http://www.wxjdbzjs.com/,https://exhibitors.informamarkets-info.com/event/2026Medtec/en-US/exhibitor/467225/wuxi-jianding-packaging-technology-co--ltd,
广东体达康医疗科技有限公司,Guangdong TiDaKang Medical Technology Co.Ltd,N2-H609,N2,CHINA,cat-07,"公司坐落于珠三角中心的广东省中山市，是集研发、生产、销售于一体的专业化医用护理产品的高科技企业。 公司产品涵盖急性伤口护理，慢性伤口护理，医用辅助护理及伤口测量设备,医用亲水性聚氨酯泡沫敷料卷材五个领域。公司拥有标准的净化厂房，专业的生产设备及完善的理化、无菌实验室。成立以来严格按照YY/T 0287标准建立质量管理体系，相继通过了国内的医疗器械质量管理体系、ISO13485:2016国际质量体系认证，德国TUV公司的CE认证，产品在覆盖中国市场的同时，也已经开始进如入西欧，南美，北非，东南亚等海外市场。",https://www.techdcare.com/,https://exhibitors.informamarkets-info.com/event/2026Medtec/en-US/exhibitor/467226/guangdong-tidakang-medical-technology-co-ltd,
宁波金山双鹿电池有限公司,"NINGBO GP＆SONLUK BATTERY CO., LTD.",N1-F802,N1,CHINA,cat-08-3,【工厂实力】宁波金山双鹿电池有限公司，注资10亿元，总面积200亩，占地面积13.2万平方米，建筑面积21.5万平米。公司自主规划40条拥有知识产权的行业领先的无汞碱锰电池生产线，覆盖AA、AAA、C、D、9V等多种型号，年产能达50亿只。【自主科研】设立国家级博士后工作站，自主研发用电器适配性更优的电池产品。作为国内唯一参与IEC国际标准修订的企业，研发中心已通过CNAS资格认证，拥有国内最大电池放电柜，可同时容纳超过20000节电池进行放电测试。自主开发的碱性AA电池及其生产线达到先进水平，曾荣获“国家科技进步二等奖”，并于2016年6月投入使用真正实现无人化作业的碱性电池生产线——双鹿电池无人智能生产线。【智慧仓储】工厂拥有行业内规模最大，智能化程度最高的立体仓储物流系统，拥有智能库位22000个，整个电池生产过程还覆盖智慧物流系统，楼与楼之间以有轨RGV及智能输送线互通，楼层之间以智能提升机输送互通，车间之间以无轨AGV智能互通，贯通物流、信息流、管理流，实现自材料入库-生产-包装-入库-发货的全流程智能生产模式，是电池行业智能生产的标杆工厂。,https://www.sonluk.com,https://exhibitors.informamarkets-info.com/event/2026Medtec/en-US/exhibitor/467227/ningbo-gp＆sonluk-battery-co---ltd-,
深圳市华轩金属材料有限公司,Shenzhen Huaxuan Metal Material Co.， Ltd.,N1-C806,N1,CHINA,cat-02,医疗器械用五金零配件、医用精密不锈钢管医用精密管件的销售和机加工,https://www.gdhuaxuan.com,https://exhibitors.informamarkets-info.com/event/2026Medtec/en-US/exhibitor/467228/shenzhen-huaxuan-metal-material-co-，-ltd-,
阀耐弹性体部件制造（苏州）有限公司,"Vernay Manufacturing (Suzhou) Co., Ltd.",N2-B501,N2,CHINA,cat-06,阀耐是一个值得信赖的合作伙伴，他们了解医疗和制药行业流量控制解决方案的具体要求。该公司在广泛的应用领域拥有专业知识。 从概念到推出，阀耐负责设计您的最佳组件。从最初的设计概念阶段，到我们的工程师评估有效的流程，以及提高质量产出，最终为您创建更可靠的供应链。 成型工艺多种多样，可选:冷/热转、平板油压、固态注射、无飞边和液态注射。,http://www.vernay.com.cn,https://exhibitors.informamarkets-info.com/event/2026Medtec/en-US/exhibitor/467229/vernay-manufacturing-(suzhou)-co---ltd-,https://image.imconlinereg.com/mm-mtc/2026-02-03/7C5ADF17B48F8EBE76C8BBD204F10D26.pdf;https://image.imconlinereg.com/mm-mtc/2026-01-13/53A7B55415B0620A569696B1E22B6109.pdf
深圳市潍尔康生物科技有限公司,"Shenzhen Wellkang Biotech Co., Ltd.",N2-G509,N2,CHINA,cat-15,深圳市潍尔康生物科技有限公司是专业从事医疗耗材产品的研发、生产与销售的医疗器械公司。主要经营医用耗材类：输液导管、高压造影导管、高压编织导管、高压造影注射器及附件、三通阀、连通板、单向阀、鲁尔接头等高分子医用耗材，产品广泛应用于放射科、呼吸科、介入科等领域。公司拥有万级洁净车间1200平方米，通过ISO13485认证，公司管理层及研发技术人员拥有多年的医疗器械行业从业经验。均曾任职于高压造影注射器行业头部企业，专注于临床医学及放射科高压造影注射器系统、呼吸科耗材、介入治疗等配套产品的研发；囊括了从管材挤出，精密注塑，半成品组装以及后加工工艺处理，成品OEM，成品ODM等全方位一体化解决服务。,,https://exhibitors.informamarkets-info.com/event/2026Medtec/en-US/exhibitor/467230/shenzhen-wellkang-biotech-co---ltd-,https://image.imconlinereg.com/mm-mtc/2026-01-05/6D9201C1E369B1271B577037183679B3.pdf;https://image.imconlinereg.com/mm-mtc/2026-01-05/CBDB3C368D6200AE078C923CE418BC58.pdf
上海昕良不锈钢管业有限公司,"Shanghai Xin Liang Stainless Steel Tubes Co.,Ltd",N1-C506,N1,CHINA,cat-02,上海昕良不锈钢管业有限公司成立于1996年，是一家专注于生产薄壁，细小，精密不锈钢管的民营生产企业，坐落在松江车墩。公司不仅能生产符合国标GB，美国ASTM，日本JIS，欧盟En10216等国际标准的不锈钢管材，也能根据客户对自己产品的不同需求，生产和定制不同大小，形状和特殊不锈钢牌号的特种不锈钢管材。 公司现有7台激光切割机以及各种收口机、扩口机等管件成型处理的设备。同时，实验室内拥有精密测量仪、维氏硬度计、粗糙度仪、万能试验机、金相显微镜。 产品主要被广泛应用于医疗器械、文化用品、仪器仪表、汽车、家用电器等行业。产品出口美国，欧盟，东南亚等10多个国家和经济体。,https://www.xinliangsst.com,https://exhibitors.informamarkets-info.com/event/2026Medtec/en-US/exhibitor/467231/shanghai-xin-liang-stainless-steel-tubes-co--ltd,https://image.imconlinereg.com/mm-mtc/2026-01-09/26AE53B974280A7F779F7C1B254F44C4.pdf;https://image.imconlinereg.com/mm-mtc/2026-01-09/82659E720A19FF4C302FDC9113DDBF21.pdf
深圳市南和建毅模具有限公司,Shenzhen Jianyi Plastic Mould Ltd,N3-C509,N3,CHINA,cat-09,深圳市南和建毅模具有限公司成立于2001年，专业致力于医疗器械精密模具的制造以及注塑成型，如在一次性内窥镜、透析器、血液透析管路、麻醉呼吸回路、中心静脉导管、体外诊断等医疗产品方面有着丰富的经验。公司成立以来，注重高新技术研发及实际应用，以高质量确保稳定性及完善的售后服务，为客户提供全方位的产品方案，赢得了国内外客户的高度信赖及好评。,https://www.s-fmould.com,https://exhibitors.informamarkets-info.com/event/2026Medtec/en-US/exhibitor/467232/shenzhen-jianyi-plastic-mould-ltd,https://image.imconlinereg.com/mm-mtc/2025-08-06/24776B4FF40E500887496D00CE66F372.pdf
深圳欧卓斯医疗有限公司,Shenzhen Ojos Medical Co Ltd,N1-H607,N1,CHINA,cat-08-3,深圳欧卓斯医疗有限公司（Shenzhen Ojos Medical） 成立于2015年，是全球领先的精密医疗器械核心组件及供应链解决方案供应商。公司严格执行 ISO 13485 医疗质量管理体系，深耕行业逾十年，专注于医疗器械上游高精尖技术的研发与制造。核心产品涵盖：高精度医用传感器、定制化医用线束、微型内窥镜模组（1mm/1.3mm系列）及 等离子灭菌核心组件。凭借深厚的研发积淀与严苛的质控标准，欧卓斯产品已广泛应用于微创外科、医疗监护及感控设备等关键领域。作为众多国际知名医疗企业的战略合作伙伴，我们坚持以“高合规、高品质、高效率”助力客户产品快速落地，驱动全球医疗安全。,https://www.ojos-medical.com,https://exhibitors.informamarkets-info.com/event/2026Medtec/en-US/exhibitor/467233/shenzhen-ojos-medical-co-ltd,https://image.imconlinereg.com/mm-mtc/2026-07-24/8AAA2DD77B98AD97AE722887A6AA796A.pdf
鹏达精密包装材料（上海）有限公司,"Prent (Shanghai) Co.,Ltd",N1-C405,N1,CHINA,cat-13,高信赖性医疗吸塑包装。PRENT 成立于1967年，总部设在美国威斯康星州的简斯维尔。通过我们不断的进取、技术的创新和精湛的工艺，现已成为全球精密吸塑行业的引领者。1.优质医疗吸塑包装供应商。2.根据客户需求，提供专业吸塑包装解决方案。3.生产过程采用实时SPC。4.产品强度高，与Tyvek有良好的热封效果。5.医疗净化车间。6.可追溯。7.通过ISO 9001:2015和ISO 13485:2016认证。,https://www.prent.com,https://exhibitors.informamarkets-info.com/event/2026Medtec/en-US/exhibitor/467234/prent-(shanghai)-co--ltd,https://image.imconlinereg.com/mm-mtc/2025-09-17/5D39964DD4C7D817C91159D93289FF2A.pdf
思科特精密硅膠制品(惠州)有限公司,"Silcotech Precision Silicone Products (Huizhou) Co.,Ltd.",N2-G602,N2,SWITZERLAND,cat-09,思科特（惠州）是一家主要生产液态硅胶（LSR）成型制品的公司，公司早于80年代初于瑞士成立，累积了丰富的行业技术经验。领先的技术、超前的管理理念与优质的服务使我们在业界享有良好的声誉。思科特拥有丰富的模具设计与生产技术，配合自动化生产，能为客户提供高质量的硅胶产品和优质的服务，同时保持具有竞争力的价格。思科特（惠州）具备双物料注塑（2C）的技术与经验，包括硅胶与热塑性材料共注技术，甚至硅胶与硅胶共注技术。本公司并且具备无尘车间的生产条件。拥有十分严谨的质量控制系统，并已通过ISO14001、ISO13485等质量体系认证。思科特（惠州）透过其模具知识及技术能力，于一个合理及有竞争力的价格水平下，为客户提供优良及精密的硅胶制品。,,https://exhibitors.informamarkets-info.com/event/2026Medtec/en-US/exhibitor/467235/silcotech-precision-silicone-products-(huizhou)-co--ltd-,
江苏理成科技有限公司,"JIANGSU REACHING TECHNOLOGY Co., LTD",N1-B808,N1,CHINA,cat-02,江苏理成科技有限公司成立于2017年9月。公司专注增材技术开发及生产。主要工艺包含金属粉末注射成型（MIM）、陶瓷粉末注射成型（CIM）、骨科生物型涂层工艺（烧结法和等离子喷涂法），表面处理工艺（包括抛光、PVD、DLC、喷砂、平磨、焊接等工艺）。另公司正在布局3D打印工艺。公司下属理成科技、晟日电子、爱民实验室三家企业，拥有常州金坛、东莞虎门两大生产基地。其中，常州金坛工厂占地75000平方米，东莞虎门工厂占地8000平方米。公司一期总投资1亿元人民币。针对医疗行业，公司主要应用有：医用吻合器零件、超声波刀零件，手术机器人零件，骨科涂层制备，关节抛光等。,,https://exhibitors.informamarkets-info.com/event/2026Medtec/en-US/exhibitor/467236/jiangsu-reaching-technology-co---ltd,https://image.imconlinereg.com/mm-mtc/2025-05-29/C4AF4810A95B7D9E9C5E66EC016F5BA8.pdf
苏州奥派医疗科技有限公司,"Suzhou Ultrapack MedicalTechnology co.,ltd",N4-B106,N4,CHINA,cat-13,苏州奥派医疗科技有限公司坐落于苏州高新区科技城-江苏医疗器械科技产业园内，公司拥有丰富无菌包装经验的核心技术团队，拥有高标准的万级洁净间还具备了物理实验室和微生物实验室，主要产品为无菌包装吸塑盒，特卫强盖材，PP/HDPE衬板，及电动热封机。提供一站式的无菌包装的设计开发和生产制造。,https://www.ultrapack.cn,https://exhibitors.informamarkets-info.com/event/2026Medtec/en-US/exhibitor/467237/suzhou-ultrapack-medicaltechnology-co--ltd,
上海施迈尔精密陶瓷有限公司,"Shanghai Smile Precision Ceramics Co.,LTD",N1-C807,N1,CHINA,cat-03,上海施迈尔精密陶瓷有限公司成立于1992年，生产基地位于江苏省东台市经济开发区，占地面积4.5万平方米，生产厂房1.5万平方米，是国内为数不多的能够独立完成从原材料制备、高温烧成到精密加工的精密陶瓷制造厂商。 我们的专长在生产制造高端陶瓷产品以及客制化的服务，我们提供氧化铝、高纯氧化铝、氧化锆、氧化钛、氮化硅等材质的产品。 施迈尔在过去三十年中紧跟时代的发展，持续创新并扩展了产品线，现已涉及纺织机械、机电、汽车、医疗器械和电子通讯等多个领域的陶瓷零件。 我们的愿景是，永续经营，将现代精密陶瓷广泛的应用到日常生活中，满足多元化的市场需求，为所有人创造可持续的共享价值，使大家的日常生活更加美好。,https://Http://www.smile-ceramics.com,https://exhibitors.informamarkets-info.com/event/2026Medtec/en-US/exhibitor/467238/shanghai-smile-precision-ceramics-co--ltd,
昆山思拓机器系统有限公司,"Kunshan Theta Micro Co., Ltd.",N1-B602,N1,CHINA,cat-10,昆山思拓机器系统有限公司是致力于微米级激光微细加工装备研发生产销售的高新技术企业，拥有25年激光微加工工艺的研发团队，120项以上发明专利和11项软件著作权，利用自主研发的关键技术，为各行业提供定制化的装备系统。在植介入医疗器械和3C等多个行业，相关装备长期稳定运行超过十年以上。 思拓目前主要产品有微米级平面材料和管材激光切割机，管材类可覆盖所有金属非金属医用材料，在冠脉、外周、神经介入等细分领域占有国内70%的市场份额，可覆盖所有三类二类管类器械的切割应用；平面类材料可覆盖所有金属材料，其中SMT模板激光切割机占国内市场的60%以上份额，自2012年起出口至美国、日本、韩国及新加坡等国。,https://www.thetamicro.com.cn,https://exhibitors.informamarkets-info.com/event/2026Medtec/en-US/exhibitor/467239/kunshan-theta-micro-co---ltd-,
苏州欧尼斯包装有限公司,"Suzhou Honest Packaging Co. , Ltd.",N4-C209,N4,CHINA,cat-13,"苏州欧尼斯包装有限公司成立于2013年，位于苏州市工业园区，是一家以吸塑开发、设计、加工、产销、服务于一体的专业包装制品厂家，生产面积 10000平。 我公司目前能适合各行业的各种材质吸塑：PETG、APET、PVC、PP、PE、 PS、 PC、ABS吸塑产品, 产品可广泛应用于医疗、电子、玩具、食品、纺织、 日用品、化妆品、文具、礼品、工艺品、文体用品等行业的包装。  2019年公司成立医疗事业部，先后投入资金3000万，引进外企专业医疗包装和生命科学专业团队，现拥有万级洁净车间400平米，十万级洁净车间1500平米，致力于植、介入类医疗吸塑包装研发生产，医用特卫强涂布/模切生产， 医疗注塑/组装生产，医疗灭菌袋生产，封合设备研发生产，生命科学耗材研发生 产，为客户提供一体化的医疗包装解决方案。",https://www.hpack.com.cn,https://exhibitors.informamarkets-info.com/event/2026Medtec/en-US/exhibitor/467240/suzhou-honest-packaging-co----ltd-,https://image.imconlinereg.com/mm-mtc/2025-08-07/8A2EEA916D4541AD2B866DE08DBA5313.pdf
上海视疆科学仪器有限公司,BDC Laboratories,N4-F207,N4,CHINA,cat-17,视疆仪器专注于为医疗植入物耐久性测试需求提供高性能、高可靠性的仪器化解决方案。视疆仪器的核心技术为自主知识产权的高性能电磁驱动直线电机及控制技术，面对创伤骨科植入物、人工关节及心血管植入物以及其他高性能材料研发、航空汽车电子零部件等涉及到的多轴多自由度复杂加载场景为用户提供精确、快速、可靠、安静洁净环保的高低周疲劳测试解决方案。 美国BDC Laboratories是全球知名的心血管植入物疲劳测试解决方案提供商，提供高性能瓣膜疲劳试验机、脉动流模拟器、稳态流模拟器、血管支架径向疲劳试验机等仪器。,https://www.durattest.com,https://exhibitors.informamarkets-info.com/event/2026Medtec/en-US/exhibitor/467241/bdc-laboratories,https://image.imconlinereg.com/mm-mtc/2025-05-27/A35F18557D8646B2BE5656754763CC3F.pdf
浙江光华医用软管科技有限公司,"Zhejiang Guanghua Medical Hose Technology Co., Ltd.",N2-H112,N2,CHINA,cat-05,公司始创于1987年（前身为杭州光华橡塑有限公司），作为医用软管领域领先的开发制造商，现已形成集研发、生产、检测于一体的完整产业体系。作为国家二类医疗器械规范生产企业，公司通过ISO13485医疗器械质量管理体系、ISO9001质量管理体系，核心产品获得FDA 510(k)认证，业务覆盖全球50余个国家和地区。形成呼吸支持管路系统、外科流体吸引组件、智能氧疗导管组件等核心产品体系，通过模块化产品架构，提供精准匹配的医用管材解决方案。公司以“百年光华，不二管材”为愿景，以“科技创新，精益求精；质量上乘，顾客满意”为质量方针，致力于成为全球领先的医用软管与配件专业生产供应商。,https://www.xinguanghua.com,https://exhibitors.informamarkets-info.com/event/2026Medtec/en-US/exhibitor/467242/zhejiang-guanghua-medical-hose-technology-co---ltd-,https://image.imconlinereg.com/mm-mtc/2025-07-04/1EE190ED557F9C5C4C821D883C8698C4.pdf
东莞市溢河医用包装科技有限公司,"DONGGUAN YIHE MEDICAL PACKAGING TECHNOLOGY CO., LTD",N3-A603,N3,CHINA,cat-13,我司成立于2010年，从2013年开始转型升级生产医用吸塑包装，公司团队专注吸塑行业有25年经验。现拥有（万级洁净·无菌无尘车间），设备有半自动成型机4台，自动化一体机3台，每台日产量（5万~10万）个。我们通过差异化战略定位，引进专业技术人才和先进完善的成型及配套检验设备，选用各种医疗无菌包装环保片材（PETG、APET、PS、PP、PVC等），均经第三方检测合格，可满足客户对于形状、精度、环保、和冲击防护等的需求。全程严格按照ISO13485医疗管理体系运作，能持续为客户提供优质的产品和服务。 我们力求不断创新，以全新的服务方式与客户共同创造卓越绩效，我们持之以懈地帮助客户获得成功。以生产优质的产品为客户创造价值，真正做到实现承诺的，做好产品，在客户心中树立医用吸塑行业优质、诚信的品牌，是高质量的倡导者！ 　 展望未来，我们奋发图强，将继续以“敬业，创新、高效、共赢“的企业精神，不断提高全员素质，加大企业软、硬件的建设，力争做到“质量第一、顾客至上、精益求精、信守合同”十六字方针，急客户之所急，想客户之所想，坚持以顾客的要求高于一切的原则，取用“价廉物美、品质取胜”的营销策略，以科学的管理和严格的工作程序，以保证产品质量，来取信于我们的客户，从而使我们得到更大的发展。 　　盼与各大医疗器械客户携手合作、共创辉煌！,https://www.yihe0769.com,https://exhibitors.informamarkets-info.com/event/2026Medtec/en-US/exhibitor/467243/dongguan-yihe-medical-packaging-technology-co---ltd,https://image.imconlinereg.com/mm-mtc/2025-06-18/FA6DFB274466041B125FB1BF23D912B5.pdf
松山三益实业（深圳）有限公司,MATSUYAMASANYI CORPORATION,N2-A703,N2,CHINA,cat-02,松山三益实业(深圳)有限公司专业经销日本原产紧固件，弹簧，超精密加工件，已与日本200多家工厂建立了长期、紧密的合作关系，建立了完整的国际供应链，能全面应对国内的需求。,http://www.matsuyamasanyi.com,https://exhibitors.informamarkets-info.com/event/2026Medtec/en-US/exhibitor/467244/matsuyamasanyi-corporation,https://image.imconlinereg.com/mm-mtc/2025-08-06/D8A726F56B9E317CB0DD1AC6CFE35C39.pdf
牧星生物材料（太仓）有限公司,"Moosen Biomaterial（Taicang）Co.,Ltd",N4-G102-1,N4,CHINA,cat-02,"牧星生物材料（太仓）有限公司专业生产定制显影环、C型环、打孔环、开槽环、异型环、异型片等，高精度，表面光洁无毛刺，可根据不同的导管设计需求，进行精确加工和成型，满足各种复杂形状和尺寸的要求；提供定制化高精度、高品质植入式脑机接口/植入式神经调控器械的核心关键-铂铱导丝、铂铱电极导线、触点模组等部件，股数、长度、内外径均可定制，满足复杂信号传输功能；生产定制桨状电极、柱状电极、方向电极等电极导线，适配DBS、ECoG等场景。牧星拥有独立的洁净车间和实验室，从材料研发到成品生产，品质与技术确保全产业链可控，公司已经通过ISO13485体系认证并严格按照管理规范执行,以严苛标准赋能高端医疗器械领域。",https://www.moosenmat.com,https://exhibitors.informamarkets-info.com/event/2026Medtec/en-US/exhibitor/467245/moosen-biomaterial（taicang）co--ltd,https://image.imconlinereg.com/mm-mtc/2026-07-13/FB6293216007975A9EF6A79CB9314F52.pdf
南通富华医用包装有限公司,"Nantong Fuhua Packing Co., Ltd.",N4-C202,N4,CHINA,cat-13,"南通富华医用包装有限公司是专业为生产适应各种灭菌方式的一次性医疗器械包装用品的企业,是杜邦授权加工商，拥有稳定的特卫强材料供应，生产的医用包装产品符合 ISO11607/EN868 标准。公司拥有医疗器械行业内国家级的专家和博士带领的管理团队，专业生产医疗器械厂家对其灭菌产品的初始内包装以及医院、诊所、美容院等院内消毒产品的无菌存放包装；同时可为客户提供各自产品所需的最佳的包装解决方案，特别针对硬吸塑自动包装机与零涂层材料配套使用的包装方案，有效地解决了颗粒污染带来的风险性以及缩短了解析时间。在产品实现过程中，具有国际化企业强大的实验室提供的包装验证以及相关的包装运输验证，具有国际化强大的技术支撑。",https://www.ntfuhua.com,https://exhibitors.informamarkets-info.com/event/2026Medtec/en-US/exhibitor/467246/nantong-fuhua-packing-co---ltd-,
深圳市三平影像科技有限公司,"Shenzhen Sanping Image Technology Co., Ltd.",N3-B510,N3,CHINA,cat-08-4,深圳市三平影像科技有限公司是一家集研发设计、生产和销售医疗与工业内窥镜相关产品OEM/ODM和可视方案于一体的深圳高新技术企业。     凭借强大的技术团队，自主研发并生产一系列创新的相机模块和稳定的图像系统，广泛应用于医疗内窥镜和高端工业内窥镜。到目前为止，我们已为世界各地医疗集团成功研发生产可重复使用和一次性支气管镜、喉镜、ENT内窥镜、泌尿镜和宫腔镜等项目。     我们秉持着专注而专业的态度，提供高质量的产品和及时、经验丰富的售后支持服务。以“共享科技与关怀”为使命，不断追求更高的目标，从而持续满足我们的客户与商业伙伴发展变化的需求。,https://www.it-looker.com/,https://exhibitors.informamarkets-info.com/event/2026Medtec/en-US/exhibitor/467247/shenzhen-sanping-image-technology-co---ltd-,https://image.imconlinereg.com/mm-mtc/2026-07-08/C0F18CF695DF848638F1BFBFFB0B9835.pdf;https://image.imconlinereg.com/mm-mtc/2026-07-08/CB724858633692F094A3954F035E5DC7.pdf
四川尤博瑞新材料有限公司,"Sichuan Youborui New Material Co., Ltd.",N2-C108,N2,CHINA,cat-01,尤博瑞（UBR）｜医用聚氨酯国产化最佳选择四川尤博瑞新材料有限公司成立于2016年，由国家杰出青年基金获得者、四川大学二级教授谭鸿创办，致力于成为全球领先的生物医用聚氨酯材料供应商。UBR专注于高性能医用聚氨酯材料的研发与产业化，创始团队深耕该领域三十余年，主导国家科技部“十三五”重大科技专项，具备雄厚的技术储备与产业化能力。UBR提供医用级热塑性聚氨酯（TPU）与水性聚氨酯（WPU），产品系列齐全，广泛应用于心血管、泌尿、消化、敷料、正畸等多类医疗器械。依托万吨级智能制造基地，UBR采用新一代绿色合成工艺，全面去除有毒有机锡催化剂与易迁移助剂，产品已通过ISO 10993 / GB/T 16886生物相容性认证，兼具生物安全性与优异加工性能。UBR全面对标国际品牌，加速推进国产替代，助力医疗器械客户提质降本、商业成功。,https://www.scubr.cn,https://exhibitors.informamarkets-info.com/event/2026Medtec/en-US/exhibitor/467248/sichuan-youborui-new-material-co---ltd-,https://image.imconlinereg.com/mm-mtc/2025-08-05/A2315D628D50F38743EDDF02E8AFE089.pdf
上海顺谱精密器械有限公司,"Best Hope Precision Device Co., Ltd",N3-B108,N3,CHINA,cat-09,我司致力于为医疗器械企业提供精密医疗模具设计与制造，以及OEM注塑服务。 近十年来我们在二类，三类医疗器械方面积累了丰富的开模与OEM经验，诸如心脑血管介入器械如球囊导管配件，支架输送系统手柄，心脏瓣膜TAVI相关产品，生物诊断耗材等。  我们的能力和优势： 专业从事医疗模具，丰富的经验 模具设计与制造在本厂完成，保证交期及迅速投入生产 十万级净化车间注塑加工 ISO 13485：2016质量管理体系 医疗级原材料：科思创，苯领，路博润，阿科玛等  秉承“质量第一，客户至上”的经营理念，我们致力于为医疗企业提供优质模具和产品成型解决方案。,https://www.bhmeditech.com,https://exhibitors.informamarkets-info.com/event/2026Medtec/en-US/exhibitor/467249/best-hope-precision-device-co---ltd,
深圳市海健医疗器械有限公司,Shenzhen Haijian Medical Instrument Co. Ltd,N4-D702,N4,CHINA,cat-08-4,海健医疗是一家一次性使用内窥镜整体解决方案  商，以及核心组件、零件供应商，专注于一次性  使用内窥镜的研发。自主研发的一次性使用内窥  镜及核心插入部组件，涉及泌尿外科、呼吸、麻  醉、妇科等科室产品，满足多种应用场景，同时  拥有350平米洁净生产车间；可为医疗器械产商  提供产品技术研发、ID设计、结构设计、型检跟  进与整改、批量标准化生产等整体解决方案服务。,https://haijianyiliao.com,https://exhibitors.informamarkets-info.com/event/2026Medtec/en-US/exhibitor/467250/shenzhen-haijian-medical-instrument-co--ltd,https://image.imconlinereg.com/mm-mtc/2026-01-07/873B959AA02A1528B0BFECE741A28D96.pdf;https://image.imconlinereg.com/mm-mtc/2026-01-07/4A6C7988FCC9840370F6FF43CB577250.pdf
宁波茂泰维金属制品有限公司,"Ningbo Multi-way Medical Co.,Ltd",N1-D505,N1,CHINA,cat-02,宁波茂泰维金属制品有限公司是一家专业从事介入医学导丝的高技术企业。生产的导丝有不锈钢非涂层导丝，PTFE涂层导丝，亲水超滑导丝，斑马导丝等几大系列。我们致力于向客户提供完整的高品质的医学导丝。,https://www.multi-waymed.com,https://exhibitors.informamarkets-info.com/event/2026Medtec/en-US/exhibitor/467251/ningbo-multi-way-medical-co--ltd,
天津宣胜科技有限公司,"Tianjin Xuansheng Technology Co., Ltd",N3-F602,N3,CHINA,cat-09,天津宣胜科技有限公司是一家集材料选型、产品开发、模具开发、注塑成型、产品组装为一体，提供定制化高质量模具与注塑成型的台资企业，为客户提供高性价比的模塑一站式服务和解决方案。 公司目前拥有多台德国、瑞士、日本等进口精密加工设备，设有模具制造车间、注塑生产车间、十万级洁净车间及万级生物实验室。 同时拥有经验丰富的高素质管理团队和技术团队，以及ISO13485和ISO9001体系证书，满足T0量产和可视化的管理系统以及严格的质控标准，以专业专精的理念打造高口碑服务，业务范围遍布全球。 主营医疗产品包含：医疗器械&耗材、实验室设备&耗材、IVD体外诊断产品、医疗美容设备&耗材等。,http://www.xuansheng-mold.com,https://exhibitors.informamarkets-info.com/event/2026Medtec/en-US/exhibitor/467252/tianjin-xuansheng-technology-co---ltd,https://image.imconlinereg.com/mm-mtc/2026-07-07/455F7C53DD4106EFB7092A0B313A85FE.pdf;https://image.imconlinereg.com/mm-mtc/2026-07-07/2EA5A485CD2D026176EBC734B0E8F22F.pdf
广东奥金精密科技有限公司,"Guangdong AuKin precision technology Co.,Ltd",N3-D705,N3,CHINA,cat-02,广东奥金精密科技有限公司是一家以研发、设计、制造和销售高精密弹力元件，专注于高性能医疗导丝导管的研发、生产与销售，涵盖超滑导丝、PTFE涂层导丝、血管成形导丝，微导丝等，包括造影导管、球囊导管、鞘管、微导管、穿插网篮等，采用镍钛合金、不锈钢等医用级材质，支持导管管径、长度、导丝硬度等参数定制。同时也生产压缩弹簧、拉伸弹簧、扭力弹簧、异形弹簧、组合式与塔式弹簧、恒力弹簧、冲压产品、裸铜线、漆包铜线以及各种金属线材成型为一体的高新技术企业。产品广泛用于医疗器械、通信、汽车、机械、电子电器、衡器、家具、玩具、日用化工行业中的消杀用品与洗护用品等领域。凭借出色的技术优势及服务，现为国内外许多著名企业定点配套供应商。,http://www.afthcn.com,https://exhibitors.informamarkets-info.com/event/2026Medtec/en-US/exhibitor/467253/guangdong-aukin-precision-technology-co--ltd,https://image.imconlinereg.com/mm-mtc/2025-07-22/918534575ADA113CE2D3EE4F2BB5E2DB.pdf
东莞平强精密科技有限责任公司,"Dongguan East Pioneer Precision Technology Co., Ltd",N3-F710,N3,CHINA,cat-09,东莞平强精密科技有限责任公司（平强医疗）为实现平强的可持续发展，我们不断突破自己，通过整合超24年经验的精密加工、精密模具、精密注塑，成功进入高端生物医疗塑胶耗材、穿刺针定制领域，严格遵循ISO13485质量体系，为客户提供从联合产品研发、模具开制、试生产与验证、到量产出货全流程合规医疗器械制造服务，目前已成功量产IVF辅助生殖全系列耗材，包括取卵针、专用培养皿、冻存管、移植管等；以及IVD微流控芯片，医用穿刺针系列等。匠人匠心、稳步前进，平强医疗致力成为高端医疗塑胶耗材、穿刺针定制的优秀制造商，服务全球生命科学！,https://www.epmmedical.com,https://exhibitors.informamarkets-info.com/event/2026Medtec/en-US/exhibitor/467254/dongguan-east-pioneer-precision-technology-co---ltd,https://image.imconlinereg.com/mm-mtc/2025-08-11/C578A25E3716A3519CAD565377299794.pdf
苏州冰原科技有限公司,"Suzhou Bingyuan Technology Co., Ltd.",N1-G603,N1,CHINA,cat-02,"苏州冰原科技有限公司是一家专注于声学整体解决方案的供应商。冰原聚焦于高性能超声换能器，高效超声影像模块，超声AI算法三大部分，可以为客户提供超声全链路的解决方案。冰原产品覆盖“心腔血管及自然腔道影像超声”""体表监测及可佩戴超声”“医美及功率治疗超声”三大板块，秉承“超声提升生命质量”的理念，助力客户价值实现。",,https://exhibitors.informamarkets-info.com/event/2026Medtec/en-US/exhibitor/467255/suzhou-bingyuan-technology-co---ltd-,https://image.imconlinereg.com/mm-mtc/2026-04-30/6909B8820681ADF2AC8360E16838774A.pdf;https://image.imconlinereg.com/mm-mtc/2026-04-30/0AE8939B2792886C1B0A7E78B0FCF758.pdf
上海耀佳医疗科技有限公司,"Shanghai Yaojia Medical Technology Co., Ltd.",N3-G602,N3,CHINA,cat-09,耀佳医疗（国家高新技术企业，GR202431000069）成立于2014年（前身可追溯至2003年），深耕高端医疗器械制造领域二十余年。公司以精密模具技术为根基、精密注塑为核心、洁净装配为保障，构建从研发设计到量产交付的一站式制造闭环，上海总部设模具研发中心，拥有30+台精密加工设备，44项专利支撑产品创新；沪嘉两地5个十万级洁净车间、40+台注塑机集群，年产精密医疗部件超2亿件；自主管控原料至成品全流程，通过ISO13485认证，产品符合CE出口标准。  松江基地为模具研发与核心试产；  嘉兴基地7500㎡智能化工厂（2021年投产），专注大规模洁净生产，总产能提升30%，支持大规模国际订单。耀佳医疗以精密智造+医疗级品控双引擎，推动国产医疗器械从成本优势向技术溢价跃迁，让高性价比的中国方案服务全球健康事业。,https://www.yaojiamedical.com,https://exhibitors.informamarkets-info.com/event/2026Medtec/en-US/exhibitor/467256/shanghai-yaojia-medical-technology-co---ltd-,https://image.imconlinereg.com/mm-mtc/2025-04-30/CD99DC2F640A88E3C215EAA1F87DA44F.pdf;https://image.imconlinereg.com/mm-mtc/2026-01-08/5FAB7542A771011A724FD40E71DBAD87.pdf
东莞市冠博精密机电有限公司,Dongguan Guan Bo Precision Machinery Co.,N1-D102,N1,CHINA,cat-11,迈博医疗器械编织机为东莞市冠博精密机电有限公司旗下品牌，专业致力于医疗编织领域，产品应用于各类手术缝合线、介入导管、内镜导管、支架及封堵器的编织。  迈博持续为广大国内及欧美客户提供专业的医疗编织解决方案，同时提供产品OEM生产、设计与开发。  迈博医疗器械编织机真诚期待与您合作！,https://www.guanbo中国.com,https://exhibitors.informamarkets-info.com/event/2026Medtec/en-US/exhibitor/467257/dongguan-guan-bo-precision-machinery-co-,https://image.imconlinereg.com/mm-mtc/2025-08-06/B0393F05C523C3FA9E286EA7570DAABF.pdf
上海百赢宽机电设备有限公司,"SHANGHAI B.Y.K M&E EQUIPMENT CO.,LTD",N1-A307,N1,CHINA,cat-02,上海百赢宽机电有限公司成立于2006年，代理日本特线工业株式会社、日本钨丝株式会社等医疗领域的产品，致力于神经介入领域的相关耗材的介绍与推广，协助中国国内医疗器械企业的发展壮大。目前受到客户关注的产品有高精度研磨导丝、各种编织用不锈钢扁丝和圆丝、特殊导管和镍钛丝等。我们期待您的光临，相信我们的合作会物有所值。,https://www.ntbaoxuan.com,https://exhibitors.informamarkets-info.com/event/2026Medtec/en-US/exhibitor/467258/shanghai-b-y-k-m-e-equipment-co--ltd,
浙江沐泽电子科技有限公司,Zhejiang Muze Elec Tech Co.Ltd,N1-H908,N1,CHINA,cat-08-1,敝司是专精特新企业，2003年成立，是BOE/天马/AU 医疗液晶显示方案合作商，并可提供Oled/Miniled产品，在嘉兴购置30亩土地，自建厂房，是华东最大的医疗电容屏厂， 提供医疗级全贴合触摸显示集成解决方案，定制嵌入式ARM核心板及防水/散热解决方案。 公司拥有面板玻璃生产线、触摸屏生产线、模组框贴&全贴生产线.  敝司研发的医疗设备远程运维物联网云平台，能帮助医疗设备客户现场免配置/免调试/远程维保，设备数据三分钟上云，实现在线监测在线升级质量追溯/报警联动，告别恶劣调试环境节约差旅成本提高响应效率.,https://www.muzeinfo.com,https://exhibitors.informamarkets-info.com/event/2026Medtec/en-US/exhibitor/467259/zhejiang-muze-elec-tech-co-ltd,
苏州盛德伟业信息科技有限公司,"Suzhou Thunder Weiye Information Technology Co.,Ltd",N4-B309,N4,CHINA,cat-13,苏州盛德伟业信息科技有限公司专注于医疗器械标签，服务于医疗器械产品的全生命周期。涵盖医疗器械的研发设计、动物试验研究、临床评价、GMP生产（含委托生产、外协加工）、仓储、冷链运输、经营、市场使用及售后服务全流程。根据不同客户的具体需求，提供定制化的医疗器械标签和医疗器械唯一标识UDI的整体解决方案，方便客户对产品的全生命周期进行溯源和管理。主营业务：各类医疗器械标签、碳带、标签打印机、RFID标签及UDI解决方案。,https://www.thunderwy.com,https://exhibitors.informamarkets-info.com/event/2026Medtec/en-US/exhibitor/467260/suzhou-thunder-weiye-information-technology-co--ltd,https://image.imconlinereg.com/mm-mtc/2026-08-07/1AECA29E63F420B592DD765489C8BFB2.pdf
东莞市高拓电子科技有限公司,"Tortai Technologies Co., Ltd.",N1-H601,N1,CHINA,cat-08-1,香港拓泰科技有限公司成立于2007年，并于2013年成立东莞市高拓电子科技有限公司为制造基地，已经为超过27个国家的客户提供高可靠一站式EMS电子制造服务，包括PCB电路板制造、SMT贴装、PCB组装、DIP插件、PCBA测试、三防漆喷涂、成品组装、包装物流等PCBA加工服务。我们珍视每一次与您合作机会，选择高拓，选择专业、可靠、共赢的未来。联系我们，开启您的下一个成功项目。主营业务电子元器件采购、PCB 电路板制造、PCBA组装、成品组装、人机界面解决方案、ODM解决方案&OEM制造服务专注领域交通、能源、医疗、通信、安防、人工智能、仪器仪表、智慧农业、其他行业认证ISO9001、ISO13485、ISO14001、UL、RoHS、SGS、REACH认证。,https://www.gtet.cn/,https://exhibitors.informamarkets-info.com/event/2026Medtec/en-US/exhibitor/467261/tortai-technologies-co---ltd-,
宁波迪泽生物科技有限公司,"Ningbo DIZEGENS Medical Science CO., LTD",N3-G305,N3,CHINA,cat-15,宁波迪泽生物位于麟沣医疗科技产业园，是一家通过ISO13485:2016质量体系认证及美国FDA注册的科技创新企业，专注于心血管介入、外周介入等医疗器械的研发、生产与销售。核心团队均来自业内领先的医疗器械企业，在介入医疗器械领域深耕20余年，拥有丰富的医疗器械研发和制造经验。公司主要开展球囊导管及配附件产品OEM开发制造、CRO项目委托开发，业务覆盖海内外市场。迪泽工厂面积4200㎡，配备GMP标准万级洁净室及高精度生产、检测设备，可高效提供高质量产品与服务。公司始终秉承“感恩、创新、进取、共赢”的理念，致力于为全球客户提供创新可靠的医疗解决方案。,https://英文网站：https://www.dizegens.com/,https://exhibitors.informamarkets-info.com/event/2026Medtec/en-US/exhibitor/467262/ningbo-dizegens-medical-science-co---ltd,https://image.imconlinereg.com/mm-mtc/2025-05-28/3B8CBB2FB78AAA6BE340E68409E5AE43.pdf
昆山质子激光设备有限公司,"Kunshan proton laser equipment Co. ,Ltd",N3-C802,N3,CHINA,cat-10,质子激光设备有限公司是一家专业从事精密激光焊接研发和生产的设备制造商，同时为客户提供一整套激光工艺方案及配套设施。 公司产品主要包括：激光焊接设备、激光切割设备、激光打标设备、激光清洗等设备。产品广泛应用于新能源电池、消费电子、家用电器、厨卫五金、仪器仪表、医疗器件、眼镜等领域； 我司坚持以市场为导向，以客户为中心，以技术为保证，以服务为后盾，满足客户多样化、个性化、高精度、高品质、高效率的加工需求。,https://www.protonlaser.cn,https://exhibitors.informamarkets-info.com/event/2026Medtec/en-US/exhibitor/467265/kunshan-proton-laser-equipment-co---ltd,https://image.imconlinereg.com/mm-mtc/2025-07-12/67B5FC773159F4A4166E1A1B24DE2AC3.pdf
深圳市纳钛医疗科技有限公司,Shenzhen Nanoti Medical Technology Co.,N1-A507,N1,CHINA,cat-02,"深圳市纳钛医疗科技有限公司由国家高性能医疗器械创新中心与英国南安普顿大学海归博士团队联合创立，专注于植入级医用金属原材料及精密零部件的研发、生产与销售,致力于突破微创介入器械上游""卡脖子""材料瓶颈。公司构建了微创介入器械上游医用金属平台技术体系，已成功突破高精度金属丝材/管材产品技术壁垒，实现医用级镍钛合金丝材与管材、高强度304V不锈钢真直丝等产品的批量化生产，广泛应用于导丝、支架、封堵器、心脏瓣膜等微创介入器械的制备。",https://nanotimedtech.com,https://exhibitors.informamarkets-info.com/event/2026Medtec/en-US/exhibitor/467266/shenzhen-nanoti-medical-technology-co-,https://image.imconlinereg.com/mm-mtc/2026-07-23/6ABD7BFE48258CBE880E80BA476DFE0A.pdf;https://image.imconlinereg.com/mm-mtc/2026-07-23/B6604BDA208C06629F7CD06806925646.pdf
禾蓝新材料(江阴)有限公司,Helan New Materials（Jiangyin）Co.，Ltd,N1-H602,N1,CHINA,cat-02,公司专注于研发与生产精密钢丝和医疗导线，致力于为医疗器械、精密工业等高端领域提供高质量的材料解决方案。公司拥有先进的生产设备、严格的质量控制体系以及专业的技术团队，为全球客户提供精准可靠的产品与服务。自成立以来，我们不断创新，赢得了业内的广泛认可。公司主要产品• 医疗用精密导线（如心血管导丝、手术缝合线用钢丝）• 高性能精密钢丝（应用于医疗器械、工业传动领域）• 特殊合金材料（如镍钛合金、钨合金等）• 定制化钢丝及导线解决方案,,https://exhibitors.informamarkets-info.com/event/2026Medtec/en-US/exhibitor/467267/helan-new-materials（jiangyin）co-，ltd,
上海富安医疗科技有限公司,Shanghai FuAn Biomechatronics Corporation,N1-G509,N1,CHINA,cat-06,上海富安医疗科技有限公司专门提供Kaolu 品牌 1. 电气比例阀、压力比例阀（真空 到 210 bar 可控范围） 2 流量比例阀 （水，气体，腐蚀性流体） 3. 比例夹管阀、比例管夹阀 4. 大流量 气动 开关阀 5. 一次性流量传感器 6.不锈钢流量传感器 7. 空气气泡传感器,https://www.genndih.com/chs/,https://exhibitors.informamarkets-info.com/event/2026Medtec/en-US/exhibitor/467268/shanghai-fuan-biomechatronics-corporation,https://image.imconlinereg.com/mm-mtc/2025-05-04/B124CCBBA3FF8504E2241350DE98FFCB.pdf;https://image.imconlinereg.com/mm-mtc/2026-07-23/BD54D806E759FA07B073E18DAB66C247.pdf
杭州富善医疗器械有限公司,"Hangzhou Fushan Medical Appliances CO.,LTD.",N3-G702,N3,CHINA,cat-05,杭州富善医疗器械有限公司成立于2005年7月，地处杭州市临安区玲珑工业园，厂区面积13000平方米。公司按GMP标准打造万级、十万级净化车间，设有注塑、挤出、组装等生产区域，配备精密生产与检测设备，可加工硅橡胶、聚氨酯、尼龙、Pebax等多种医用高分子材料制品。公司建有专业实验室，可开展无菌、理化、电气等检测；配备符合CE标准的环氧乙烷灭菌设备，可自主完成产品灭菌及验证，并出具相关报告。企业主营心血管、神经、外周血管介入器械，同时提供OEM、ODM、CDMO定制服务。公司恪守 “规范、严谨、专注、创新” 的理念，依托完善的设施、技术团队与严苛的品控体系，在业内拥有良好口碑，助力医疗行业发展,https://www.fushanhz.com,https://exhibitors.informamarkets-info.com/event/2026Medtec/en-US/exhibitor/467269/hangzhou-fushan-medical-appliances-co--ltd-,https://image.imconlinereg.com/mm-mtc/2026-07-22/4895DFAE02B22530E3A9F84CFAEA9A78.pdf
兰州西脉科立新材料有限公司,"Lanzhou Seemine Keli  Advanced Materials Co., Ltd",N1-B108,N1,CHINA,cat-02,兰州西脉科立新材料有限公司是兰州西脉国际旗下专业从事形状记忆合金材料及工程应用、产品研发、生产、销售的国家级高新技术企业，也是国内规模化经营记忆合金材料和产品的领先供应商。科立新材不仅拥有高素质的专业团队、精良的生产加工设备、精湛的加工工艺和技术，同时还建立有完善的生产质量管理体系。凭借多年来对形状记忆合金材料深入的研究和自主创新，目前，已与多家知名企业、高校建立深入、良好的合作关系，先后承担了多项国家级重点科研和产业化项目。现已已获得专利成果、行业技术标准等50余项。科立新材始终坚持“以人为本，科技立厂；以质取胜，创新发展”的企业理念，不断提升自主研发与生产工艺技术能力为核心，聚焦新材料与形状记忆合金制造产业新方向。致力于成为形状记忆合金材料领域的领军者。科立新材主营业务：形状记忆合金铸锭、板材、丝材、棒材、紧固件、驱动丝、智能垫片和超弹材料等产品的研发、生产和销售，支持定制化服务与OEM代工。产品方向涉及医疗、电力电气、航空航天、国防军工、高铁汽车、机械制造、石油化工、无人机、智能机器人、3C电子、精密仪器等诸多领域。,https://www.xmkeli com.cn,https://exhibitors.informamarkets-info.com/event/2026Medtec/en-US/exhibitor/467270/lanzhou-seemine-keli--advanced-materials-co---ltd,https://image.imconlinereg.com/mm-mtc/2025-05-29/616D2EAEDD866F126F97DC3797E24BB7.pdf;https://image.imconlinereg.com/mm-mtc/2026-06-25/4C1DD2BE7FFFE1F5A438765727D0E99E.pdf
上海冠志医疗技术有限公司,"Shanghai Goodlink Medical Technology Co., Ltd.",N1-D506,N1,GERMANY,cat-08-3,冠志医疗科技有限公司独立于冠领集团，主力代理一流的医疗级器件及引进海外创新医疗用品，复康技术及设备。满足中国快速提升的医疗设备产业，以及国民对健康生活的日渐需求。,https://www.goodlinkmed.com/,https://exhibitors.informamarkets-info.com/event/2026Medtec/en-US/exhibitor/467271/shanghai-goodlink-medical-technology-co---ltd-,https://image.imconlinereg.com/mm-mtc/2026-07-31/464AEEC4B1D0A1201C356DBCF9895418.pdf
昆山森尼尔模具有限公司,"KUNSHAN SENIOR MOLD CO., LTD",N3-C207,N3,CHINA,cat-09,"森尼尔精密模具成立于2015年3月，公司坐落于江苏省昆山市，地处中国经济发达的长江三角洲，毗邻上海和苏州，交通便利，位置优越。 森尼尔精密模具是一家集挤出模具设计制造、塑料挤出制品生产加工为一体的综合型技术企业。公司聚集一批经验丰富的模具设计，工程技术人员，及挤出调试人员,拥有一支高素质管理团队。 森尼尔精密模具致力于各类塑料挤出模具、医用导管挤出模具、多腔、多层复合管材、各类软硬胶共挤、异型材、板材、棒材、片材等精密挤出模具的设计制造。公司现有精密数控加工设备及模具检验设备数台，同时拥有多条高精度挤出机生产线，用于挤出机头及模具的成型验证，及配套加工。确保客户新产品开发的时效性、及准确性。 产品主要应用于医疗、电子、汽车、机械制造、建材、环保等多个领域。涉及原料主要有：TPU、TPE、TPR、TPO、PA、PEBAX、PVC、PE、PP、ABS、PS、PC、PMMA、PPS、PEEK等材料挤出。 森尼尔精密模具始终坚持以质量求生存，以创新求发展，以诚信铸品牌的发展理念，为客户提供优质的产品和服务。",https://www.snrmould.com,https://exhibitors.informamarkets-info.com/event/2026Medtec/en-US/exhibitor/467272/kunshan-senior-mold-co---ltd,
苏州银炙新材料科技有限公司,SILVER KBO,N2-B110,N2,CHINA,cat-14,苏州银柯控股有限公司（简称“银柯控股”）成立于2023年，总部设于中国上海，是一家集技术研发、高效制造、精准销售与全球贸易于一体的高科技集团企业。银柯控股通过全资控股上海赢优科技有限公司（简称“赢优科技”）与苏州银炙新材料科技有限公司（简称“银炙新材料”），实施“双轮驱动”发展战略，专注深耕医用材料领域。公司秉持“安全、创新、高效”的核心价值观，专注于前沿医用级材料的研发与应用，致力于为全球客户提供高性能、定制化的医用材料产品与综合解决方案，助力医疗健康产业实现持续创新与突破。,http://www.sk-silvermars.com,https://exhibitors.informamarkets-info.com/event/2026Medtec/en-US/exhibitor/467273/silver-kbo,https://image.imconlinereg.com/mm-mtc/2025-04-24/5425CDCEDE8FF303903042B4239974DE.pdf;https://image.imconlinereg.com/mm-mtc/2026-07-29/BE6A3612E864FEF658F2B5F816C03E40.pdf
上海辛盾自动化科技有限公司,"SHANGHAI XINDUN AUTOMATION TECHNOLOGY CO., LTD.",N1-A511,N1,CHINA,cat-14,上海辛盾自动化科技有限公司在自动化焊接领域历经近十载时光，现已成为集研发、制造、销售、服务为一体的成熟综合型企业。公司现有自主研发产权的产品有：全位置自动化管焊、开放式管管焊、管管焊等多种类多层次产品，实现了产品智能化、自动化、多元化，给予了客户更多的比较与选择。公司总部位于国际化大都市 -上海，占地面积约 5千平方，在天津、广州、重庆、安徽、江苏均有分公司，近年来不断积极拓展线上线下及海外市场，树立品牌价值，产品远销至美国、日本、新加坡等发达国家，在国际市场获得更多企业的认可。,http://www.xidn.cn/index.html,https://exhibitors.informamarkets-info.com/event/2026Medtec/en-US/exhibitor/467274/shanghai-xindun-automation-technology-co---ltd-,https://image.imconlinereg.com/mm-mtc/2025-05-10/E27404BBA680AF2DDF771150B412F267.pdf
浙江金连接科技股份有限公司,"Zhejiang Goldlink Tech Co.,Ltd",N1-G702,N1,CHINA,cat-08-3,金连接专注于微细零件及材料的研发、制造，总部位于中国浙江省嘉兴市经济技术开发区，公司荣获国家高新技术企业、国家专精特新“小巨人”企业等称号。金连接生产的精密半导体芯片测试探针零件、医疗器械用微细零件及贵金属材料达到行业先进水平，得到国内外客户广泛应用。截止2024年12月，公司拥有322台先进的精密CNC机床及配套措施，月产零件约2500万件。此外，公司还自主研发、制造钯合金和铂铱合金等贵金属棒材、丝材，广泛应用于半导体、电子及医疗领域。相信我们高品质的产品、快捷的交货、合理的价格及良好的服务一定会帮助您提高产品价值，欢迎垂询。,https://www.goldlink-tech.com,https://exhibitors.informamarkets-info.com/event/2026Medtec/en-US/exhibitor/467275/zhejiang-goldlink-tech-co--ltd,https://image.imconlinereg.com/mm-mtc/2026-01-05/AC66BEB9784EAEA193C158CE0DFE6AB4.pdf;https://image.imconlinereg.com/mm-mtc/2026-01-05/44964ED0F183DA7768ACEEA0ECE763C8.pdf
苏州方位无菌包装有限公司,"Suzhou Funway Sterile Packaging Co., Ltd.",N4-A214,N4,CHINA,cat-13,方位无菌包装有限公司坐落在美丽的苏州西部城区，是国家级科技型中小企业和苏州市规上工业企业之一，由方位集团控股投资创办。自2006年至今，专注塑料热成型技术和超洁净材料的开发与生产，早在2013年就通过ISO13485认证且全过程符合GMP规范要求的医用吸塑包装厂家，也是中国医疗器械行业协会包装专委会副理事长单位、无菌医疗器械行业的知名供应商。,https://www.blister.cn,https://exhibitors.informamarkets-info.com/event/2026Medtec/en-US/exhibitor/467276/suzhou-funway-sterile-packaging-co---ltd-,
邦尼医疗科技（苏州）有限公司,"Bonny Medical Technology (Suzhou) Co., Ltd",N3-H701,N3,CHINA,cat-09,"邦尼医疗科技（苏州）有限公司成立于2020年，专注于高端外科手术器械集研发、生产、装配为一体的创新型企业。新厂房投入1000余万,模具加工车间及10万级注塑车间，为满足客户需求，二期配套万级装配车间，实现从产品设计、模具开发、批量注塑、五金加工及后制程超声波焊接、超声波清洗、印刷等工序，真正做到为客户提供一站式服务.  邦尼视质量为企业生命力，所属团队分别来自业内知名企业，富有经验和创新精神，通过ISO13485认证，24小时快速响应的精神，为您提供高效、个性化产品。我们可灵活应对您不断变化的产品构造，短期交付的市场需求及合理的价格来降低您的开发成本，助力于精密医疗器械国产化而倾尽全力。",http://www.ksbnyl.com,https://exhibitors.informamarkets-info.com/event/2026Medtec/en-US/exhibitor/467277/bonny-medical-technology-(suzhou)-co---ltd,https://image.imconlinereg.com/mm-mtc/2025-04-30/B0F195097CAAEBB4804AE8C1E9D88F69.pdf
苏州志兴恒应用材料有限公司,"Suzhou Sealgon Applied Materials Co., Ltd.",N2-A402,N2,CHINA,cat-01,志兴恒公司创立于2011年1月5日，总部位于“上有天堂，下有苏杭”之称的苏州。目前公司已在深圳、上海、成都设有分公司。 公司是一家从事新材料应用科学的高科技公司，致力于为国内汽车电子、电力、半导体、航空航天、船舶、新能源、消费电子、工业、医疗等相关产业提供高品质粘合剂、线材、管材和砂材及相关配套技术和设备，引进最新材料及产品服务相关行业。公司秉持“急客户所需，为客户所想”的服务理念，竭尽所能为客户提供最好的产品和最优的方案。,https://www.sealgon.com,https://exhibitors.informamarkets-info.com/event/2026Medtec/en-US/exhibitor/467278/suzhou-sealgon-applied-materials-co---ltd-,
苏州颜迪医用材料有限公司,"Suzhou Yandi Medical Material Co., Ltd",N2-A201,N2,CHINA,cat-01,苏州颜迪始创于2022年，成立于苏州。随着公司发展需要于2024年成立子公司泰州颜迪。致力服务医疗领域，以高效率、高质量、高标准的服务准则，凭借创新和可持续的解决方案，持续为客户创造价值。主要研发、生产、销售医用色母粒，医用显影料，医用染色以及原材料贸易等业务，是一家专业的高分子材料供应商。我司一直秉持：健康、环保、专业，互惠为原则，用强大的专业以及高效的服务给国内各医疗器械企业提供最健康、最环保的优质产品。公司现通过ISO 13485和ISO 9001质量体系认证，一直致力于最优质的保障。,,https://exhibitors.informamarkets-info.com/event/2026Medtec/en-US/exhibitor/467279/suzhou-yandi-medical-material-co---ltd,https://image.imconlinereg.com/mm-mtc/2026-01-05/AC5F7F07BBC2E424305FD525B6CDF93A.pdf
沈阳艾尔泰克精密仪器有限公司,"Shenyang airtek precision instruments co.,LTD",N3-B308,N3,CHINA,cat-17,沈阳艾尔泰克精密仪器有限公司专注于气密性检测仪及流量测试仪的研发与生产。公司拥有多项专利产品，产品品质优异，得到客户一致认可。 在气密检测和流量测试方面，我司产品在医疗行业得到广泛应用。产品有微差压全密封检漏仪、微差压检漏仪、微流量测试仪、流量测试仪。主要用于测试药品制剂瓶/罐、软包装等产品气密性检测；球囊、内窥镜等气密性检测；医用过滤器、输液管路等耗材类产品的气密性及阻塞检测、产品的透气性检测（主要是滤纸、滤布、防水透气膜）等。仪器可有效检测产品的微漏和大漏，同时可以有效消除变形、容积、温度对检测结果带来的影响。公司同时对极小的孔和较大的密封空间也有相应检测方案。,https://www.syairtek.com,https://exhibitors.informamarkets-info.com/event/2026Medtec/en-US/exhibitor/467280/shenyang-airtek-precision-instruments-co--ltd,
无锡怡声微纳医疗科技有限公司,"Wuxi Innosonics Medical Technolgy Co., Ltd.",N1-G302,N1,CHINA,cat-08-4,无锡怡声微纳医疗科技有限公司创立于 2021 年，总部坐落于无锡，是一家深耕超声换能器领域、集研发、设计、智造于一体的高新技术企业。公司搭建完整产业布局，自有压电智能材料生产工厂与超声换能器智能化制造车间，打通压电材料至终端换能器全链条自研自产能力。公司产品矩阵覆盖多赛道超声核心器件，包含微型介入 ICE 超声导管与换能器、常规体外影像超声探头、超声刀变幅杆、治疗超声换能器、声呐换能器，同时自主量产高性能压电陶瓷、压电单晶、压电复合材料等核心压电基材，可为医疗、工业检测、水下声学等领域提供一体化超声声学解决方案。,https://www.innosonics.com,https://exhibitors.informamarkets-info.com/event/2026Medtec/en-US/exhibitor/467281/wuxi-innosonics-medical-technolgy-co---ltd-,https://image.imconlinereg.com/mm-mtc/2025-08-06/77A496B62B73ADEDF196D13BFF3E1F95.pdf;https://image.imconlinereg.com/mm-mtc/2026-07-06/2E6860E4000E9070B382AA9B53AA6C12.pdf
东莞市圣安塑料机械有限公司,"DONG GUAN SHENG-AN PLASTICS MACHINERY CO. ,LTD",N2-A102,N2,CHINA,cat-12,东莞市圣安塑料机械有限公司是专注于研发生产销售精密挤出设备的企业，经过长期的经验积累以及与原料厂家的密切配合，并结合中外最先进的技术，严格的品质管控及精密组件的批量化生产、采购，与国际同类型设备性价比更具竞争优势—“中国的价格，欧洲的品质”已经是圣安挤出设备的标识。公司拥有一支技术过硬和实践经验丰富的专业队伍，能为客户提供可靠有效的技术保障和悉知周到的工艺技术指导、培训与服务，以满足不同客户的特殊应用需求，全套设备配有先进的机电一体自动化控制系统，确保高品质和稳定持续的生产，以降低生产过程中的能耗。圣安医用挤出设备尤其在生产高透明、高弹性血透析回路、中心静脉导管、塑料管路产品时表现更优异。,https://www.saextruder.cn,https://exhibitors.informamarkets-info.com/event/2026Medtec/en-US/exhibitor/467282/dong-guan-sheng-an-plastics-machinery-co---ltd,https://image.cbmexpo.com/mm-mtc/2025-05-05/8E8472941F4FBA2D4B48B73C62A8CD87.pdf;https://image.cbmexpo.com/mm-mtc/2026-01-08/362BAD8FEF5F5A286A00D591B300C0D8.pdf
安平医疗器械科技（厦门）有限公司,AP Technologies,N2-C202,N2,SINGAPORE,cat-05,"安平科技成立于2013年，总部位于新加坡，是一家世界级精密医疗导管CMO制造商，提供从设计、打样到量产的一站式方案。产品涵盖编织加强管、可调弯管、微导管、PTFE蚀刻管、FEP热缩管、球囊管、超薄壁管、多层管及PEEK管等。  集团深化全球布局，在新加坡、厦门、越南、爱尔兰设厂，美国设计研发中心，生产总面积达18,000㎡，其业务范围涵盖镍钛合金加工、精密激光加工以及一站式医疗导管解决方案。公司配备万级和十万级洁净室，拥有先进闭环挤出线及全套后道加工设备，具备完善的全流程生产能力。安平严格遵循国际质量体系，以稳定工艺和精密控制确保产品高度一致，成为多家世界百强医疗企业供应商。",https://www.ap-tech.cn,https://exhibitors.informamarkets-info.com/event/2026Medtec/en-US/exhibitor/467283/ap-technologies,https://image.imconlinereg.com/mm-mtc/2026-07-15/A96B53ACEB8FC014436207636F62329E.pdf;https://image.imconlinereg.com/mm-mtc/2026-07-15/8124F0DB0D319B87D7636C235599FBF0.pdf
赛迪菲尔科技（佛山）有限公司,"Satisfied Technology(FoShan)Co.,Ltd.",N3-H106,N3,CHINA,cat-05,赛迪菲尔科技(佛山)有限公司位于广东佛山市顺德区，是一家专注于发展医疗工业制造自动化设备、精密模具、特种工装治具研发、生产、销售和技术服务为一体的高科技企业，为医疗器械生产企业提供生产工艺解决方案及相关设备。我们提供的设备有;射频类型导管尖端成型机、高频类型导管尖端成型机、高精度正压检漏仪、医疗专用立式注塑机、医用导管精密挤出机、导管定长切管机、导管精密钻孔机…公司的理念是;诚信、创新、合作共赢，根据客户实际需求，保持开拓创新，为客户产品的增值提供专业、周到、有价值的服务。,https://www.cathetermachinery.com,https://exhibitors.informamarkets-info.com/event/2026Medtec/en-US/exhibitor/467284/satisfied-technology(foshan)co--ltd-,https://image.imconlinereg.com/mm-mtc/2025-04-25/3AD5BDD9F76610F5EEF711E1DAB54E1A.pdf
东莞市嘉杰医疗科技有限公司,"Dongguan jiajie medical tech Co.,ltd",N3-F306,N3,CHINA,cat-01,嘉杰医疗专注于医疗器械硅胶类产品，以专业的技术和高效的生产流程，致力于医疗1类、2类、3类的硅胶类产品设计、生产、注册一站式服务。拥有10万级洁净车间，万级实验室， 专注于检测医用产品的初始污染菌和微粒、环氧乙烷残留等关键指标，以确保我们的产品符合最高的质量标准。支持挤出、模压、液态注射、塑胶注塑等工艺，实现了生产和技术的全面升级，在医疗器械领域，我们以自生产的胃管、脑引流管、球囊、呼吸机面罩等医用硅胶零配件产品为主，广泛应用于医疗器械、医疗美容器械、制药行业等。,https://www.je89.com,https://exhibitors.informamarkets-info.com/event/2026Medtec/en-US/exhibitor/467285/dongguan-jiajie-medical-tech-co--ltd,https://image.imconlinereg.com/mm-mtc/2026-07-28/07AD9FB13490E746B3B2BC1598F6D44C.pdf
安徽精卫医用材料科技有限公司,"Anhui Jingwei  Material Technology Co.,Ltd",N2-H213,N2,CHINA,cat-01,"我司是国内首创以医用色母粒、医用塑料染色、医用复合材料的研发、生产为主营的创新型企业。公司配置了国际先进的造粒生产线及十万级净化车间。于2019年5月份通ISO9001,ISO13485质量体系审核，由国际权威的SGS现场审核发证。我司研发、生产的医用级色母可广泛使用于一、二、三类医疗器材。大部分规格可以提供符合ISO10993的生物相容性报告。",https://www.jwmedpolymer.com,https://exhibitors.informamarkets-info.com/event/2026Medtec/en-US/exhibitor/467286/anhui-jingwei--material-technology-co--ltd,https://image.imconlinereg.com/mm-mtc/2025-09-09/6C707ABAF8782DE05D480A0B8C985E57.pdf;https://image.imconlinereg.com/mm-mtc/2026-01-07/DA6F193AF28962721F1113BD314CBF4C.pdf
深圳市九洲博纳科技有限公司,"Shenzhen Jiuzhoubona Technology Co.,Ltd.",N1-A106,N1,CHINA,cat-02,深圳市九洲博纳科技有限公司（简称”九洲博纳”）成立于2015年4月。 公司专注于向介入&植入医疗器械生产商提供成套材料解决方案。目前公司与全球多家优质厂家合作，为国内客户提供给各类精细金属，贵金属材料以及高分子管材。  公司主要业务有： 丝材：不锈钢丝，贵金属丝，钨丝，镍钛丝，MP35N丝等 管材：不锈钢管，铂铱管，PTFE内衬管 金属环：铂铱环，黄金环，不锈钢环，贵金属片 热缩管：FEP热缩管，可撕FEP热缩管，PTFE热缩管，PE热缩管 加工服务：真直丝+PTFE涂层+磨削，多层扭矩弹簧,,https://exhibitors.informamarkets-info.com/event/2026Medtec/en-US/exhibitor/467287/shenzhen-jiuzhoubona-technology-co--ltd-,https://image.imconlinereg.com/mm-mtc/2025-07-30/7A3AEB5C44BDF5111078D2983B2482CE.pdf
捷脉生命科学（上海）有限公司,"Jemmor Life Science（SHANGHAI）CO.,LTD",N2-G410,N2,CHINA,cat-02,捷脉生命科学(上海)有限公司成立于2019年，总部设立在上海。在北京，深圳设有办事处，并着眼于全球在日本设有分公司。  公司专注于向介入和植入医疗器械生产企业提供成套材料解决方案及产品。  通过了ISO9001及ISO14001质量管理体系，已与众多国内外知名厂家合作，可以提供高分子粒料/加工设备/医用线材/医用管材/精密加工等全产业链产品及方案服务。,https://www.jemmor.com.cn,https://exhibitors.informamarkets-info.com/event/2026Medtec/en-US/exhibitor/467288/jemmor-life-science（shanghai）co--ltd,https://image.imconlinereg.com/mm-mtc/2025-04-29/AEE80F70039FE04BE2B92C3EFA285D4E.pdf
格雷斯海姆塑胶制品（东莞）有限公司,Gerresheimer Medical Plastic Systems Dongguan Co. Ltd.,N3-B409,N3,GERMANY,cat-07,格雷斯海姆是一家国际化代工合同开发、工业化和合同制造合作伙伴，致力于定制给药系统、诊断和医疗产品以及预灌封注射器等初级药品包装。我们的服务范围包括工业设计、产品和工艺开发、模具制造、自动化工程、符合FDA/GMP（洁净室）标准的小批量和大规模生产、产品精加工、组装和包装。作为一家全球化公司，我们在欧洲、美国和亚洲都设有生产基地。,https://www.gerresheimer.com,https://exhibitors.informamarkets-info.com/event/2026Medtec/en-US/exhibitor/467289/gerresheimer-medical-plastic-systems-dongguan-co--ltd-,https://image.imconlinereg.com/mm-mtc/2026-02-20/DCEB0C1E2A388FEF69EBC2831B9787BD.pdf
广东百合医疗科技股份有限公司,"Guangdong Baihe Medical Technology Co., Ltd",N3-F402,N3,CHINA,cat-15,广东百合医疗科技股份有限公司创办于1999年，位于广东省佛山市南海区。公司主营业务为一次性使用医用耗材的研发、生产和销售，是一家现代工程技术和临床医学相结合的高新技术企业，是国内高端医用耗材领域能够与国外产品形成强有力竞争的为数不多的企业之一。  主要产品有：中心静脉导管、血液透析导管、输液接头、延长管、旋塞、留置针、血液回路、内瘘穿刺包、压力传感器、伤口敷料、血液灌流器、胆红素吸附器等医疗器械。公司于2003年先后通过了ISO13485认证和欧盟CE认证，并于2007年通过了美国FDA认证。产品已经销往世界各地，其中中心静脉导管及血液透析导管两个主导产品国内市场占有率均处于领先位置。,http://www.baihemedical.com/zh-CN/,https://exhibitors.informamarkets-info.com/event/2026Medtec/en-US/exhibitor/467291/guangdong-baihe-medical-technology-co---ltd,
苏州途博塑料科技有限公司,"Suzhou Tube Polymer Technology Co., Ltd",N2-F608,N2,CHINA,cat-05,苏州途博 为您的医疗器械 制作合适的导管 苏州途博塑料科技有限公司，位于昆山市陆家镇。公司目前拥有2000平方米的现代化万级净化车间，并引进了国外先进的医疗精密管材生产线和注塑加工设备。 公司拥有十多年挤出加工经验的人才，并通过了ISO13485质量体系审核。现公司主要提供医疗器械用导管的技术支持和产品服务。,https://www.tubepolymer.com,https://exhibitors.informamarkets-info.com/event/2026Medtec/en-US/exhibitor/467292/suzhou-tube-polymer-technology-co---ltd,
美易连电子科技（深圳）有限公司,"Meiyilian Electronic Technology （Shenzhen） Co., Ltd",N1-H405,N1,CHINA,cat-08-3,"全马品牌包含：全马连接器和美易连连接器，（全马连接器专注军工/工业,包含上海全马销售中心和深圳全马产研基地;美易连连接器专注于医疗行业，包含全马易连销售中心和深圳美易连产研基地），是国内高端互联产品制造领域互联技术解决方案的专业品牌供应商。品牌成立16年来(2011年成立），坚持以全程马拉松精神为指引，践行连接创造美好未来的理念，持续创新，诚信经营，全心全意为客户提供超预期的互联技术解决方案。",https://www.mylconnector.cn,https://exhibitors.informamarkets-info.com/event/2026Medtec/en-US/exhibitor/467293/meiyilian-electronic-technology-（shenzhen）-co---ltd,https://image.imconlinereg.com/mm-mtc/2026-01-05/6DAD31A481F796FA8EEA40A4C5F54559.pdf;https://image.imconlinereg.com/mm-mtc/2026-01-05/56F3BBE1A89393D885FAA1D8F87A9FA4.pdf
龙海化工有限公司,DragonChem Limited,N2-B202,N2,"Hong Kong,S.A.R.,China",cat-01,"「龙海化工」供应多款符合美国药典六级的医用塑料原料,包括VESTAMID®Care(PA12&PEBA)尼龙和尼龙弹性体;TROGAMID®Care(Clear Nylon)透明尼龙;[路博潤]医用级热塑性聚氨酯(TPU);TAIRILAC®(ABS)AG16A1;TAIRILITE®(PC)AC6000聚碳酸脂;TAIRIPRO®(PP)K4520耐伽玛无规共聚聚丙烯;Purell(PP&PE)聚乙烯和聚丙烯; DURACON®(POM)聚甲醛PM系列; MSK®(MMBS)916;ViviOn(CBC);ACRYLUX(GPPS)866D,818D等高性能塑料原料;现货供应并提供技术支持。",https://www.dragonchem.com,https://exhibitors.informamarkets-info.com/event/2026Medtec/en-US/exhibitor/467296/dragonchem-limited,https://image.imconlinereg.com/mm-mtc/2025-06-17/EC042473D11BE02F7ACC65D760E16E9A.pdf;https://image.imconlinereg.com/mm-mtc/2026-07-10/C04FB2718B7748FE8DAE0262DDF43CEB.pdf
宝予明制医疗器械服务集团,BIO MINRULA,N1-A503,N1,CHINA,cat-16,宝予明制医疗器械服务集团由上海明制生物科技（致力于一站式医疗器械技术开发服务的高新技术企业）与宝予德科学仪器（长期与世界生物医药500强合作，集研发、生产、销售于一体的高新技术企业）合资成立，为您提供转化验证、委托生产、委托检验、临床评价、境内注册、进出口注册、体系建设等医疗器械产品上市整体解决方案。 宝予明制团队由行业中的临床专家、法规专家、质量体系专家、产品技术开发专家、产品工艺转化专家、资深投资专家组成，已帮助数字疗法、人工智能影像分析、医美、手术机器人、医学影像、伴随诊断试剂、基因检测试剂、骨科等高值耗材、病人监护等领域转化出1000+医疗器械和体外诊断试剂项目。,https://www.minrula.com,https://exhibitors.informamarkets-info.com/event/2026Medtec/en-US/exhibitor/467297/bio-minrula,https://image.imconlinereg.com/mm-mtc/2026-06-23/8AAD561DF8A2340635C3F8CDEAE0C6AE.pdf
上海创京检测技术有限公司,KINTEST,N1-A702,N1,CHINA,cat-17,"上海创京检测技术有限公司成⽴于2018年 , 是⼀家专业的第三⽅医疗器械检验检测公司，公司拥有多项权威资质认证，已获得国家CNAS和CMA双C资质，在⾏业内具备⾼度公信⼒。在检测能⼒⽅⾯，公司检测范围广泛，涵盖EMC电磁兼容、安全性能测试、环境可靠性、软件测试、体外诊断（IVD）等各类医疗器械的注册检测和咨询等。出具权威资质的检验检测报告，已获得国家药监局 、省药监局 、审评中⼼的认可，为医疗器械在性能、安全性、有效性等方面把关。可随时迅速响应各⾏业客⼾在各领域的不同需求，提供近距离、本地化的专业服务。",https://www.kintest.cn/,https://exhibitors.informamarkets-info.com/event/2026Medtec/en-US/exhibitor/467298/kintest,https://image.imconlinereg.com/mm-mtc/2026-06-26/E51A4A0563E7F75DD1DFFB96D2DA691B.pdf
天津瑞福天科模具有限公司,"TIANJIN REFULL TIANKE MOLD & DIE CO., LTD",N3-C111,N3,CHINA,cat-09,"公司成立于 2006 年,专业从事中小型精密注塑模具、注塑产品的研发制造。企业现有在职员工 200 余人，注塑机床42 台，有日本住友、日本发那科、日本东洋、海天等各种型号，包含五台双色注塑机，模具加工设备 40余台，其中高速加工中心、精密电火花成型机、线切割放电机等专业设备均为瑞士和日本进口，同时配备了海克斯康数控桥式三坐标测量机、测量显微镜、数字测量投影仪，并配备 25 台印刷机等辅助设备和 8 条组装线，可为客户提供产品设计、开发、模具制造、注塑、印刷、装配等多种服务，公司拥有 700 平方米 10 万级高标准注塑洁净车间，配备日本住友机床 9 台，发那科机床 1 台，东洋机床 1 台。",https://www.tjrefull.com,https://exhibitors.informamarkets-info.com/event/2026Medtec/en-US/exhibitor/467299/tianjin-refull-tianke-mold---die-co---ltd,https://image.imconlinereg.com/mm-mtc/2025-07-30/794B0F17626475EA63E9F4E4A2E4680F.pdf
南通普伦特生物科技有限公司,"Nantong Plunkett Biotech Co., Ltd.",N2-B802,N2,CHINA,cat-12,南通普伦特生物科技有限公司成立于2023年，是一家集研发、生产、销售为一体的科技创新型企业。公司位于江苏省南通市临江新区中兴智谷产业园，总面积超3600平方米，其中2000平方米为万级净化生产车间，建立了符合ISO13485的质量管理体系。普伦特秉承“创新驱动、质量为先、专业服务”的企业核心理念，依托强大的研发能力、先进的生产设备、精湛的制造工艺和完善的质量管理体系，结合核心团队在医疗行业多年的实践积累，力争以更快的响应速度向客户提供优质的产品和服务。普伦特专注于医用高分子材料制品的研发与生产，业务覆盖泛血管介入、泌尿、消化、呼吸等多个核心领域，现拥有热缩管、挤出管、PTFE等多条生产线，提供各种管材、医用鞘管、导管等，针对不同客户需求提供个性化、定制化的服务和解决方案。普伦特致力于成为医疗器械原材料行业的创新引领者，并通过技术革新和工艺创新，为合作伙伴提供前沿材料，提高生产效率，降低生产成本，持续创造价值。,https://www.plunkett.com.cn,https://exhibitors.informamarkets-info.com/event/2026Medtec/en-US/exhibitor/467300/nantong-plunkett-biotech-co---ltd-,https://image.imconlinereg.com/mm-mtc/2025-05-06/29A25A9E17E704B336D1B375BFC6DDA6.pdf
莱克福斯弹簧科技(常州)有限公司,Lesjöfors China,N2-G701,N2,CHINA,cat-02,莱克福斯集团是全球品类最全的弹簧和冲压件供应商。在医疗领域，我们生产的弹簧和冲压件广泛用于一次性医疗用品，医疗器械和卫生相关产品。  我们在全球拥有众多的工厂，以及我们对医疗行业的专业知识储备，使我们有能力在全球范围内为医疗应用领域定制涵盖制造、清洁、包装和自动化的全套创新解决方案。  通过先进的生产设施和技术以及严格的质量控制，我们为您提供业内顶级的高质量产品交付。,https://www.lesjofors.com,https://exhibitors.informamarkets-info.com/event/2026Medtec/en-US/exhibitor/467301/lesjöfors-china,https://image.imconlinereg.com/mm-mtc/2026-07-15/020EF733E48EBF957BD730CFEF29C234.pdf;https://image.imconlinereg.com/mm-mtc/2026-07-15/DEF95602C34E507B00B59445F710D09C.pdf
佛山市程业五金电器有限公司,"FOSHAN CITY CHENGYE HARDWARE ELECTRIC APPLIANCE CO., LTD",N3-A308,N3,CHINA,cat-08-6,程业五金电器有限公司是一家专业制造高品质热流道弹簧管，各种特殊异形管、热电偶、电热圈等电热产品的公司。公司技术力量雄厚，拥有国际先进生产设备和齐备的检测仪器，完善的质保体系，科学的管理体制，加上程业人勇于创新、团结务实、顾客至上的企业精神，使产品质量达到国外同类先进水平。,https://www.cythermal.cn,https://exhibitors.informamarkets-info.com/event/2026Medtec/en-US/exhibitor/467302/foshan-city-chengye-hardware-electric-appliance-co---ltd,
寰宇喷雾设备公司,Unitak Science & Technology Co./ Sono-tek,N1-A502,N1,USA,cat-14,"精密超声波喷头是用于血管支架、带导管球囊、导丝、人造血管、腔静脉滤器、血液或尿液相关诊断检测设备行业的喷涂设备, 专用于喷涂药物、聚合物、酶、亲水丶疏水、Cytop、Pedot导电、诊断和试剂涂层等等.新一代量产型及经剂型血管支架及药涂球囊喷涂设备。但仍保持一贯的Sono-tek超声波雾化独有的高传送率丶高精准度丶高重复性及均匀度与及低污染度的簿膜涂层特点。如超声波血管支架Medicoat DES plus, Medicoat PSI系列及药涂球囊Medicoat BCC系列喷涂设备外，新推系列Medicoat DEB, Medicoat MD, Medicoat系列超声波雾化喷涂设备.",https://www.unitak.com.cn,https://exhibitors.informamarkets-info.com/event/2026Medtec/en-US/exhibitor/467303/unitak-science---technology-co---sono-tek,
东莞市雨菲电子科技有限公司,"Dongguan Luphi Electronics Technology Co.,Ltd.",N1-F608,N1,CHINA,cat-08-1,东莞市雨菲电子科技有限公司是一家成立于2015年的专业从事各种薄膜开关，薄膜面板，电容触摸线路，电容触摸膜片，薄膜面贴，触摸显示模组，电子组装制造等产品和服务的高科技企业。公司占地4500平米，已通过ISO9001，ISO14001，ISO13485和ISO45001认证。产品主要销往中国，美国，德国，瑞士，意大利，英国，奥地利等国家和地区。产品广泛应用于家用电器，消费电子，工业控制，医疗设备仪器，美容保健设备仪器，轨道交通，航空航海，机械设备等领域。,https://www.luphitouch.cn,https://exhibitors.informamarkets-info.com/event/2026Medtec/en-US/exhibitor/467304/dongguan-luphi-electronics-technology-co--ltd-,https://image.imconlinereg.com/mm-mtc/2025-06-18/BD4B02B7CA3B99A84C606565D1F41F0D.pdf
宁波益创韦塑料科技有限公司,"Ningbo Yichuangwei Plastic Technology Co., Ltd",N2-G402,N2,CHINA,cat-05,"宁波益创韦塑料科技有限公司于2017年成立，现位于浙江省宁波市前湾新区，拥有1000平方米的万级无尘车间.主要经营塑料管材制品PEEK,PE,PP,PPSU,ABS,TPU,PVC及多种高分子塑料制品的研发，定制，生产和销售，公司通过了ISO9001,ISO13485质量体系认证，具有较好的发展前景，我们以优质的产品和专业的技术销售团体，完善的售后服务体系，期待与您的合作。",http://www.nbycwslkj.com/sy,https://exhibitors.informamarkets-info.com/event/2026Medtec/en-US/exhibitor/467305/ningbo-yichuangwei-plastic-technology-co---ltd,https://image.imconlinereg.com/mm-mtc/2025-05-13/B5B9AAF6F26334FB63C52932245A0F45.pdf
深圳市金成锐医疗科技有限公司,"Shenzhen JCR Medical Technology Co., Ltd",N1-F602,N1,CHINA,cat-08-3,我们的产品系列包括有创压力传感器核心件和一次性压力传感器，一次性腔内体温探头，一次性皮肤温度探头，可重复使用腔内体温探头，可重复使用体表温度探头，测温导尿管系列产品，一次性使用血氧探头系列，可重复使用血氧探头系列，兼容各大知名品牌监护仪的压力传感器转接线，体温转接线，血氧转接线，止血带，心电导联线，无创血压袖带，压力泵，医用管路，中心静脉导管套件，一次性脑电极，一次性使用Y型连接器，一次性使用连通板，重复性心电电极，脐带夹，扩张引流套件，输尿管支架，三通阀，肝素帽，子宫颈扩张球囊导管，导管鞘，吸痰管等......,https://www.jcr-med.com/cn,https://exhibitors.informamarkets-info.com/event/2026Medtec/en-US/exhibitor/467306/shenzhen-jcr-medical-technology-co---ltd,https://image.imconlinereg.com/mm-mtc/2025-05-05/1EC254A5D6798F59857433EA896D07AE.pdf
郑州海科熔体泵有限公司,"Zhengzhou Heiko Melt Pump Co ., Ltd .",N2-C105,N2,CHINA,cat-06,郑州海科熔体泵有限公司是国内领先行列的熔体齿轮泵和换网器制造商，专业生产挤出熔体泵、熔体聚合泵、管道增压泵、纺丝计量泵、熔体过滤器等产品，是集研发、生产、销售于一体的技术方案提供商。公司自主研发生产MP-M、MP-H、MP-C、MP-X系列挤出熔体泵;MP-R、MP -D系列反应釜聚合、管道增压泵;MP-U系列纺丝计量泵;MP-J黏胶等化工流体输送泵以及HK-ACB、HK-SSP、HK-FSP、HK-DSP、HK-DP等系列换网器产品。熔体齿轮泵和换网器已经广泛应用在化纤、造粒、塑料薄膜、片材、板材、型材、管材、电线电缆、拉丝、复合挤出等生产线上，可加工的物料几乎涵盖了大部分高分子材料，如∶PE、PC、PP、PVC、HIPS、PS、PA、TPUR、含氟聚合物、聚砜、聚酯、热塑性弹性体、橡胶以及热黏合剂等，并且在PBAT、PBST、PLA、PLC、PPC等生物可降解材料中也取得了应用。海科凭借经验丰富的技术研发和服务团队，不断创新发展产品技术，已为大量客户提供生产解决方案和快捷的技术支持服务。,http://www.haikejixie.com/,https://exhibitors.informamarkets-info.com/event/2026Medtec/en-US/exhibitor/467307/zhengzhou-heiko-melt-pump-co----ltd--,
"Knowles Electronics,LLC.","Knowles Electronics, LLC.",N3-A406,N3,CHINA,cat-15,楼氏作为全球微型精密制造领域的领军企业，专注于先进微声麦克风、扬声器及精密设备解决方案，为医疗技术、工业、国防等关键领域提供核心支持。我们凭借微型注塑、微型精密冲压、精密机加工、电磁线圈绕线、微电子组装和增值制造等六大尖端技术，将制造精度推进至微米级（±2微米），以极致工艺持续赋能小型医疗设备创新，推动患者护理、诊断与治疗技术革新。从项目概念到量产，我们始终秉持“服务第一”的理念，与客户深度协作，通过设计优化与材料适配，提供定制化方案满足多元化需求。在质量管控上，我们以ISO 13485等国际标准贯穿生产全程，从首件到成品均经过多道精密检测，确保产品在极端场景下性能稳定，将“品质第一”贯穿于从设计到交付的全流程。楼氏通过高效的供应链管理与先进的生产工艺实现成本精细化控制，在保障卓越品质与服务的同时，为客户提供高性能、高性价比的精密组件，让尖端技术与合理成本完美融合，成为值得信赖的长期合作伙伴。（合作客户如全球TOP5医疗设备厂商已验证我们的技术实力与服务价值）,https://www.knowles.com/products/miniaturization-capabilities,https://exhibitors.informamarkets-info.com/event/2026Medtec/en-US/exhibitor/467308/knowles-electronics--llc-,https://image.imconlinereg.com/mm-mtc/2025-05-22/E7A40E332EA0505072160A433B6AD6F2.pdf
科德宝医用塑胶五金制品（深圳）有限公司,Freudenberg Medical,N2-D202,N2,GERMANY,cat-15,科德宝医疗集团是创新医疗器械、零部件和产品解决方案设计、开发和制造领域的全球合作伙伴。科德宝医疗集团在全球包括中国深圳经营13处制造基地，拥有2800多名员工，可面向微创、手持和导管等技术设备提供广泛的产品组合，公司在高精度硅胶，热塑性零部件和导管以及金属海波管的制造领域处于领先地位 科德宝医用塑胶五金制品（深圳）有限公司隶属于科德宝医疗集团，位于中国深圳成立于2006年，专注于高精度高质量的医疗器械产品的配件，零部件及组件的热塑性注塑的制造和服务；可提供从单一配件到项目全包式的合约定制化的制造服务，包括开模、注塑、组装、包装和运输。,https://www.freudenbergmedical.cn,https://exhibitors.informamarkets-info.com/event/2026Medtec/en-US/exhibitor/467309/freudenberg-medical,https://image.imconlinereg.com/mm-mtc/2026-01-05/4F96414960CEB4E29C2DB74AA1AC8444.pdf;https://image.imconlinereg.com/mm-mtc/2026-01-05/E1FA311DE87E45D526A09159446FC783.pdf
苏州海立达模型科技有限公司,Hiproto,N1-H301,N1,CHINA,cat-15,海立达原型工场专注产品研制服务，为客户提供“一站式小批量生产”制造服务；公司拥有完备的工业设计、首样模型、3D打印、精密机加、模具注塑、精密钣金及冲压和组装配套等生产全制程能力和供应链资源，为客户产品研制提供“多、快、好、省”的优质服务。,https://www.hiproto.cn,https://exhibitors.informamarkets-info.com/event/2026Medtec/en-US/exhibitor/467310/hiproto,https://image.imconlinereg.com/mm-mtc/2026-05-21/091C190B1382DF13313FE47D84146546.pdf;https://image.imconlinereg.com/mm-mtc/2026-05-21/9E1E494B463336F0896430CF958C6D30.pdf
普适精密机械科技（昆山）有限公司,"PUSHI PRECISION MACHINERY TECHNOLOGY(KUNSHAN)CO.,LTD",N1-B205,N1,CHINA,cat-02,"本公司专业制造各种型号规格的拉簧、压簧、扭簧、夹簧.精密导丝等，主要弹簧产品用于家电、电子、摩托、医疗、化工、纺织机械、建筑机械等 目 前主要产品为消化科用弹簧管，泌尿科用弹簧管，多股单层/多股多层弹簧管，心血管用弹簧管，采血系统，内窥镜用包塑弹簧管，极细弹簧管，各种变径弹簧管等, 公司有员工50多人，是国内专业从事生产医疗用弹簧管的企业。",https://shop5u499200l8343.1688.com/,https://exhibitors.informamarkets-info.com/event/2026Medtec/en-US/exhibitor/467311/pushi-precision-machinery-technology(kunshan)co--ltd,https://image.imconlinereg.com/mm-mtc/2025-04-24/1096DF625C5E10B84B3EF32BD285248B.pdf
广州道畅医学技术有限公司,"Advanced Tubing (Guangzhou) Co., Ltd.",N2-D206,N2,CHINA,cat-05,"本公司引进美国精密医用挤出设备，专业挤出生产精密管件，是亚太地区球囊导管管件配套的第一家。以精密医用导管为主导，精密管材后加工为配套。集设计、研发、生产、销售于一体，竭诚为客户提供一站式完美的解决方案。本公司技术实力雄厚，技艺精湛，公司生产环境为万级洁净室且公司已经通过了ISO13485医疗器械质量管理体系认证。公司均为进口挤出生产线，高分子材料、生产制造由多名医用管材挤出专家操作。材材料范围广泛，包括尼龙PA、尼龙弹性体Pebax/Vestamid Care ME、聚烯烃(PE,PP,POE)、聚氨酯TPU等，严格按照客户指定和医疗器械行业要求使用医疗级本色料、进口医疗级色母/改性料等。",https://www.advancetubing.com,https://exhibitors.informamarkets-info.com/event/2026Medtec/en-US/exhibitor/467312/advanced-tubing-(guangzhou)-co---ltd-,https://image.imconlinereg.com/mm-mtc/2025-05-03/E2C2D6178532DE04136837B7EDA9A642.pdf;https://image.imconlinereg.com/mm-mtc/2026-01-07/AFC0811DCD9B49B56A9F0309C0D27010.pdf
上海东箭南医疗科技（集团）有限公司,"Shanghai DJN Medical Technology ( Group) Co., Ltd.",N1-B501,N1,CHINA,cat-02,东箭南是一家医用金属材料开发制造公司，在医用金属材料的设计和超纯冶炼领域有深厚积累，在微型金属零件的成型方面有丰富经验。我们的产品包括医疗植入或介入级的金属棒材、管材、线材以及定制服务。产品适用于血管外科、骨科、外科手术、电生理和齿科领域的关键材料应用。,https://www.djnmed.com,https://exhibitors.informamarkets-info.com/event/2026Medtec/en-US/exhibitor/467313/shanghai-djn-medical-technology-(-group)-co---ltd-,https://image.imconlinereg.com/mm-mtc/2025-04-30/E182B48F49AD0F4374A1BF91FC47F2CF.pdf
湖北文太新材料有限公司,"HUBEI WENTAI MATERIALS CO.,LTD",N2-C303,N2,CHINA,cat-05,"湖北文太新材料有限公司成立于2014 年，地处湖北汉川国家级经济开发区，是一家高新技术企业，专注于生产,研发各类 PTFE 成品。并通过了ISO:13485:2016、IATF16949、ISO14001、ISO45001 管理体系认证。公司主要产品有 PTFE 精密挤出管，多腔管，蚀刻管，斑马导丝热缩管，标识管，PTFE 单丝，异型管，波纹管，车削件等。    公司一直秉承“顾客至上，锐意进取”的经营理念，始终坚持保证产品质量，以“精益求精，追求卓越”为使命，以“客户第一、合作共赢”为核心价值观，竭尽全力与广大新老客户携手并进，共创辉煌明天!",https://cn.wentaiptfe.com/,https://exhibitors.informamarkets-info.com/event/2026Medtec/en-US/exhibitor/467314/hubei-wentai-materials-co--ltd,https://image.imconlinereg.com/mm-mtc/2025-09-02/326D4F8743EC1722721BD9378BD919B7.pdf
艾德斯科学技术(深圳)有限公司,ALDERS (中国) CO. LIMITED,N2-A303,N2,CHINA,cat-04,"ALDERS源自于德国，一直致力于医疗行业的胶水粘接、涂层、印刷、测漏整体解决方案。    主营产品有医用胶粘剂（UV胶，硅胶胶水，环氧胶水，快干胶……）,以及胶水配套的固化设备、点胶设备、测漏设备。    针对心脑血管产品——（PFA、RDN、ICE、IVUS、IVL、Impella、各类功能性球囊……）的粘接、涂层、印刷、测漏有全套成熟的解决方案。                                                          对于难粘接印刷涂层的惰性材料（PP,PA,PEBAX,PTFE,FEP,POM,PPSU……）有专业的技术解决方案。",https://www.aldersscientific.com,https://exhibitors.informamarkets-info.com/event/2026Medtec/en-US/exhibitor/467315/alders-(中国)-co--limited,https://image.imconlinereg.com/mm-mtc/2025-07-02/6F84AB71F683FD03034C5C568245912D.pdf;https://image.imconlinereg.com/mm-mtc/2026-01-07/080D98CAC1A9461E1A53AAEB8F6B820B.pdf
东易中美科技（北京）有限公司,Doeasy Sino-AM Technology (Beijing) Co. Ltd,N2-H108,N2,CHINA,cat-05,东易中美将为微创介入医疗器械产品提供全面的解决方案。提供的产品从原材料，耗材，到生产服务、检测设备；从塑料挤出管材到介入导管，球囊导管成品和半成品。生产耗材包括模拟人体血管硅胶管，血管覆膜材料等。设备包括：抛光机，绕簧机等，这些设备及耗材可以覆盖到您生产过程中的每一个环节。我们更具有长期从事本行业的经验和专业技术知识，不仅可以为您的产品提供最合适的设备和耗材，我们的技术人员还可为您解决生产上的技术难题，同时可以为您提供售后跟踪服务以满足您的需求。,http://www.stentchina.com,https://exhibitors.informamarkets-info.com/event/2026Medtec/en-US/exhibitor/467316/doeasy-sino-am-technology-(beijing)-co--ltd,https://image.imconlinereg.com/mm-mtc/2025-07-10/FB738B243896A1C41509DA0DCBE1A861.pdf
Avantor NuSiL,Avantor NuSil,N2-C302,N2,USA,cat-01,"Avantor旗下NuSil™品牌在医用级硅胶方面树立了全球性标准，在重新定义客户服务的同时提升了产品的纯净度和质量。这些应用于人体内部的硅胶需要经过专门的设计和测试以确保其高质量运行并维持长期的稳定性。随着40多年来的不懈坚持， NuSil品牌提供的产品始终保持着一致的高水准。我们提供的市场领先的有机硅适用于人体内部、外部或与是人体接触的部位, 被广泛用于诸多医疗设备,用来挽救生命以及提升生活质量。",https://www.avantorsciences.com/nusil,https://exhibitors.informamarkets-info.com/event/2026Medtec/en-US/exhibitor/467317/avantor-nusil,https://image.imconlinereg.com/mm-mtc/2025-08-08/AC06FAA79FB13A0C01DCDC07AA5B78E8.pdf
盐城荣星制绳有限公司,"YANCHENG RONGXING ROPE MAKING CO.,LTD",N1-A103,N1,CHINA,cat-02,荣星是国内专精于医用精密微细丝绳研发、定制、成品加工的高新技术企业，为《医疗器械用钢丝绳》国家标准主要起草单位。公司专注生产内窥镜牵引钢丝绳、同步旋转传动绳、手术机器人钨丝绳、介入器械精密金属绳索；原材料涵盖SUS304V、316LVM、钨等特种医用合金。可提供从绳、PTFE涂层、精密加工件一体化解决方案。我们具备微米级管控性能验证能力，支持ODM/OEM协同开发，深度配合国内外医疗器械企业开展新品工艺迭代，致力打破高端医用绳索进口依赖。诚邀海内外器械研发、采购团队莅临交流试样！,https://英文网站：https://www.rongstarrope.com           中文网站：http://www.rongstar.com.cn,https://exhibitors.informamarkets-info.com/event/2026Medtec/en-US/exhibitor/467318/yancheng-rongxing-rope-making-co--ltd,https://image.imconlinereg.com/mm-mtc/2026-01-07/4B319E4694C1D524C45682E8665B5798.pdf
东莞市杜氏诚发精密弹簧有限公司,"DongGuan Tu's ChengFa Precision Spring Co.,Ltd",N1-F102,N1,CHINA,cat-02,"杜氏诚发是一家专业制造精密医疗弹簧企业，公司生产：起搏器触指弹簧，镍钛丝血管支架，心脏瓣膜瓣架，单层/双层多股传动导丝，鞘管喉管支撑管簧栓塞弹簧圈，输送钢缆等各类医疗弹簧。 成立于2002年，公司建立有十万级洁净生产车间并拥有日本智能弹簧机，，台湾502S/504,505电脑机，电脑压簧机，拉簧机，平面机，拥有完整的测量系统。检测仪器有：日本进口的全自动拉压力测试仪，扭力测试仪，投影仪，寿命测试仪，盐雾测试机，硬度测量仪等100余台设备，使用IST弹簧设计软件，并且通过ISO9001:2009,IATF16949,ISO13485:2016质量体系认证。",https://www.szchengfa.com,https://exhibitors.informamarkets-info.com/event/2026Medtec/en-US/exhibitor/467319/dongguan-tu's-chengfa-precision-spring-co--ltd,https://image.imconlinereg.com/mm-mtc/2025-04-29/AD1A421D0A3C38C5F9ED27F2F06DB36B.pdf
苏州净涵新材料科技有限公司,"Suzhou Jinghan New Material Science&Technology Co., Ltd",N2-C508,N2,CHINA,cat-01,苏州净涵新材料科技有限公司，是一家致力于医用高分子材料创新研发及合成的企业。公司通过了ISO13485医疗器械质量管理体系认证，并先后获评张家港和姑苏“创新创业领军人才”企业、江苏省“双创人才”企业。公司创始团队，拥有十余年的医疗材料研发、生产和创新解决方案经验，在医用高分子材料领域兼具世界顶级的学术界和工业界研发经历，擅长高分子材料的耐辐照、亲疏水、耐老化、阻燃、显影、可撕等功能化方向开发，满足USP VI、ISO10993等国际检测标准。 目前，净涵核心产品包括医用塑料、热塑性弹性体、功能母粒、医用海绵及医用固态凝胶，广泛应用于生物制药及医疗器械领域。,https://www.jinghanhome.com,https://exhibitors.informamarkets-info.com/event/2026Medtec/en-US/exhibitor/467320/suzhou-jinghan-new-material-science-technology-co---ltd,https://image.imconlinereg.com/mm-mtc/2026-07-27/7CAC4447F325762DACCBD5B252B5FB5F.pdf
北京杰锐智联科技有限公司,"Beijing JR-Intellicom Technology Co.,Ltd.",N1-G407,N1,CHINA,cat-17,北京杰锐智联科技有限公司，是一家专注于光纤传感技术的科技企业。 我们致力于引进国际前沿的光纤传感技术与可靠产品，公司技术团队可以为客户提供完整的设备安装，培训，软、硬件开发，系统集成等服务，为国内医疗、工业领域提供定制化的传感器应用解决方案。 公司推出的基于MEMS工艺的法珀腔光纤压力传感器广泛应用到医疗行业，基于FBG技术的光纤光栅传感器在能源勘探、电力、军工、冶金、轨道交通等领域为客户提供温度、应变、振动、位移等不同测量场景的具象化检测技术。 杰锐智联期待用优质的产品、领先的技术、精准的服务携手各行业客户及合作伙伴共迎物联网时代的到来！,https://www.jrzltech.com,https://exhibitors.informamarkets-info.com/event/2026Medtec/en-US/exhibitor/467321/beijing-jr-intellicom-technology-co--ltd-,https://image.imconlinereg.com/mm-mtc/2025-07-25/898764AD64144D24805CD6B92F0BE392.pdf;https://image.imconlinereg.com/mm-mtc/2026-07-13/42179A1EADA5A1C9B18B4B1F6F8A6A9A.pdf
湖南埃普特医疗器械有限公司,APT Medical Inc.,N2-B212,N2,CHINA,cat-15,湖南埃普特医疗器械有限公司成立于2006年，作为惠泰医疗（688617.SH）创新生产及研发基地之一，深耕微创介入领域近二十载，始终注重产品、材料、以及工艺开发。目前已搭建了心脏电生理、血管腔、以及非血管腔等多领域介入产品平台。  埃普特医疗借助惠泰医疗集团平台优势、充分利用自身研发优势及所掌握的介入医疗器械核心生产工艺、引进国际先进精密制造、检验设备及生产线，对外承接国内、国外OEM业务，提供批量代加工、产品定制、以及项目设计开发等服务。主要包括各类血管/非血管领域输送系统、导管、导丝和镍钛类产品。,http://www.aptmed.com,https://exhibitors.informamarkets-info.com/event/2026Medtec/en-US/exhibitor/467323/apt-medical-inc-,https://image.imconlinereg.com/mm-mtc/2026-07-13/F4780962AFDC67ECB6ACB49CC8ECB0A2.pdf;https://image.imconlinereg.com/mm-mtc/2026-07-13/8A1634CC3F0C9B8E9F397A688C9DFE04.pdf
天津中裕顺嘉科技有限公司,"ZYMP MEDICAL POLYMER CO.,LTD",N2-A302,N2,CHINA,cat-01,中裕顺嘉是一家深耕医疗行业20余年行业领先的医用塑胶原料服务商，公司与李长荣化工、EMS艾曼斯、乐天化学、英力士苯领、三菱工程塑料、旭化成、台聚、帝人化成等众多国际顶尖化工企业建立了稳固的战略合作，依托专业的技术与销售团队，以及完善的供应链体系为客户提供从材料选型、物流仓储到售后支持等全流程解决方案。TMDlab系独立研发公司， TMDlab拥有全球领先的形状记忆聚合物（SMP）技术及新材料研发技术，是全球首家商业化应用医用形状记忆聚合物（SMP）的公司，为各类医用植入介入医疗器械提供更智能、更安全的解决方案。,https://www.zymp.net,https://exhibitors.informamarkets-info.com/event/2026Medtec/en-US/exhibitor/467324/zymp-medical-polymer-co--ltd,https://image.imconlinereg.com/mm-mtc/2026-01-05/716EB3205264D67BCE0F7955F5716824.pdf;https://image.imconlinereg.com/mm-mtc/2026-01-05/40C45A417F825F63959920913A8BF8DD.pdf
上海琦识医疗科技有限公司,"Shanghai Keysee MedTech Co., Ltd.",N2-G302,N2,CHINA,cat-15,上海琦识医疗科技有限公司是一家专注于泛血管介植入领域的OEM及ODM高新技术企业，公司深耕于神经介植入、冠脉介植入、外周介入、结构性心脏病等领域的器械设计研发与生产。核心团队致力于介植入领域研发及生产超15年，拥有二尖瓣夹合系统、血管缝合器、血管封堵器、可调弯鞘系统等复杂器械的原研技术及制造经验。公司秉持“通过技术创新与精益生产为全球临床医学做出贡献”的企业文化，助力客户快速实现优质器械研发与商业化。,https://www.keyseemed.com,https://exhibitors.informamarkets-info.com/event/2026Medtec/en-US/exhibitor/467325/shanghai-keysee-medtech-co---ltd-,
上海璞康医疗器械有限公司,Shanghai Pukon Medical Device Co. Ltd,N2-C212,N2,CHINA,cat-05,璞康是一家以研发和生产治疗神经，心血管和外周血管疾病的介入类医用导管的高新技术企业。公司专注于研制脑部抽吸导管、微导管、造影导管等介入导管产品，为上百家知名客户提供医用高分子耗材和介入类产品OEM研发生产服务。公司现有员工200多人，建立了国内外工作10年以上该领域专家为技术骨干的优秀团队，拥有丰富的介入导管行业内设计经验和技术优势；建立5000平方米的1万级无尘车间，实现挤出→编织→加工→成型等环节的一体化生产,,https://exhibitors.informamarkets-info.com/event/2026Medtec/en-US/exhibitor/467326/shanghai-pukon-medical-device-co--ltd,https://image.imconlinereg.com/mm-mtc/2026-01-23/E4C0F47C2C32A9FA4F9A5B4D88EA8850.pdf;https://image.imconlinereg.com/mm-mtc/2026-01-23/96A663FD9541AB64C9BFB24051ABD3D1.pdf
北京右黎科贸有限公司,Ulead Medical Sourcing Ltd,N2-D606,N2,CHINA,cat-14,右黎（ULead）医疗技术有限公司位于中国北京，提供包括从加工设备，医用原料，产品设计，产品制造（导管，导丝）的ODM & OEM一站式服务。主要产品包括：Applied plastics PTFE涂层芯轴、Microlumen管材加工、compounding solutions混料改性服务以及 Royal master 磨削设备。,https://www.uleadtech.com,https://exhibitors.informamarkets-info.com/event/2026Medtec/en-US/exhibitor/467327/ulead-medical-sourcing-ltd,https://image.imconlinereg.com/mm-mtc/2025-06-30/185ABBD15DDB2D19FB2B0285642C6B1A.pdf
上海天联材料科技有限公司,SkyU,N2-C702,N2,CHINA,cat-01,天联材料长期深耕于医疗级改性塑料及医用高分子材料领域。我们不仅是科思创（Covestro）、罗姆（Röhm）、阿科玛（Arkema）等国际化工巨头的核心授权合作伙伴，同时也致力于天联材料本地医用改性材料的研发与生产。 我们不仅提供原材料分销，更通过与国际先进技术（如 FOSTER 医用改性材料——强生，波士顿科学，美敦力等全球知名医疗器械厂商的核心供应商）的深度整合，为高端医疗器械制造商提供一站式技术解决方案。,http://www.skyumat.com,https://exhibitors.informamarkets-info.com/event/2026Medtec/en-US/exhibitor/467328/skyu,https://image.imconlinereg.com/mm-mtc/2026-07-23/C04CEA3FD9AFA5CA52084A7368A4AB93.pdf;https://image.imconlinereg.com/mm-mtc/2026-07-23/C31E99307701FFA1BEED4B1B4766B1C5.pdf
贺利氏（中国）投资有限公司,Heraeus,N1-C502,N1,GERMANY,cat-15,在贺利氏医疗技术，我们与合作伙伴一起将挽救生命和改变生命的医疗器械推向市场，从而改善人们的生活。我们作为医疗器械 OEM 团队的延伸，通过量身定制的端到端方法、扩展的能力和全球资源，为他们提供从概念到生产的全过程支持。    作为贺利氏集团成员之一、值得信赖的合同开发制造组织，我们利用在尖端技术和卓越供应链方面的广泛专业知识来解决复杂的挑战。我们的生产网络遍布全球，在材料科学领域拥有 170 年的悠久历史，我们将一如既往地致力于提供高性能和高价值的解决方案。,https://www.heraeus-group.com/en/heraeus-businesses/heraeus-medevio/,https://exhibitors.informamarkets-info.com/event/2026Medtec/en-US/exhibitor/467329/heraeus,
昆山普乐斯电子科技有限公司,"Kunshan Plaux Electronics Technology Co., Ltd",N3-C608,N3,CHINA,cat-14,昆山普乐斯电子科技有限公司成立于2010年，是一家集等离子体技术研发、制造、销售和推广于一体的高新技术公司。作为一家专业的等离子体表面处理应用技术方案公司，普乐斯致力于整合等离子体技术、自动化以及人工智能等各要素，注重客户体验与互动，积极参与先进材料研发、加工和器件制造工艺的创新。,https://www.plasmause.com,https://exhibitors.informamarkets-info.com/event/2026Medtec/en-US/exhibitor/467330/kunshan-plaux-electronics-technology-co---ltd,https://image.imconlinereg.com/mm-mtc/2026-06-10/B0D91A3BEFE681233A33BF63C8BA529F.pdf
天津瑞科美和激光工业有限公司,"TIANJIN PM LASER INDUSTRIES CO.,LTD.(FSP GROUP)",N1-C402,N1,CHINA,cat-10,FSP Group是一个全球化高端医疗器械CDMO平台，总部位于新加坡，在中国、新加坡、美国、马来西亚建有生产基地。集团厂区总面积超20万平方米，员工逾千人。集团海内外基地协同布局，具备制造微创器械、介入耗材、外科精密构件的强大能力。集团长期合作强生、美敦力、直觉外科等众多国际行业头部企业。旗下昆山科森医疗，新加坡Fongs以及天津瑞科美和专攻激光微加工与介入器械定制，主营心血管、神经介入输送器、电生理及内窥镜组件，高效承接客户快速打样与批量量产，是值得信赖的医疗介入器械定制加工服务商。,https://www.tjpmlaser.com,https://exhibitors.informamarkets-info.com/event/2026Medtec/en-US/exhibitor/467331/tianjin-pm-laser-industries-co--ltd-(fsp-group),https://image.imconlinereg.com/mm-mtc/2026-05-26/6AF1B4340E806D14490F914DF9624649.pdf;https://image.imconlinereg.com/mm-mtc/2026-05-26/5281E0CAAB0CC04B452B10D5CDD23614.pdf
思脉得（嘉兴）医疗科技有限公司,"SmartVein （Jiaxing） Medical Technology Co., Ltd",N1-D402,N1,CHINA,cat-15,思脉得科技秉承创新技术，优质服务，为客户提供超预期价值为宗旨，致力于为医疗行业客户提供全套技术解决方案，让医疗器械行业客户专注服务于临床。业务涉及设计开发、精密加工&模具&注塑制造、产品注册支持、临床运营、OEM/ODM全方位制造全套服务。,https://www.smartveingroups.com,https://exhibitors.informamarkets-info.com/event/2026Medtec/en-US/exhibitor/467332/smartvein-（jiaxing）-medical-technology-co---ltd,https://image.imconlinereg.com/mm-mtc/2026-01-08/F1D6701A81E5AC0D3518D0F2E2E0F5BE.pdf;https://image.imconlinereg.com/mm-mtc/2026-01-08/C896C8263F024FFFB3D61B660DE2B2AE.pdf
韦恩堡金属公司,Fort Wayne Metals,N1-A102,N1,USA,cat-02,作为精密线材的定制生产商，Fort Wayne Metals 致力于为您在提高患者生活质量的医疗器械产品开发和生产上提供支持。我们的产品范围包括圆丝、异型丝、线束、线缆和机械组件；材料涵盖从镍钛、钛、不锈钢、到高性能合金以及贵金属多种类别。 此外，我们还提供研发支持，精制熔炼以满足研发合金需求，以及具有认证资质的材料测试服务。我们使命的核心是不懈的追求创新，为您提供能够满足最严苛应用的材料解决方案。,https://www.fwmetals.com/,https://exhibitors.informamarkets-info.com/event/2026Medtec/en-US/exhibitor/467333/fort-wayne-metals,
广州博伦泰克医疗设备有限公司,"Guangzhou BalloonTec Co., Ltd",N3-D602,N3,CHINA,cat-11,球囊导管技术一体化服务商 设备： 球囊成型机、球囊管预拉伸机、球囊导管激光焊接机、热熔焊接机、热风焊接机、显影环锻压机、球囊折叠机、高频尖端成型机、液压测试仪、气密性测试仪、变径拉伸机、热覆膜机、导管扩口机。OEM服务： 球囊吹塑成型、导管焊接、显影环安装、球囊折叠、亲水涂层、印刷。,https://www.balloontec.cn,https://exhibitors.informamarkets-info.com/event/2026Medtec/en-US/exhibitor/467334/guangzhou-balloontec-co---ltd,https://image.imconlinereg.com/mm-mtc/2025-08-06/B07B2808369FE731A1CB26CE9A7EACDB.pdf
上海康德莱制管有限公司,"Shanghai Kindly Moulding Co.,LTD",N1-A401,N1,CHINA,cat-02,"上海康德莱制管有限公司，是上海康德莱集团下属子公司，专业生产不锈钢毛细管及花色穿刺针及针管。    使用的是专业加工设备，其中部分设备是美国，日本和韩国进口. 公司生产的内壁光亮毛细管和异形管已经达到国际先进水平。不锈钢管规格从外径：0.25mm-5.0mm，管壁从0.06mm-0.50mm。花色针类产品主要销往世界各地. 产品广泛应用于医疗设备配件,穿刺器械配件,航空航天连接管,生化检测等，所用材料均符合医用不锈钢材料的要求。",https://www.kdl中国.com,https://exhibitors.informamarkets-info.com/event/2026Medtec/en-US/exhibitor/467336/shanghai-kindly-moulding-co--ltd,
上海俱隆精密金属制品有限公司,"Shanghai Julong Precision Metal Products Co., Ltd.",N1-B809,N1,CHINA,cat-02,上海俱隆精密金属制品有限公司位于上海市崇明区侯家镇。我司成立于2006年，技术力量雄厚。公司经过多年的发展，现拥有先进的工艺设备、完善的检测设备和良好的信誉，是一家专业生产不锈钢毛细管、铜毛细管的专业公司。生产的产品广泛配套于医疗器械、军工仪器仪表、化工、食品、科研等行业。    我司现有厂房面积约6000余平方米。拥有精良的设备，先进的生产工艺可规模生产不锈钢毛细管、铜毛细管，也可根据客户要求定做各种规格尺寸的产品，满足客户的性化需求。,https://www.sh-julong.cn,https://exhibitors.informamarkets-info.com/event/2026Medtec/en-US/exhibitor/467337/shanghai-julong-precision-metal-products-co---ltd-,https://image.imconlinereg.com/mm-mtc/2026-06-30/62B660AEE72348844A9CA71DA8FE7CF2.pdf
上海派拉纶新材料股份有限公司,"SHANG HAI PAL NEW MATERIALS CO.,LTD.",N3-A502,N3,CHINA,cat-14,上海派拉纶股份有限公司是一家以Parylene等特殊涂层材料和技术服务为主业的上海市高新技术企业、上海市专精特新企业、2021年全国双创大赛50强企业。公司拥有十万级、万级和静态百级的洁净厂房。通过了ISO9001、ISO13485、GJB9001C质量体系认证，还通过ISO14001，ISO45001、GB29490体系认证，以及CE、RoHS、HF、REACH、国家生物相容性等检测认证。公司在Parylene等特殊涂层领域具有具有强大的开发创新能力，实现了设备、原材料和生产工艺全自研。拥有面向全球的市场运营能力，所经营的Parylene等特殊防护涂层技术在医疗设计与制造、半导体芯片、5G通讯、新能源、3C电子、航空航天、军工等领域广泛使用。,https://www.parylene.com.cn,https://exhibitors.informamarkets-info.com/event/2026Medtec/en-US/exhibitor/467338/shang-hai-pal-new-materials-co--ltd-,
威海德生技术检测有限公司,Weihai Desheng Technology Testing Co. Ltd.,N4-C502,N4,CHINA,cat-17,威海德生技术检测有限公司成立于2013年7月;按照国际标准CNAS-CL01:2018(ISO/IEC17025:2017)、按美国21 CFR Part 58、经合组织良好实验室原则和《检验检测机构资质认定能力评价检验检测机构通用要求》等标准要求建立实验室的质量管理体系;目前主要开展医疗器械及包装材料、生物制品的生物安全性能检测、微生物检测和理化性能检测;提供食品、药品相关检验检测和技术咨询服务。,http://www.weihaidt.com,https://exhibitors.informamarkets-info.com/event/2026Medtec/en-US/exhibitor/467339/weihai-desheng-technology-testing-co--ltd-,https://image.imconlinereg.com/mm-mtc/2026-06-10/94232D72EA1A3E6A1B6E49D2C594B3FD.pdf
壹领医疗科技（上海）有限公司,"APlus Healthcare Technology (Shanghai) Co., Ltd",N4-D506,N4,CHINA,cat-17,壹领医疗科技（上海）有限公司壹领医疗2022年创立于上海，是一家致力于协助医疗器械企业获得产品海外上市许可，实现产品、管理体系全方位合规策略的咨询公司；核心团队拥有行业经验超过15年，已助力众多企业成功获得MDR CE、FDA国际市场准入资格；壹领医疗团队服务过的客户包括：北京术锐、北京海杰亚、湖南三诺、苏州心擎、南京普爱、无锡帕母、普美康（鱼跃）、苏州百德、通用电气、上海微创、上海安翰、上海凯联、上海博动、上海逸思、厦门崇仁、北京甘甘、常州益锐、湖南菁益、苏州体素、江苏盖睿、小米等；湖南三诺、上海凯联、上海安翰、南京普爱等多家企业，以及众多全球知名公告机构，选择壹领作为长期合作伙伴,https://www.ap-healthcare.com,https://exhibitors.informamarkets-info.com/event/2026Medtec/en-US/exhibitor/467340/aplus-healthcare-technology-(shanghai)-co---ltd,
圣塔菲医疗科技（常州）有限公司,"Santa Fe Medical Innovation(Chang Zhou) Co.,Ltd.",N3-C310,N3,CHINA,cat-17,圣塔菲医疗科技（常州）有限公司是国家高新技术企业，专注于心血管植入物体外模拟与耐久性测试设备的研发与制造。产品涵盖心脏瓣膜、血管支架、封堵器及心脏辅助系统等测试设备，拥有多项专利与软著。公司拥有资深专家与工程师组成的研发团队，秉持“多学科交叉复合，持续性发展创新”理念，致力于推动心血管植入物测试技术的进步。设备严格遵循国际最新标准，通过严谨的设计验证与质量控制，确保运行稳定、数据精准、操作人性化、控制智能化，为医疗器械企业、检测及科研机构提供高性能专业测试解决方案。,https://www.stf-med.com/,https://exhibitors.informamarkets-info.com/event/2026Medtec/en-US/exhibitor/467341/santa-fe-medical-innovation(chang-zhou)-co--ltd-,https://image.imconlinereg.com/mm-mtc/2026-07-24/97C772B5966B8E0F82AA4EBC7A86F9D3.pdf;https://image.imconlinereg.com/mm-mtc/2026-07-24/0775A579B5C6A808EDBA4949BA4189FE.pdf
深圳市迪嘉机械有限公司,"Shenzhen Deeplus Machinery Co., Ltd",N3-C406,N3,CHINA,cat-09,迪嘉深耕微型注塑与多色多组份注塑成型领域，专注于相关核心装备与模具技术的研发与制造。公司自主研发与制造微型注塑机、全电动立式注塑机、多色多组份注塑副射台及高精度转盘机构，具备设备、模具与自动化系统的深度整合能力，为客户提供整体技术解决方案。公司成立二十年来，坚持稳健发展与持续创新，累计拥有上百项核心技术专利，先后获得国家高新技术企业和深圳市“专精特新”企业认定，并通过 ISO 9001 与 ISO 13485 质量管理体系认证。产品与技术服务已广泛应用于医疗器械、消费电子、汽车、包装、电器、电子等行业，累计服务700余家客户，在细分领域内逐步建立起以技术能力和工程交付能力为核心的行业口碑。,https://www.deeplus.com,https://exhibitors.informamarkets-info.com/event/2026Medtec/en-US/exhibitor/467342/shenzhen-deeplus-machinery-co---ltd,https://image.imconlinereg.com/mm-mtc/2026-01-09/7C9C56B48BD106951C8A1EE7719BD2A5.pdf
江苏百赛飞生物科技有限公司,"Jiangsu Biosurf Biotech Co., Ltd.",N3-C102,N3,CHINA,cat-14,江苏百赛飞生物科技有限公司是生物材料表面改性技术领域的国家“专精特新”小巨人企业。基于功能涂层全产业链的技术服务平台，百赛飞自主研发了多系列医用涂层产品（亲水润滑、抗凝血、抗菌、抗结晶、释药等品类）、自动化涂覆装备/产线及涂层检测仪器。荣获中国专利奖，承担两项国家级“揭榜挂帅”创新任务，同时主导建立了国内首个介入医械涂层牢固度相关行业标准，并主导多项填补国内空白的抗凝血、抗菌等医用涂层相关团体标准。已建成规模化生产基地，拥有百吨级涂液生产能力，导丝日产万米，内衬管年产百万米。数百家医疗器械厂家产品已应用百赛飞涂层取得NMPA、FDA或CE医疗器械注册证。,https://www.biosurf.cn,https://exhibitors.informamarkets-info.com/event/2026Medtec/en-US/exhibitor/467343/jiangsu-biosurf-biotech-co---ltd-,https://image.imconlinereg.com/mm-mtc/2026-06-17/6E76AA84DE9F4F2D5B2DAC367972A3AD.pdf;https://image.imconlinereg.com/mm-mtc/2026-06-17/7D177B72D2073578AB1BAA9D65CD3F73.pdf
凯宾斯科技（上海）有限公司,"KBS （Shanghai）Co. , Ltd.",N1-C001,N1,CHINA,cat-02,凯宾斯科技（上海）有限公司是一家专注于医用镍钛合金生产的高科技产业公司。公司致力于为医疗行业提供可靠、安全的解决方案，以满足医疗专业人士和患者的需求。公司拥有专业的材料科学家团队和经验丰富的生产工程师团队。我司严格按照ISO9001和ISO13485质量体系组织生产和质量管理，为客户提供最优质的产品与服务。我们始终坚持服务第一、客户至上，互利共赢、开放包容的理念，真诚期待与您共同推进人类医疗事业发展。,,https://exhibitors.informamarkets-info.com/event/2026Medtec/en-US/exhibitor/467344/kbs-（shanghai）co----ltd-,https://image.imconlinereg.com/mm-mtc/2025-05-16/148C48E8D60D941B88ED2D429933331F.pdf
佛山市海瑞嘉精密挤出机械有限公司,"HighRichJa Precision Extrusion Machinery Co., Ltd",N2-C102,N2,CHINA,cat-12,佛山市海瑞嘉精密挤出机械有限公司成立于2006年，至今已拥有超过20年的设计、研发以及生产非标挤出设备的丰富经验，包括管材、型材、片材、棒材挤出等，广泛应用 于医疗、汽车、电子、工业等领域。 工厂位于交通便捷的中国广东佛山市，厂房覆盖面积达36800平方米。现有员工200 余人，其中技术团队人数占比达35%。至今已为国内外多家企业提供超过5000多套挤出 生产设备及解决方案。 海瑞嘉凭借多年的生产、管理经验，历练出领先于细分行业的独有视角以人才、技术、 设备和服务等多项优势，成长为精密挤出领域的探索先锋相信海瑞嘉人的专业、团结和不断 创新，将为挤出领域的客户提供全方位的技术支持和服务。,https://www.chinahrj.cn,https://exhibitors.informamarkets-info.com/event/2026Medtec/en-US/exhibitor/467345/highrichja-precision-extrusion-machinery-co---ltd,https://image.imconlinereg.com/mm-mtc/2025-07-15/D68E436A81ACB795885C584661076986.pdf
二九精密机械工业株式会社,"FUTA-Q,Ltd.",N1-B603,N1,JAPAN,cat-15,企业简介本公司创立于1917年，起源于日本京都传统佛具用黄铜铸件加工行业。经过百余年的发展与技术积累，公司已成长为一家专注于精密零部件制造及组装的一站式技术服务企业。公司拥有针尖加工、小径管加工及超精密微细加工等核心技术，为医疗器械、分析仪器、半导体制造设备及工业机械等领域提供从设计支持、试制开发到量产制造的全流程服务。主要业务1. 精密零部件及组装产品加工2. 高性能材料加工包括：不锈钢（SUS）・β钛合金・镍钛合金・钛合金・钴合金・陶瓷・工程塑料及功能树脂3. 精密加工技术针尖加工・精密切削加工・精密研磨加工・小径精密管加工・激光加工・接合与焊接加工・精密组装加工・表面涂层,https://futaku.co.jp/,https://exhibitors.informamarkets-info.com/event/2026Medtec/en-US/exhibitor/467346/futa-q-ltd-,https://image.imconlinereg.com/mm-mtc/2025-07-17/386C3D6DB544EFA57F168873D1CDBEF2.pdf;https://image.imconlinereg.com/mm-mtc/2026-04-16/9DA916E5A5DB80FA9D0CDB33A60A7062.pdf
珠海市劲沃电子科技有限公司,"Zhuhai Jinwo Electronic Technology Co., Ltd.",N1-F308,N1,CHINA,cat-08-3,珠海市劲沃电子科技有限公司成立于 2015 年，坐落于珠海金湾，是专注医用锂电池研发、定制与生产的国家高新技术企业。公司拥有 3000㎡标准化生产厂房，通过 ISO9001 质量管理体系、ISO13485 医疗器械质量管理体系双重认证，全程以医疗行业严苛标准管控产品品质。厂区设有 6 条标准化电池组装产线，配套全自动点焊机、点板机、专用老化房与专业实验室，单日电池组产能可达 6000-8000 套。企业深耕医疗电池领域，可提供结构设计、电池保护、充放电管理、电量监测一站式研发制造服务，凭借成熟工艺与完善质控体系，为医疗设备厂商供应安全可靠、适配性强的定制锂电池整体解决方案。,,https://exhibitors.informamarkets-info.com/event/2026Medtec/en-US/exhibitor/467347/zhuhai-jinwo-electronic-technology-co---ltd-,
东莞市赛肯电子科技有限公司,"Dongguan Circon Technology Co., Ltd.",N1-F709,N1,CHINA,cat-08-3,东莞市赛肯电子科技有限公司（CIRCON）是一家专注于医疗连接器及线缆组件研发和生产的高科技企业。   公司2017年成立东莞厚街，工厂面积超过4000m²，具备五金加工，塑胶注塑，医疗电子连接器组装以及医疗线缆定制加工的垂直整合生产能力。公司先后通过ISO9001和ISO13485体系认证，并于2022年取得国家级高新技术企业认定。   我司所生产的各类医疗连接器，用料考究，结构设计精密，质量上乘，且拥有10多项自主专利，完全媲美国外同类型产品。能满足各类有源医疗器械对于电信号连接的需求，诸如医疗内窥镜，心电设备，脑电设备，手术器械，牙科设备和医美设备等严苛的应用环境。产品不仅远销欧美发达市场，服务众多全球知名医疗器械品牌，亦是近年来国产替代的抢手货。,https://www.circontech.com,https://exhibitors.informamarkets-info.com/event/2026Medtec/en-US/exhibitor/467348/dongguan-circon-technology-co---ltd-,https://image.imconlinereg.com/mm-mtc/2025-08-04/10C8D590590D0C33FB2922A47875DB61.pdf
常州苏川医疗科技有限公司,"Changzhou Suchuan Medical S&T Co., Ltd.",N2-B205,N2,CHINA,cat-15,常州苏川医疗科技有限公司成立于2016年，是一家集自主研发、生产和销售为一体的医疗器械生产企业。取得了相应产品的注册证和许可证（产品注册证12 件、国家专利37件）。产品涵盖骨科、运动医学、心血管类产品。目前已成为亚太地区运动医学技术的领跑者。2020年被评为国家高新技术企业。主要是运动医学类产品的研究开发与制造，同时公司还提出并打造了“研发型生产企业”的新概念，为业内生产企业提供产品和技术的OEM/ODM服务。能为客户提供产品设计、开发，工艺设计，产品试制，产品测试，及技术咨询、注册咨询等服务。,,https://exhibitors.informamarkets-info.com/event/2026Medtec/en-US/exhibitor/467349/changzhou-suchuan-medical-s-t-co---ltd-,
威派克包装（常熟）有限公司,"Wipak Packaging (Changshu) Co., Ltd.",N4-B201,N4,FINLAND,cat-13,威派克包装（常熟）有限公司位于距离上海西北110公里的江苏省常熟市。这个工厂是芬兰威派克集团为了更好的服务亚洲客户在亚洲建立的第一个工厂，也将作为威派克亚太区的生产基地和物流中心。这个工厂在十万级洁净车间中加工生产医疗包装材料，包括医用纸的印刷和分切、医用膜的分切和医用灭菌袋的生产，提供相关产品给医疗器械生产厂商和司得净®医用灭菌袋的客户。 威派克常熟工厂已经于2015年3月通过DNV公司ISO9001和ISO13485的质量体系审核，并于2015年4月拿到相应认证证书。威派克常熟工厂所有的生产都在符合ISO14644-1的Class 8洁净车间内进行，洁净车间通过第三方检测验收。,https://www.wiicare.com,https://exhibitors.informamarkets-info.com/event/2026Medtec/en-US/exhibitor/467350/wipak-packaging-(changshu)-co---ltd-,
江苏熙和医疗科技有限公司,"Jiangsu Xiheal Medical Technology Co., Ltd",N3-H606,N3,CHINA,cat-08-4,江苏熙和医疗科技有限公司坐落于苏州，公司专注于内窥镜及相关产品的研发、生产、认证。江苏熙和医疗立足于基础，拥有多种生产检验设备，将几乎所有内窥镜零部件生产在工厂内完成。其中模组生产、内窥镜封装及内窥镜的图像处理达到业内顶尖水平。目前产品覆盖一次性内窥镜及其配件、复用性内窥镜及内窥镜图像处理系统,https://www.xiheal.com/,https://exhibitors.informamarkets-info.com/event/2026Medtec/en-US/exhibitor/467351/jiangsu-xiheal-medical-technology-co---ltd,
海尔曼超声波技术（太仓）有限公司,"Herrmann Ultrasonics (Taicang) Co., Ltd.",N3-C607,N3,GERMANY,cat-14,海尔曼超声波公司成立于1961年，是一家全球领先的热塑性塑料超声波焊接技术领域的领导者。在世界范围内拥有600多名员工，并拥有超过60年的技术经验，海尔曼超声波公司是一家家族企业，其成功的关键在于通过训练有素的员工解决广泛的应用和项目咨询(超声波工程)。 海尔曼超声波建立独立的机器、发生器和超声波焊接系统，这些系统可以集成到自动化生产线中。它可以投入使用在更经确、快速 和环保地焊接塑料、包装材料和无纺布产品，金属材料。,https://www.herrmannultrasonics.cn,https://exhibitors.informamarkets-info.com/event/2026Medtec/en-US/exhibitor/467353/herrmann-ultrasonics-(taicang)-co---ltd-,
苏州台超精密科技有限公司,"Suzhou Magnus Precision Technology Co., Ltd.",N4-D102,N4,CHINA,cat-17,v-tech台超集团于1999年成立于台湾，专注于精密测量仪器的销售与服务20余年。目前以代理国外高精度测量仪和系统为公司主要业务，以收集、计算、分析数据，提供讯息作为决策的依据，帮助全球的用户提高其个人及企业的效能。先后在中国和越南等国家和地区建立了10处服务点，包括苏州、北京、东莞、成都、重庆、西安、台北、台中、越南等。 v-tech台超集团致力于成为全球领先的精密测量仪器供应及服务商，迄今共服务了近5000家客户，在全球销售了8000多台Micro-Vu设备，成为Micro-Vu全球业绩最佳的代理商,https://www.v-tech.net,https://exhibitors.informamarkets-info.com/event/2026Medtec/en-US/exhibitor/467354/suzhou-magnus-precision-technology-co---ltd-,https://image.imconlinereg.com/mm-mtc/2025-07-24/345A5BE24BDA6369BEC70DABE43BB98C.pdf
上海亚尔精密零件制造有限公司,"SHANGHAI Y＆L PRECISION COMPONENTS MANUFACTURING CO., LTD.",N1-C406,N1,CHINA,cat-02,上海亚尔，成立于1992年，是一家实体制造企业，中美合资，国企控股。公司位于上海嘉定，拥有2万多平方米的生产基地，现有员工300余名。亚尔为全球近30个国家的客户提供各类精密零部件产品。产品主要涉及领域包括：光源类零部件、医疗器械类零部件、特种产品零部件等。 在医疗器械领域，亚尔秉承“造福人类，创造美好人生”的宗旨，以专业的技术和高标准的要求，为全球医疗器械制造企业提供各类精密零部件产品和服务。目前亚尔已为国内百余家医疗器械企业提供加工配套服务，如上海微创、南微医学、苏州恒瑞、上海逸思等。主要产品包括：精密焊接部件、精密雕刻切割、精密微型子针部件、精密支架部件、精密弹簧部件、精密机加工件等。,https://www.yl-shanghai.com,https://exhibitors.informamarkets-info.com/event/2026Medtec/en-US/exhibitor/467355/shanghai-y＆l-precision-components-manufacturing-co---ltd-,https://image.imconlinereg.com/mm-mtc/2025-05-08/43803EF5F684CF350FBD2783205BF3F0.pdf
杭州驰飞超声波设备有限公司,"Cheersonic Ultrasonics Co., Ltd.",N3-B607,N3,CHINA,cat-14,杭州驰飞超声波设备有限公司专注于医疗生物涂层领域30年，深谙药物洗脱支架、球囊、导管、生物传感器、采血管、注射器和医用纺织等多个行业的专业知识，积累了丰富的技术实施和生产经验。驰飞引领涂层新工艺的研究和发展方向、建立与顶尖大学和企业的合作。驰 飞作为全球涂层工艺研发的重要力量，致力于开发适用于各个业务领域的新技术、新产品与涂层解决方案，帮助客户实现持续增长，为医疗产业发展注入新的活力。凭借勇于创新的开拓精神，精益求精的品质要求，以客户为本的服务理念，驰飞超声波已经成为国内外医疗生物涂层制备领域的先锋，产品远销于亚洲、美洲、欧洲、非洲等30多个国家。,https://www.cheersonic-liquid.cn,https://exhibitors.informamarkets-info.com/event/2026Medtec/en-US/exhibitor/467356/cheersonic-ultrasonics-co---ltd-,
济南众测机电设备有限公司,"Pubtester Instruments Co.,Ltd.",N4-D212,N4,CHINA,cat-17,济南众测机电设备有限公司是一家专注于实验室分析检测仪器研发和销售的高新技术企业，拥有3200平现代化厂房，专注于为医疗器械行业提供专业科学试验仪器和全面质量控制解决方案。公司多项技术、产品获得专利证书，并拥有完全的自主知识产权。公司荣获ISO9001，CE和高新技术企业、专精特新等多项认证，成为行业的标杆。众测公司成立以来，获得国内外客户的信赖，为国内外上千家客户提供专业服务。,https://www.pubtestercn.com,https://exhibitors.informamarkets-info.com/event/2026Medtec/en-US/exhibitor/467357/pubtester-instruments-co--ltd-,https://image.imconlinereg.com/mm-mtc/2026-01-06/8C2A61FD424ADD9A1B10A003ADCBFB96.pdf;https://image.imconlinereg.com/mm-mtc/2026-01-06/8AA00EA69725B37CB9AD0F51040B931A.pdf
辰邦医疗设备(上海)有限公司,"Chenbang medical equipment (shanghai) Co.,Ltd",N3-D102,N3,CHINA,cat-17,辰邦医疗设备（上海）有限公司是专业从事导管、球囊、支架生产及检测设备的研发与生产的企业。提供产品包括球囊成型机，亲水涂层设备、亲水涂层摩擦力检测设备、球囊焊接机、热空气焊接系统、管材变径拉伸机、推送力测试仪、液态压力测试仪、导管覆膜设备、支架高真空退火炉、支架研磨机、支架抛光设备、镍钛支架相变测试设备、真空封口机、扩口设备等。,https://www.cbmedicals.com,https://exhibitors.informamarkets-info.com/event/2026Medtec/en-US/exhibitor/467358/chenbang-medical-equipment-(shanghai)-co--ltd,
巨翊科技（上海）有限公司,"Joymed Technology (Shanghai) Co., Ltd.",N3-F302,N3,CHINA,cat-16,巨翊上海成立于2014年9月，为国内领先的专业医疗器械研发及技术服务平台（器械研发+CDMO)之一。 巨翊科技立足中国服务全球，目标为全球医疗器械企业、高校及医疗临床机构、提供一系列全方位的委托产品研发、临床、委托生产服务。服务范围贯穿器械创新概念及技术研究、产品合作研发，供应链管理、到委托生产，产品临床、注册及产品上市的全过程。拥有超过280人的研发、工程生产技术团队，主要团队成员都曾长期服务于国际知名CDMO企业，拥有丰富的行业经验。 巨翊科技在上海、苏州、长沙、常州、新加坡都设立了有源及无菌医疗器械CDMO服务基地。 上海市高新技术企业、TUV ISO 13485：2016 认证,https://www.joymed-tech.com,https://exhibitors.informamarkets-info.com/event/2026Medtec/en-US/exhibitor/467359/joymed-technology-(shanghai)-co---ltd-,https://image.imconlinereg.com/mm-mtc/2026-08-06/313B1F3F95EA863F642274751E3D8552.pdf;https://image.imconlinereg.com/mm-mtc/2026-08-06/60153229527470A84F1525B2BD13AD19.pdf
必智企业发展（上海）有限公司,"Be Wise enterprise development (Shanghai) co., LTD",N3-G102,N3,CHINA,cat-17,必智企业发展（上海）有限公司主要代理销售欧美的医疗机械生产检测设备、原料管材、工装工具等，总部设在上海。我们致力于为球囊、支架、瓣膜等各类医疗器械的生产提供最佳的解决方案。我们拥有专业的团队，竭诚为每一位客户提供最优质的服务。,https://www.suzhoubizhi.com.cn,https://exhibitors.informamarkets-info.com/event/2026Medtec/en-US/exhibitor/467360/be-wise-enterprise-development-(shanghai)-co---ltd,https://image.imconlinereg.com/mm-mtc/2026-07-20/2BAE7E19109FEF191AC9C50B3F277457.pdf
卡尔托利（苏州）材料科技有限公司,Cartolux (Suzhou) Co. Ltd,N4-B302,N4,FRANCE,cat-13,"卡尔托利(苏州)材料科技有限公司成立于2005年，凭借着90多年的技术经验以及欧洲超净包装集团的经营理念在中国生产。卡尔托利是法国超净包装集团的全资子公司，总部位于法国,一直专注服务于医疗市场。为广大客户提供精准、可靠、安全的医疗无菌包装整体解决方案，与国内外知名的医疗器械行业领导者建立长期的合作关系。公司自2005年成立以来，一直引领医疗器械行业的包装设计，严格按照世界最佳实践(BPF)设计并且创造最佳质量标准的ISO7无尘室。卡尔托利是全球领先的定制热成型包装制造商和整体医疗包装解决方案提供商.",https://www.cartolux.cn,https://exhibitors.informamarkets-info.com/event/2026Medtec/en-US/exhibitor/467361/cartolux-(suzhou)-co--ltd,https://image.imconlinereg.com/mm-mtc/2025-05-06/1E0E629AFF988C81A6BDF11AD2869EEF.pdf;https://image.imconlinereg.com/mm-mtc/2026-01-12/D66C27056FACD56288BFFC16D3BF9BD1.pdf
武汉艾博锐科技有限公司,"WUHAN IBRNTECH CO.,LTD.",N2-F709,N2,CHINA,cat-08-4,武汉艾博锐科技有限公司是一家创新型高成长性企业，专注于255-980nm先进特种光源应用产品的研发与制造，主要产品系列包括工业固化、工业视觉、工业加热、平行曝光、光化学合成等。公司拥有专业的开发技术团队，以卓越的科技创新能力提供更加专业的光应用行业解决方案，为国内外客户提供优质的产品及定制化的服务，广泛应用于光通信、3C电子、机器视觉、医疗器械、能源环保、数码喷印、光化学等智能制造、绿色健康产业，致力于成为全球领先的高端光源应用供应商，构建开放共赢的产品生态，推动产业规范建设，助力半导体光应用行业产业化升级。我们拥有先进的芯片封测技术和完备的研发生产线，自研自产车规级特种光源产品，运营管理严格按照ISO9001、IATF16949、ISO14001体系执行，全面实行ERP管控、OA系统办公，拥有中国CNAS实验室和SGS认可的实验室。,https://www.ibrntech.com,https://exhibitors.informamarkets-info.com/event/2026Medtec/en-US/exhibitor/467362/wuhan-ibrntech-co--ltd-,https://image.imconlinereg.com/mm-mtc/2025-05-26/CB3A5C555E909B6F4B91000DDCDE499B.pdf
普霖医疗科技（广州）有限公司,"Princeton Medical Scientific Co.,Ltd",N2-G505,N2,CHINA,cat-15,普霖医疗将为微创介入医疗器械产品提供全面的解决方案。提供的产品从原材料，耗材，到生产服务；从塑料挤出管材到介入导管，球囊导管成品和半成品。产品覆盖心血管微创、外周血管微创、骨科微创、泌尿微创等医疗领域。我们通过持续创新和精益制造把微创医疗最先进的成果带给每一位需要的患者，为满足人类对健康长寿的美好追求而不懈努力。,https://www.pulinmed.com,https://exhibitors.informamarkets-info.com/event/2026Medtec/en-US/exhibitor/467364/princeton-medical-scientific-co--ltd,https://image.imconlinereg.com/mm-mtc/2025-07-21/64C92D48C4E43C5B6410962B42B14792.pdf;https://image.imconlinereg.com/mm-mtc/2026-01-06/C28E974F530A344FA3EB18DAFE0F895B.pdf
上海扬盛印务有限公司,"Shanghai Young Sun Printing Co., Ltd.",N2-G506,N2,CHINA,cat-13,上海扬盛印务有限公司坐落于上海市松江经济技术开发区文松路555号、777弄，总投资8.1亿元人民币，年生产能力达15亿元。工厂总占地117亩，建筑面积79600平方米，由企业总部、研发中心、生产基地、员工发展中心、智能制造中心等单体建筑组成。建筑和工艺设计运用绿色、低碳的理念，大力推进资源、能源节约，倡导循环经济和清洁生产，以高新技术来改造和提升传统行业，实现健康可持续发展。,https://www.ysprint.com/,https://exhibitors.informamarkets-info.com/event/2026Medtec/en-US/exhibitor/467365/shanghai-young-sun-printing-co---ltd-,https://image.imconlinereg.com/mm-mtc/2026-01-28/792547306458ECCCAC7F15B09F024DF0.pdf;https://image.imconlinereg.com/mm-mtc/2026-01-28/F8EABC5E2658753F87EB87AC778BDAFF.pdf
湖南英捷高科技有限责任公司,HUNAN INJECTION HIGH TECHNOLOGY CO.LTD,N1-H512,N1,CHINA,cat-02,湖南英捷高科技有限责任公司是中南大学粉末冶金国家工程研究中心的产业化企业。     以金属粉末注射成形（MIM）技术为核心，专注“精微” 零部件制造的高新技术企业。     秉承“为您的蓝图注入灵魂”的理念为客户提供高性能 MIM材料及精微零部件制造一体化解决方案。     公司具备316L、304L、17-4PH、420、440、M2、HK-30、加强HK-30、713C、陶瓷、钛合金、镍钛记忆合金、骨骼合金等材料量产能力。目前主要服务医疗、汽车行主要客户，主要产品有活检钳、腔内切割类产品。,http://www.中国mim.com/,https://exhibitors.informamarkets-info.com/event/2026Medtec/en-US/exhibitor/467366/hunan-injection-high-technology-co-ltd,https://image.imconlinereg.com/mm-mtc/2026-01-29/85B860152172D82FC6C060E21D2AF53A.pdf;https://image.imconlinereg.com/mm-mtc/2026-01-29/7A264823A5BFE13FB5FF2FB5DEA04E26.pdf
杭州伯柯曼生物科技有限公司,"Hangzhou BoccMed Biotechnology Co.,Ltd",N3-G608,N3,CHINA,cat-15,杭州伯柯曼生物科技有限公司成立于2021年 ，主要从事二、三类植入性医疗器械研发、生产、销售，并承接国内外骨科相关的OEM&ODM业务。公司通过自主创新原材料及掌握产品核心技术，从而推动高端医疗器械的国产化替代进程，所有产品均为原创 ，拥有核心知识产权,https://www.BoccMed.com,https://exhibitors.informamarkets-info.com/event/2026Medtec/en-US/exhibitor/467367/hangzhou-boccmed-biotechnology-co--ltd,https://image.imconlinereg.com/mm-mtc/2025-09-16/BFED6E4129625A052197427D1033E6E8.pdf;https://image.imconlinereg.com/mm-mtc/2026-07-03/AB7F4012C96C21490BC62F5DADB6BBFC.pdf
江阴法尔胜泓昇不锈钢制品有限公司,"Jiangyin Fasten Stainless Steel Products Co., Ltd",N1-B507,N1,CHINA,cat-02,江阴法尔胜泓昇不锈钢制品有限公司是由法尔胜泓昇集团有限公司投资成立的全资子公司，注册资本15000万人民币，占地面积138亩。公司产品涵盖丝材、棒材、钢丝绳、异形丝、波簧及特殊弹簧等五大类，公司在各产品线上深耕多年，形成了各自特色的核心竞争力。产品广泛应用于航空、纺织、机械、汽车、五金、医疗、装饰、休闲等军事、工业、民用领域。公司始终秉承精益求精、锐意创新、与时俱进的指导思想，以多牌号、全流程、快速响应为特色，不断优化创新机制，塑公司形象，创一流品牌，竭诚服务全球客商。,,https://exhibitors.informamarkets-info.com/event/2026Medtec/en-US/exhibitor/467368/jiangyin-fasten-stainless-steel-products-co---ltd,
加拿大HnG医学技术有限公司,HnG Medical Incorporated,N1-C102,N1,USA,cat-15,加拿大HnG医学技术有限公司总部位于加拿大安大略省，在中国（杭州、宁波保税区、南京、香港）、东南亚分别设有分公司。公司专注于向医疗生产商和其他工业生产企业提供先进解决方案。产品包括设备、原材料和配件三个系列。设备系列：球囊成型加工及检测设备、球囊焊接设备、显影环安装设备、热缩管剥离器、调压器、导管成型机、打孔机、切管机、球囊折叠机、支架压握机、覆膜设备、导丝磨床、绕簧机、缠簧机、激光&超声测量仪；原材料系列：金属表面化学处理剂、医用高分子材料、镍钛材料、金属丝/管/芯轴、不锈钢丝；配件系列：医用硅胶定制、生物医用纺织品、管材、医用小配件、覆膜加工、热缩管、导丝、微型弹簧、精密机加工、金属电镀。,https://www.hngmedical.com,https://exhibitors.informamarkets-info.com/event/2026Medtec/en-US/exhibitor/467370/hng-medical-incorporated,https://image.imconlinereg.com/mm-mtc/2026-07-29/F7F5AC5360077BCC6FA3BE0D961028D1.pdf
黄山聚鑫新材料有限公司,"Huangshan Juxin New Material Co., Ltd",N2-H506,N2,CHINA,cat-01,黄山聚鑫新材料有限公司是一家专注于高性能聚酰亚胺（PI）树脂粉体、型材、零部件研发、生产和销售的国家高新技术企业，致力于为客户提供一体化的技术解决方案和定制化服务。公司目前有冷压型、热压型、复合型、功能型、可溶型五大系列几十余种聚酰亚胺产品，广泛应用于航空航天、电子电器、半导体行业、汽车工业、医疗器械、精密仪器、工业机器人、玻璃行业、等离子切割等领域。公司始终坚守“开拓进取，为客户创造价值”的使命担当，以“成为中国高性能聚酰亚胺树脂行业领跑者”的愿景为指引，秉承“致力于企业和员工共同成长”的宗旨，践行“创新驱动、担当自省，团结协作、共赢未来”的企业价值观，不断开拓创新，与客户共谋发展，共赢未来。,https://www.hsjuxin-pi.com/,https://exhibitors.informamarkets-info.com/event/2026Medtec/en-US/exhibitor/467371/huangshan-juxin-new-material-co---ltd,https://image.imconlinereg.com/mm-mtc/2026-05-15/2B866D6F96FD3FD6BDDB12DF19B77091.pdf
常州市伟光科技有限公司,Woop,N1-F801,N1,CHINA,cat-08-1,伟光科技是一家特种光纤生产供应商，公司成立十五年来，专注于国内特种光纤生产和制造领域，伴随着中国医疗器械市场的发展，为国内外优质的医疗器械设备厂商提供最优质的光纤特种光纤产品及定制化服务。公司的主要产品覆盖硬管内窥镜、荧光腹腔镜、胃肠内窥镜软镜，一次性内窥镜、手术显微镜、生化仪及体外诊断仪、荧光PCR检测仪，骨科微创骨科微创照明、激光能量系列的医用光纤，Led冷光源，手术手术机器人系列的定制光纤。为满足客户需求，提供一对一的定制化服务，光纤材质有塑料、玻璃、石英多种材料，以满足客户对于不同的光谱波段的需求。,https://www.woopchina.com,https://exhibitors.informamarkets-info.com/event/2026Medtec/en-US/exhibitor/467372/woop,https://image.imconlinereg.com/mm-mtc/2026-01-28/5768CB8AF3BBA1371291805B5867E75C.pdf;https://image.imconlinereg.com/mm-mtc/2026-01-28/C51AADF24DFFAB52AB9ACFF7F0CE8317.pdf
小精密工具有限公司,Small Precision Tools,N1-A113,N1,SWITZERLAND,cat-03,SPT是来自瑞士的百年企业，全球医疗行业核心陶瓷零部件的“隐形冠军”。它以全球领先的陶瓷注射成型工艺(CIM)大批量，高稳定地生产应用于高端医疗器械的高精密陶瓷部件，牙齿正畸用陶瓷托槽以及陶瓷种植体等。 主要供应的陶瓷材料有高纯度氧化铝、氧化锆、氧化锆增韧氧化铝 （ZTA） 和氧化铝增韧氧化锆(ATZ)等。适用于要求生物相容性，高硬度，强韧，耐高温和高压以及需要高介电强度的应用场景。,https://www.spt.net,https://exhibitors.informamarkets-info.com/event/2026Medtec/en-US/exhibitor/467373/small-precision-tools,https://image.imconlinereg.com/mm-mtc/2025-08-06/2CAB2451A8C07D61B8815BFE038A7F02.pdf
东莞市思齐橡胶技术有限公司,"Dongguan Sky Rubber Technology Co., Ltd.",N2-D706,N2,CHINA,cat-01,东莞市思齐橡胶技术有限公司创立于1999年，坐落于广东省东莞市万江街道，是一家集橡胶产品研发、生产、销售及技术服务于一体的技术创新型企业。公司秉持“应用驱动、技术赋能、绿色引领”的发展理念，立足国内市场、放眼全球布局，专注为汽配机电、家用电器、医疗器械、消费电子、家居用品、母婴用品等多个行业的客户，提供定制化、高品质的一站式橡胶应用解决方案。,,https://exhibitors.informamarkets-info.com/event/2026Medtec/en-US/exhibitor/467374/dongguan-sky-rubber-technology-co---ltd-,
杭州捷诺飞生物科技股份有限公司,REGENOVO,N1-G806,N1,CHINA,cat-02,杭州捷诺飞生物科技股份有限公司自2009年起布局医用可降解高分子材料领域，专注于GMP级可吸收降解医用材料的研发、生产与应用服务。公司面向可降解医疗器械企业，重点服务于可吸收缝线、结扎夹、骨科植入物、药物缓释载体及组织修复材料等应用方向，提供材料产品及定制化解决方案。公司已形成PGA、PPDO、PCL、PTMC、PLLA、PCGA等多元材料体系，可根据客户需求对材料粘度、分子量、力学性能、降解周期、亲疏水性及加工适配性进行调控。依托长期的材料研发与产业化经验，公司具备稳定的生产供应能力和可追溯质量管理体系，材料具有良好的生物相容性、批次稳定性和应用适配能力，可为医疗器械厂商提供专业服务。,http://regenovo.cn,https://exhibitors.informamarkets-info.com/event/2026Medtec/en-US/exhibitor/467375/regenovo,https://image.imconlinereg.com/mm-mtc/2026-05-20/6D3BD6BA2438B3968A25C229F360E0FB.pdf
史帝瑞灭菌技术（苏州）有限公司,"STERIS Sterilization Technologies（Suzhou)Ltd.,",N4-B109,N4,USA,cat-13,"史帝瑞灭菌技术（苏州）有限公司于2007年在苏州工业园区成立，是美国史帝瑞（STERIS）集团在中国的独资子公司。它的前身为新合力（苏州）灭菌技术有限公司，总投资达7,180万美元，建设厂房20,000平方米.公司主要为一次性医疗器械和医疗用品等提供环氧乙烷灭菌外包服务，X射线灭菌服务和实验室测试服务。作为全球领先的灭菌外包服务商，史帝瑞一流的灭菌服务和灭菌能力是客户业务持续发展的有力保障，使客户无需承担灭菌失败的风险。",https://www.steris-ast.com,https://exhibitors.informamarkets-info.com/event/2026Medtec/en-US/exhibitor/467376/steris-sterilization-technologies（suzhou)ltd--,
华兴科学技术（天津）有限公司,Ehuaking Science and Technology (Tianjin) Co. LTD,N4-F302,N4,CHINA,cat-17,华兴科学技术（天津）有限公司是一家专注于医疗器械行业，主要从事高精度智能检测仪器的开发与服务。公司基于数字图像应用技术的研究开发，提供医疗器械产品的缺陷自动检测、尺寸自动测量和机器人引导等视觉应用的解决方案，帮助厂商提高产品质量和生产效能，目前公司的产品广泛应用于医疗器械行业产品质量控制过程中的智能检测。,https://www.e-huaking.com,https://exhibitors.informamarkets-info.com/event/2026Medtec/en-US/exhibitor/467377/ehuaking-science-and-technology-(tianjin)-co--ltd,https://image.imconlinereg.com/mm-mtc/2026-01-09/6B3898D7D9A1162630BB80B34589001A.pdf;https://image.imconlinereg.com/mm-mtc/2026-01-09/2109BBFFF7AAD5BE1B183F71B789C9C4.pdf
浙江介尔欣医疗科技有限公司,"Zhejiang JIEERXIN Medical Technology Co., LTD",N3-B210,N3,CHINA,cat-05,浙江介尔欣医疗科技有限公司专注于心血管、外周血管、人体自然腔道等使用的介入类医疗器械的产品开发。公司拥有强大的科研团队和资深医疗器械生产团队以及专业营销团队，具有介入类医疗器械产品独立研发和生产能力。 公司建有1500平米万级洁净车间，及500平米10万级洁净车间，并配有物理、化学及微生物实验室。具备球囊导管类产品全套生产线，可实现管材挤出、球囊成型、组装并最终灭菌的全套工艺。 目前公司具有多种介入类产品研发的成功案例，包括用于治疗心脏冠状动脉狭窄的球囊导管、用于治疗外周血管狭窄的球囊导管、用于呼吸道狭窄的三级球囊等。公司还可提供球囊料管、鞘管、产品组装、管材定制等服务。,https://www.jieerxin.cn,https://exhibitors.informamarkets-info.com/event/2026Medtec/en-US/exhibitor/467378/zhejiang-jieerxin-medical-technology-co---ltd,https://image.imconlinereg.com/mm-mtc/2025-07-18/3DB20E4679237C9FAE800104DBC10F81.pdf;https://image.imconlinereg.com/mm-mtc/2026-08-03/3A9BEE770E4065788E1454E66D2A37B1.pdf
江苏贝泽精密金属科技有限公司,"Belzer precision ropes Co.,Ltd",N3-F106,N3,CHINA,cat-02,"江苏贝泽精密金属科技有限公司成立于2023年,是一家专业设计、研发、生产、销售、售后于一体的高科技医用钢丝绳和相关医用产品专业制造企业。本公司拥有最专业的专家人才，自研的高精密的生产设备，超强的生产能力。我们致力于为客户提供医用钢丝绳以及相关产品的定制化方案，我们致力于为客户提供高端绳索国产化替代的定制化方案。",https://www.belzer.com.cn,https://exhibitors.informamarkets-info.com/event/2026Medtec/en-US/exhibitor/467379/belzer-precision-ropes-co--ltd,https://image.imconlinereg.com/mm-mtc/2025-08-04/E23E4610EFCB11453B25A5F7BCF939CD.pdf
上海志瞳智能科技有限公司,"Shanghai Fusion Intelligence Co., Ltd.",N1-B604,N1,CHINA,cat-10,"志瞳科技是Raise3D旗下子公司，专注为特斯拉、华为、大疆等科技研发型企业、研究机构提供3D打印、三维扫描设备的数字解决方案。作为Raise3D、Formlabs等品牌的国内总代理，过去10年间，志瞳科技和合作伙伴一起服务了超过13,000家企业客户，帮助国内制造业加速实现数字化转型。",https://www.f3dp.cn/,https://exhibitors.informamarkets-info.com/event/2026Medtec/en-US/exhibitor/467380/shanghai-fusion-intelligence-co---ltd-,https://image.imconlinereg.com/mm-mtc/2025-07-30/F639B4C481FE73404BEB71116AA963BF.pdf
苏州市品固橡塑科技有限公司,"Suzhou Pingu Rubber Technology Co., LTD.",N2-B602,N2,CHINA,cat-01,品固橡塑成立于2007年，位于苏州市吴江区云联北路1333号，交通便捷，距离地铁4号线地铁800米，专注于硅橡胶非标定制生产厂家，占地面积为5200㎡，设有独立模具车间，模具技术开发和模具加工部，模压硫化车间，固态注射成型车间，液态注射成型车间和十万级无尘车间等先进齐全的生产设备及检测设备，通过IATF16949汽车质量体系认证和IS013485医疗器械质量管理体系认证.   益阳联亿橡胶制品有限公司隶属于品固分公司，成立于2021年9月，位于湖南益阳，占地2500平方米。拥有250T真空模压18台，炼胶机2台，切胶机2台等生产加工设备。,http://www.szpgxs.com/,https://exhibitors.informamarkets-info.com/event/2026Medtec/en-US/exhibitor/467381/suzhou-pingu-rubber-technology-co---ltd-,https://image.imconlinereg.com/mm-mtc/2025-07-23/2B3AE2A4F99A9F29FB477669DAB96223.pdf
山杰医疗科技（郑州）有限公司,"Shanjie Medical Technology (Zhengzhou) Co., LTD",N2-F208,N2,CHINA,cat-05,山杰医疗科技（郑州）有限公司专注于康复类、心脑血管类、介入类医疗设备和耗材等高新技术产品的研发、生产和销售，初期建设投资约1亿元人民币，厂区一期建设面积15000平米，包括净化车间、小试车间、质检中心、研发中心、医疗设备生产区、医疗耗材生产区等综合车间，可同时容纳多条生产流水线开工生产，规划产能可达伍亿元以上。公司坚持自主研发和生产，不断提升研发、技术和管理水平，目前团队已攻克多项技术难关，现研制和申报成功多项产品，并获得发明、实用新型等多项专利荣誉证书。公司已通过ISO 13485国际质量体系认证，可为客户提供定制化导管接配件加工、OEM&ODM、来料加工等服务。山杰医疗集产、学、研、销为一体，努力发展新质生产力，应用先进的技术、新工艺、新材料、新装备不断改造升级。目标规划五年内成为省级 “专精特新” 小巨人企业，并力争成为行业头部企业。,https://www.shanjieyl.com,https://exhibitors.informamarkets-info.com/event/2026Medtec/en-US/exhibitor/467382/shanjie-medical-technology-(zhengzhou)-co---ltd,https://image.imconlinereg.com/mm-mtc/2025-07-16/C6E978E6B6155A3030CB9F1A470C8B16.pdf
马丁医用包装（珠海）有限公司,"MARTIN MEDICAL PACKAGING (ZHUHAI) CO.,LIMITED",N4-A202,N4,CHINA,cat-13,马丁医用包装（珠海）有限公司是一家专业从事医用包装材料及无菌屏障系统研发、生产、销售的科技创新型企业，致力于生产可靠的Ⅰ类、Ⅱ类、Ⅲ类医疗器械无菌包装。Martin拥有万级洁净间，是通过ISO13485认证的医用包装专业生产厂商，严格按ISO11607等标准规范产品质量，已实现了全过程的控制和验证。Martin主营产品有医用吸塑盒、特卫强盖材、医用灭菌袋、医用模切衬板、医用吸塑盒热合设备、医用灭菌袋封口设备等。,https://www.imartin.com.cn,https://exhibitors.informamarkets-info.com/event/2026Medtec/en-US/exhibitor/467383/martin-medical-packaging-(zhuhai)-co--limited,https://image.imconlinereg.com/mm-mtc/2026-01-14/65419B23B6823DB98E65A313B0CF89CB.pdf
上海助科仪器科技有限公司,"Shanghai ZK Instrument Technology CO.,LTD",N4-F201,N4,CHINA,cat-17,上海助科仪器科技有限公司中国的业务运营总部位于上海，同时在北京设有生产基地及技术支持与服务中心。我们由长期从事进口仪器行业的技术人员组建，专业从事生物医学材料力学测试、热分析等仪器研发、制造和销售的公司，为科研单位、大学、公司及检测实验室提供高性能生物医学材料和器械的动态力学性能测试仪器、组织工程相关测试仪器以及热分析等仪器。凭借优质的产品组合、负责任的态度、良好的合作精神以及专业的技术支持与服务，上海助科仪器科技有限公司致力于成为国内外医疗器械、生物医学行业、相关跨国企业以及各大专院校、科研院所的仪器设备供应伙伴及成套实验室方案提供商。在业界拥有优良的企业形象和口碑。,https://www.zkinstrument.com,https://exhibitors.informamarkets-info.com/event/2026Medtec/en-US/exhibitor/467384/shanghai-zk-instrument-technology-co--ltd,
欧谱特激光系统有限公司,OpTek Systems,N1-A802,N1,CHINA,cat-15,欧谱特激光系统总部位于英国牛津，在中国，美国，欧洲各地设有分公司。  主要专注于微米级精密激光加工设备销售及代工服务，可在中国东莞进行本地化代加工以及部件组装。可进行钻孔，切割，剥线，涂层剥除，表面去除，医疗等级打标等工艺。  最小可加工1微米孔径小孔,https://www.opteksystems.com,https://exhibitors.informamarkets-info.com/event/2026Medtec/en-US/exhibitor/467385/optek-systems,
济南佳创医用硅橡胶制品有限公司,"JiNan JiaChuang Medical Silicon Rubber Co., Ltd.",N2-F410,N2,CHINA,cat-05,济南佳创硅橡胶制品有限公司是一家集生产，研发，销售硅橡胶制品的专业化公司，拥有先进的生产设备，完整的检验技术。主要产品有；硅胶波纹管，硅胶螺纹管，硅胶密封条，铂金硅胶管，等。可根据用户要求加工，也可OEM，产品远销国内外，欢迎广大客商来电洽谈。,,https://exhibitors.informamarkets-info.com/event/2026Medtec/en-US/exhibitor/467386/jinan-jiachuang-medical-silicon-rubber-co---ltd-,https://image.imconlinereg.com/mm-mtc/2026-01-07/BFC866235B1E2AB5B4F5DCDE5D809B78.pdf
上海领扬自动化系统有限公司,"Shanghai Lingyang Automation System Co., Ltd",N3-F202,N3,CHINA,cat-11,上海领扬---专业非标自动化设备制造商；主要产品移印\丝印、装配\包装自动化设备. 品质 我们专注于设备的每个细节，我们苛求最好的印刷效果，我们采用国际一流的电子电气、机械和零部件，我们精雕细琢每一个加工零件，为每一个客户提供更专业、精密、高效、更智能化自动化设备。 创新 我们一直以欧洲一流制造商为榜样，我们一直在印刷包装行业推陈出新，我们一直在为印刷包装行业的自动化提供新的标准化或个性化的解决方案。 服务 我们为客户提供标准化或量身定做的自动化包装印刷解决方案，我们为客户提供自动化一条龙服务，我们有行业顶尖的调试培训工程师，我们时刻在为客户提供及时贴心的售前售后服务。,https://www.sh-lingyang.com,https://exhibitors.informamarkets-info.com/event/2026Medtec/en-US/exhibitor/467387/shanghai-lingyang-automation-system-co---ltd,https://image.imconlinereg.com/mm-mtc/2026-01-06/3FC39F6B0B4868ABD1388BDDD7A0A9AB.pdf;https://image.imconlinereg.com/mm-mtc/2026-01-06/798151423EDFCDCDFEDB120D2FD23FA4.pdf
深圳市聚羕生物科技有限公司,"Shenzhen GYB Meditech Co., Ltd.",N2-C401,N2,CHINA,cat-05,深圳市聚羕生物科技有限公司是一家致力于医疗器械和医用耗材一站式解决方案的高新技术企业，团队拥有医疗器械制造行业多年的技术和生产人员，为众多国内外医疗器械公司提供代工服务，赢得了客户广泛的赞誉。多年的行业深耕，为我们积累了丰富的设计、生产和质量经验，也为客户提供和代工了介入类、麻醉类、泌尿类、消化道及骨科等众多的优质产品，包括导管鞘、高压连接管、Y型三件套等。公司现有8000平米生产基地，其中模具制作车间1000平米、万级注塑车间1000平米、万级挤出车间1000平米、万级后加工及组装车间1500平米，相关注塑机、挤出机、印刷设备、尖端熔头设备、涂层处理设备、打孔机、激光、定型工装等100套以上，实现了从原材料到成品的“全流程”“全洁净”“全工艺”“全管控”的生产过程，可以满足各类医用耗材的研发、打样及量产需求。模具、注塑、挤出、组装四大工艺板块基于同一套严苛的质量体系运作，标准统一，数据互联，实现了“1+1+1+1>4”的品控效果。无论是小批量定制还是大规模生产，我们都能根据您的需求量身定制解决方案，还为您提供全程技术支持。聚羕生物科技，你的医用耗材全面合作伙伴!,http://www.gybmed.com,https://exhibitors.informamarkets-info.com/event/2026Medtec/en-US/exhibitor/467388/shenzhen-gyb-meditech-co---ltd-,
深圳市永恒建欣精密模具有限公司,"Omould Technology (中国)Co.,LTD.",N2-A608,N2,CHINA,cat-09,"深圳市永恒建欣精密模具有限公司成立于2008年，专业研发和制作精密塑胶模具，硅胶模具以及注塑生产塑胶产品和硅胶产品。公司先后通过ISO13485,ISO9001,ISO1400认证，并成为国家高新技术企业，广东省专精特新企业，是深圳市模具协会会员，中国医疗器械行业协会会员。自有模房，精密加工机器60多台，能独立研发和设计模具，制作模具，同时拥有16台塑料注塑机，9台液态硅胶注塑机以及8台硅胶模压机，在十万级无尘车间中生产产品，同时提供喷油，丝印和组装的服务。",https://www.omould.com,https://exhibitors.informamarkets-info.com/event/2026Medtec/en-US/exhibitor/467389/omould-technology-(中国)co--ltd-,https://image.imconlinereg.com/mm-mtc/2025-07-04/3F04BF1CD083B175E8CB8A4A252C5996.pdf
美拓電綫(常州)有限公司,"Metop wire (Changzhou)Co.,Ltd",N1-G709,N1,CHINA,cat-08-3,美拓电线（常州）有限公司是一家专业从事极细高性能电线电缆的开发、生产和经营的企业。位于风景美丽的常州市武进经济开发区，该园区地处长江三角洲中心位置，交通物流极其方便。公司成立于2020年，自成立以来以“成为具有全球竞争力的特色高性能电线电缆企业”为目标，扎根医疗设备用高性能电线电缆的研发和提供给客户创新的解决方案，一步一个脚印发展成为医疗内窥镜行业内颇具影响力的专业电缆生产企业。    公司生产的极细同轴电缆产品广泛运用于笔记本电脑、手机、无人机、安防监控、VR、汽车电子等电子设备，经过复合成缆后的多芯电缆运用到超声诊断设备探头、医疗内窥镜、手术设备等各种高端医疗应用领域。    公司拥有各种先进齐全的生产、检查设备和优秀的技术、制造团队，以创新的解决方案，秉承客户为先、诚信、合作、创新的价值观，为我们的客户提供快速、优质的产品和服务。,http://www.metop-wire.com/,https://exhibitors.informamarkets-info.com/event/2026Medtec/en-US/exhibitor/467390/metop-wire-(changzhou)co--ltd,https://image.imconlinereg.com/mm-mtc/2025-08-11/F9D211933CADA1F1EAF4D9416785D296.pdf
深圳市元和电子材料有限公司,"Shenzhen Launch Electrical Co. Ltd,",N1-G607,N1,CHINA,cat-08-3,元和公司于2001年创立于深圳，是国家高新技术和专精特新企业，专注医疗电子附件行业20余年，致力为全球医疗器械行业提供合规、可靠的产品与服务。公司先后取得ISO10991、ISO13485、MDSAP等质量管理体系认证，具备医疗器械全球注册能力，是多家国际著名医疗企业的全球战略合作伙伴。通过自主产品（ODM)、生产代工(OEM）、协议制研发生产(CDMO)、特需定制等多种专业解决方案，连接医患桥梁，守护生命健康。,https://ww.Inhmed.com,https://exhibitors.informamarkets-info.com/event/2026Medtec/en-US/exhibitor/467393/shenzhen-launch-electrical-co--ltd-,https://image.imconlinereg.com/mm-mtc/2025-07-18/6978B5553B0B76F09A9D39162D0E1DEA.pdf
唯精执中 (上海)材料技术有限公司,Wedmator Limited,N2-C608,N2,CHINA,cat-01,惟精執中(香港)材料科技有限公司，作为一家具有深厚国际资源的香港企业，专注于为全球医疗器械企业提供多种材料的系统性整体解决方案。公司深耕精密医用导管定制技术（PET热缩管、导管鞘、弹簧管、编织管、微导管等），可降解材料（PGA/PGLA/PPDO/PGCL等九种粒料及可降解缝合线原线），预灌封注射器胶塞等关键橡胶零组件，骨科植入物表面处理（钛/羟基磷灰石涂层的一站式喷涂服务）。公司依托总部与各海外技术节点，致力于建立以医疗器械零组件为核心的全球化业务运营平台，推动医用材料产业的创新发展。,https://www.wedmator.com,https://exhibitors.informamarkets-info.com/event/2026Medtec/en-US/exhibitor/467394/wedmator-limited,https://image.imconlinereg.com/mm-mtc/2026-07-27/5AB118DEB81D6D42971EF17E6B532581.pdf;https://image.imconlinereg.com/mm-mtc/2026-07-27/E738DF1E22E5ECC7D7BA1B323976BB6A.pdf
宁波汉科医疗器械有限公司,"Hantech Medical Device CO.,LTD.",N1-D707,N1,CHINA,cat-01,"宁波汉科医疗器械有限公司是一家国家级高新技术企业、国家级重点“小巨人”企业，专注于泛血管微创介入导管、口腔领域耗材和输液给药耗材的研发、生产与销售，并致力于这三类产品中关键部件、关键工艺、关键配方的自主研发。汉科医疗在中国宁波及上海、意大利罗维戈、美国圣地亚哥分别设有研发、生产、运营基地。现有127名研发技术人员,其中博士5人,包括1位国家级人才专家和1位省级人才专家。已获得ISO13485、ISO9001、IS014001、IS045001、MDSAP等管理体系证书,产品法规许可包括NMPA、CE、FDA、MFDS、KGMP等,共有185项专利和64项商标权。",https://www.hantechmedical.com/,https://exhibitors.informamarkets-info.com/event/2026Medtec/en-US/exhibitor/467395/hantech-medical-device-co--ltd-,https://image.imconlinereg.com/mm-mtc/2026-06-04/79017EDE0FD44E988995AAAAF971171E.pdf;https://image.imconlinereg.com/mm-mtc/2026-06-04/9FE84B29CAA979EB5FAAAA5D13165406.pdf
萍乡市程品科技有限公司,"Ping Xiang ChengPin Technology Co., LTD.",N1-H801,N1,CHINA,cat-02,萍乡市程品科技有限公司在江西拥有2个生产基地，专业生产各类电感线圈，尤其擅长各种医疗传感器微细型精密线圈。为改善目前微创介入类高端耗材主要原材料依靠进口的局面，公司持续投入在上游关键元器件的开发，以加速实现国产替代的步伐。帮助客户缩短新产品上市的时间，让客户将资源集中在产品研发和市场推广的高附加值环节，成为客户信赖的长期合作伙伴。,https://www.chengpin-tech.com/,https://exhibitors.informamarkets-info.com/event/2026Medtec/en-US/exhibitor/467397/ping-xiang-chengpin-technology-co---ltd-,https://image.imconlinereg.com/mm-mtc/2026-07-03/37AA8DCAE4661C4F73D861DEB774ED64.pdf
苏州市麦点彩印有限公司,"Suzhou Maidian Color Printing Co., Ltd",N3-G406,N3,CHINA,cat-13,苏州市麦点彩印有限公司（MDCP)成立于2001年5月，专业从事生产彩盒、精装盒、说明书、标签等印刷品，公司位于苏州相城高新区。公司拥有一支精湛的印刷品生产、开发、设计、销售的专业队伍，是一家致力于配套高科技企业的专业印刷公司，务实、高效、开拓、争先、致力于企业更大规模，产品更新，质量更好，服务功能更广是我们永远的追求。公司在经营中坚持增加品种、提供质量、服务市场的方针，以短周期、高质量、重信誉取信于客户。,https://www.maidiancy.com,https://exhibitors.informamarkets-info.com/event/2026Medtec/en-US/exhibitor/467398/suzhou-maidian-color-printing-co---ltd,
江西厚德模具科技有限公司,"Houde Mold Technology Co., Ltd",N2-H404,N2,CHINA,cat-09,我们公司专注于注塑模具，五金加工。我们公司的主旨是精度，速度，态度。我们用最精准的进口设备为您制造最优质的产品，我们用最准确的时间发货，我们用最好的尊重为你服务！我们主张使用高效的方式来沟通，以此为你提供灵活、精密、可靠、无忧的服务。我们专注于多品种、小批量、高要求的注塑成型、五金、压铸领域，我们公司对于注塑成型有超过10年的经验，我们的专业工程师对于此行业有超过20年的工作经验！拥有一个位于广东有8000平方米的制造中心，以及一个位于江西有20000平方米的工业园。,https://houdemold.com,https://exhibitors.informamarkets-info.com/event/2026Medtec/en-US/exhibitor/467399/houde-mold-technology-co---ltd,https://image.imconlinereg.com/mm-mtc/2025-08-01/4529FE9FD665FFF35BD9F7BC9CFD6E26.pdf
苏州硕科新材料有限公司,"Suzhou Shuoke Advanced Material Co.,Ltd",N2-C406,N2,GERMANY,cat-01,苏州硕科新材料致力于提供全球最专业并可持续发展的医用级显影硫酸钡，钛白粉，硫化锌等材料，专注于医疗聚合物共混改性，精密导管挤出领域。依托于多年在医疗市场的深耕经营，硕科新材料成为Sachtleben在中国区域指定的经销商，为国内医疗器械用户提供优质的医疗级原料以及专业的服务。,http://www.sk-chemical.cn,https://exhibitors.informamarkets-info.com/event/2026Medtec/en-US/exhibitor/467400/suzhou-shuoke-advanced-material-co--ltd,https://image.imconlinereg.com/mm-mtc/2026-07-17/B76C2556D5E2DF7D2C816E4727AB3A29.pdf;https://image.imconlinereg.com/mm-mtc/2026-07-31/52E0E1AD9A98CAFD4CB65E99DBF797E3.pdf
徐州宏泰编织机科技有限公司,"Xuzhou Hongtai Braiding Machine Technology Co.,Ltd",N2-D602,N2,CHINA,cat-11,徐州宏泰编织机科技有限公司，系国家高新技术企业。作为高端医用编织机械生产研发基地，经过30多年的从业积累，一直致力于高端精密编织机的装备研发、工艺研发及全链服务。与天津工业大学建立“产、学、研”合作关系推进人工血管编织领域的发展，与中国矿业大学建立建设“研究生校外培养基地”针对新材料在医用装备应用领域的合作，作为南京航空航天大学先进技术应用单位，开拓复材编织的在医疗领域的广泛应用。注册高端编织机品牌“徐编”。  目前“徐编”品牌高端医用编织机已覆盖多种使用场景。如介入治疗的导管、心血管领域的密网支架、球囊增强层、封堵器、外科缝合线、运动医学缝合线、圆扁缝合线、内窥镜管、三维编织支架、取石篮网、医用绕簧、7×7骨科钛缆等。,http://www.xzhtbzj.com,https://exhibitors.informamarkets-info.com/event/2026Medtec/en-US/exhibitor/467401/xuzhou-hongtai-braiding-machine-technology-co--ltd,https://image.imconlinereg.com/mm-mtc/2025-09-09/9E5EDC92287828196FCB910F676012D5.pdf
深圳市森日有机硅材料股份有限公司,"Shenzhen Square Silicone Co., Ltd",N2-A509,N2,CHINA,cat-01,深圳市森日有机硅材料股份有限公司自 2002 年起深耕加成型液体硅橡胶的研发、生产与销售，专注于为全球客户提供高品质有机硅材料解决方案。经过二十余年的行业积淀，公司产品已广泛应用于电力工程、电子电器、医疗器械、汽车制造等多个核心领域，凭借稳定性能与可靠品质获得市场广泛认可。公司员工规模近 300 人，构建了覆盖国内外的立体化生产与服务网络。生产基地聚焦中国深圳、浙江衢州两大核心区域，同时为拓展海外市场，在比利时设立办事处，且于德国投建自有生产工厂。三座现代化生产基地总占地面积达 5 万平方米，液体硅橡胶年产能高达 15000 吨，可高效满足全球不同区域客户的规模化与定制化订单需求。,https://www.squaresilicone.cn,https://exhibitors.informamarkets-info.com/event/2026Medtec/en-US/exhibitor/467402/shenzhen-square-silicone-co---ltd,https://image.imconlinereg.com/mm-mtc/2026-01-13/F4EE76A9F968AA7333D9D0C40999C172.pdf;https://image.imconlinereg.com/mm-mtc/2026-01-13/2A01DE10FDB8F2089A615DF28B3CBA3D.pdf
温州科菱环保科技有限公司,"Wenzhou Keylink Technology Co., Ltd",N3-B408,N3,CHINA,cat-14,"温州科菱环保科技有限公司是专注等离子表面处理设备研发、生产与销售的国家高新技术企业。科菱科技专注表面附着力整体解决方案超过十年，主要解决医疗器械、电子、汽车制造等行业的印刷、粘接、喷涂等工艺中附着力不良的难题，目前设备已实现材料表面纳米级别的清洗。在医疗器械领域，科菱等离子技术成熟应用于植入物（人工关节、牙种植体）术前清洁与活化、精密手术器械纳米级深度清洁、硅胶导管亲水涂层前处理与粘接增强等场景，助力医疗器械达到严苛的安全性与可靠性标准。科菱干式等离子工艺可替代传统化学清洗方式，显著减少生产过程中的二氧化碳足迹，我们致力于遵循ISO, CE等国际标准，并符合环保法规。",https://www.keylinktech.com,https://exhibitors.informamarkets-info.com/event/2026Medtec/en-US/exhibitor/467403/wenzhou-keylink-technology-co---ltd,https://image.imconlinereg.com/mm-mtc/2026-07-16/6EEA3A8C0A34B02FCC1E4AB6121E78E2.pdf;https://image.imconlinereg.com/mm-mtc/2026-07-16/8EA11043DB35C7BF32C772CBA6999E05.pdf
诺信（中国）有限公司,"Nordson (中国) Co., Ltd.",N2-A210,N2,USA,cat-06,诺信集团旗下有多个子公司(纳斯达克: NDSN)。Nordson MEDICAL 是设计、开发和制造复杂医疗器械及组件技术的全球专家。我们主要服务于介入治疗、外科手术、体外诊断、生命监护、康复护理以及生物制药等医疗应用市场，并推动创新，以挽救或延长病人生命。 我们专注于介入类导管、插管、管轴、医用球囊、医疗管材、热收缩管、流体管理组件、生物医材输送、镍钛合金组件等产品以及聚合物成型技术的研发和制造。Nordson EFD是专业致力于设计与生产精密流体控制设备的一流设备制造商，公司旗下的多个产品线可与世界上每条制造工艺都会使用的粘合剂、密封剂、润滑剂以及其他组装流体配套使用。EFD的服务销售网络遍布全球四十多个国家和地区。在生命科学领域，诺信EFD能够提供高性能流体控制方案及建议。,https://www.nordson.com,https://exhibitors.informamarkets-info.com/event/2026Medtec/en-US/exhibitor/467404/nordson-(中国)-co---ltd-,
昆山博发塑胶有限公司,"Kunshan Bova Plastic Co.,Ltd.",N2-G214,N2,CHINA,cat-05,"昆山博发塑胶有限公司成立于2008年，现位于江苏省昆山市张浦镇俱进路2062号3号厂房。公司现主要提供精密医用管材挤出、医用导管后加工及导管定制服务。公司生产多种材质如TPU、PE、PP、PVC、Pebax、PA、PEEK、PSU、PPSU、PC、EVA、TPE、ABS、PCL、PLA、PTFE、FEP、硅胶管等及各种形状的挤出管材。目前挤出管材直径偏差可以控制在±0.01mm,壁厚可以做到0.03mm。公司拥有标准的万级和10万级洁净生产车间。",https://www.bovaplastic.com,https://exhibitors.informamarkets-info.com/event/2026Medtec/en-US/exhibitor/467405/kunshan-bova-plastic-co--ltd-,https://image.imconlinereg.com/mm-mtc/2026-01-07/CEDB73AFEB8C9D185D94A3D63D06C357.pdf
青岛硅瑞新材料科技有限公司,"QingDao Guirui New Material Technology Co., Ltd",N2-B506,N2,CHINA,cat-01,"青岛硅瑞新材料科技有限公司成立于2021年，位于山东省青岛市，现有标准厂房12000m²。产品主要涵盖汽车、家电、医疗及电子行业的塑胶、液态硅胶、钣金制品的设计研发、模具制作、零部件的制造生产及组装应用。公司长期致力于液态硅胶、注塑、钣金制品及模具研发、设计、制造，是Tesla、SGM等著名汽车主机厂的战略合作厂商,产品远销欧美及亚洲等地区。",https://www.guiruitech.com,https://exhibitors.informamarkets-info.com/event/2026Medtec/en-US/exhibitor/467495/qingdao-guirui-new-material-technology-co---ltd,https://image.imconlinereg.com/mm-mtc/2026-07-23/AE2954D4C97DFDD37FF1BB6F01534F8C.pdf;https://image.imconlinereg.com/mm-mtc/2026-07-23/6A2CEF83FB9B3FD63178F246BE9AB9A0.pdf
上海衡仪器厂有限公司,"Hengyi Weighing & Instrument Co., Ltd.",N4-A303,N4,CHINA,cat-17,我们的宗旨是“客户需求是上海衡仪永恒的追求，打造品牌是上海衡仪努力的方向，持续发展是上海衡仪奋斗的目标。,https://www.hengyi-sh.com,https://exhibitors.informamarkets-info.com/event/2026Medtec/en-US/exhibitor/467511/hengyi-weighing---instrument-co---ltd-,https://image.imconlinereg.com/mm-mtc/2026-01-15/A21055C71533949FB29C4F0110EDC7F7.pdf
江苏日成医疗科技有限公司,"JIANGSU RICHENG MEDICAL CO.,LTD",N2-G601,N2,CHINA,cat-01,江苏日成医疗科技有限公司是一家专业的医用产品研发、生产中心，始终致力于为全球客户研发及生产质量可靠的、安全有效的医用硅胶产品。我司拥万级净化车间1600平方及配套产线。有完善的生产和检测设备，先进的生产工艺，拥有一支高素质的管理、技术和生产人员。公司建立了完整的ISO9001国际质量认证体系，并通过了ISO13485质量体系认证等多项权威认证，旨在为客户提供优质的产品和一流的服务。公司在材料、研发、工程设计、产品开发和项目管理方面拥有30多年的经验，一直处于行业领先地位，产品远销20多个国家和地区，成为众多行业领导者的首选合作伙伴。,https://www.richeng.com,https://exhibitors.informamarkets-info.com/event/2026Medtec/en-US/exhibitor/467535/jiangsu-richeng-medical-co--ltd,https://image.imconlinereg.com/mm-mtc/2025-07-10/9AAAB98F19C549216BE2DA654BBE17C2.pdf
深圳市金雨滴精密有限公司,"Shenzhen GRT Co.,Ltd(JYDprecision)",N1-D708,N1,CHINA,cat-08-5,"金雨滴是国内比较早期投入到手术机器人末端执行器的开发和生产厂家之一，对手术机器人器械核心零件的开发和生产有非常丰富的经验，积累了40+末端器械开发生产如持针，抓钳，分离钳，单极器械电钩电铲，弯剪刀类，双极器械窗式马里兰，高能两器械大血管闭合器等，零件广发应用于普外科，心外科，胸外科，泌尿科等不同科室。至今已为国内海外二十多多家腹腔手术机器人客户提供服务，从打样开发，大部分客户已实现了小批量生产。年出货量已超过十万只零件，稳定可靠。 金雨滴公司只专注于手术机器人末端器械的开发和生产，生产车间获得ISO9001,ISO13485认证，配置zeiss三次元检测，二次元，硬度，绝缘耐压，电阻拉力，水煮实验，盐雾测试等各种检验和测试设备，从源头把关品质；生产设备15台精密5轴CNC加工中心，7台3轴CNC，6台高温注塑机，1条MIM粉末冶金产线，自有模房，提供一站式的综合工艺解决方案和生产。我们的目标专注腹腔手术机器人，显微手术机器人前端器械开发，以我们有限的经验，协助腹腔手术机器人客户缩短开发周期，不断优化成本，快速打样，快速量产化。",https://jydpresicion.com,https://exhibitors.informamarkets-info.com/event/2026Medtec/en-US/exhibitor/467537/shenzhen-grt-co--ltd(jydprecision),https://image.imconlinereg.com/mm-mtc/2025-08-05/5C9CDF6FBE453F62BFDF3C890B5D681B.pdf
泰克尼尔密封件贸易（上海）有限公司,"Techne Sealing Technology  Trading (Shanghai) Co.,Ltd.",N2-G109,N2,FRANCE,cat-01,泰克尼尔(Techné)是一个密封件和滑动轴承的国际化集团生产企业，泰克尼尔集团主要服务于医药和食品，汽车及零部件，液压与气动，阀门，流体连接等行业。,https://techne.cn/,https://exhibitors.informamarkets-info.com/event/2026Medtec/en-US/exhibitor/467538/techne-sealing-technology--trading-(shanghai)-co--ltd-,
威猛巴顿菲尔机械设备（上海）有限公司,"Wittmann Battenfeld (Shanghai) Co., Ltd.",N3-C302,N3,AUSTRIA,cat-09,威猛集团成立于1976年，总部设在奥地利维也纳。作为全球领先的塑料加工设备制造商，威猛集团可以提供全套的创新型注塑加工整体解决方案，其产品包括注塑机、机械手、自动化系统、水排、模温机、机边粉碎机、原料处理输送系统等。目前，威猛集团在6个国家设有10家生产基地，在35个地点设有销售代表处，并拥有27家代理机构，业务遍及全球。,https://www.wittmann-group.com,https://exhibitors.informamarkets-info.com/event/2026Medtec/en-US/exhibitor/467539/wittmann-battenfeld-(shanghai)-co---ltd-,
常州海泰克机电科技有限公司,"Changzhou CatheterMelt Co., Ltd",N3-B207,N3,CHINA,cat-15,常州海泰克机电科技有限公司专注于介入类医疗器械制造设备的研发与生产。我们深知，客户买的不只是一台机器，而是对良品率的把控，对交期的承诺，对整条产线稳定运转的信心。正是基于这种理解，我们将精密工程与丰富的行业经验融为一体，为导管制造商提供从单机到整线的全套解决方案。我们的核心产品涵盖导管尖端成型机、导管焊接机、球囊焊接机、导管热流变机、导管打孔机、冲孔机、导管切管机、导管定型机、导管扩口机、导管缩口机及导丝球头成型机等。多年来，我们的设备已进入国内外众多知名医疗器械制造商的生产车间，经受住了高强度量产的检验。我们做性价比高，让客户用得放心、用得长久的机器。欢迎联络我司。,https://www.cathetermelt.com,https://exhibitors.informamarkets-info.com/event/2026Medtec/en-US/exhibitor/467540/changzhou-cathetermelt-co---ltd,
达尔乐国际贸易（上海）有限公司,A2MediteX Corporation,N2-F310,N2,JAPAN,cat-02,为满足医疗行业差异化需求，我们专注医疗特种套管及管材二次加工的精密智造。为始终精准响应客户需求，我们勇于挑战行业差异化，我们以40余年生产经验为基，汇融前沿技术突破，立志引领行业潮头。从原材料到成品的全流程自研管材生产体系，确保客户在最短交付周期内，收获从源头到终端的至臻品质。,https://www.dynaox.com.cn/,https://exhibitors.informamarkets-info.com/event/2026Medtec/en-US/exhibitor/467541/a2meditex-corporation,https://image.imconlinereg.com/mm-mtc/2025-05-19/5FCBBB081D3483E78AC1706DC8F96335.pdf
苏州药明康德新药开发有限公司,WuXi AppTec,N4-D502,N4,CHINA,cat-16,药明康德医疗器械测试中心，拥有丰富的医疗器械测试经验的一体化医疗器械服务平台，提供包括：生物相容性测试、化学测试、毒理学风险评估、微生物检测和大动物研究在内的测试服务。测试服务流程均遵从且满足全球监管法规准则，具备FDA GLP、OECD GLP、CNAS/A2LA、ISO17025、CMA和FDA ASCA资质，拥有AAALAC认证的动物设施，现代化的手术室和实验室及中国和美国双认证的动物外科专家、兽医病理学家和毒理学家。可以出具同时满足中国、美国和OECD成员国注册申报的测试报告，实现“一份报告，全球申报”。,https://md.wuxiapptec.com/,https://exhibitors.informamarkets-info.com/event/2026Medtec/en-US/exhibitor/467542/wuxi-apptec,https://image.imconlinereg.com/mm-mtc/2026-07-06/7ED1C0F57EFB53CA187326CC626F46F5.pdf;https://image.imconlinereg.com/mm-mtc/2026-07-06/EEBEBD54EC6DA31C9E452D8CE8C523BC.pdf
RAUMEDIC AG,RAUMEDIC AG,N2-B407,N2,GERMANY,cat-05,诺科德-您的医疗和制药行业的开发合作伙伴和系统供应商我们是全球医药行业的合作伙伴，也是聚合物系统和从初始构思到批量生产，我们始终是客户的合作伙伴组件的领先开发商和制造商。通过与客户密切合作，和顾问。我们在挤出、注塑和组装领域拥有70年以上我们致力于创新性诊断和急性治疗系统的开发。的专业制造技术，能够理想地将您的要求和概念转化为成熟的医疗产品。,https://www.raumedic.com/,https://exhibitors.informamarkets-info.com/event/2026Medtec/en-US/exhibitor/467543/raumedic-ag,
妙结精密零件（上海）有限公司,"MGB CHINA Co., Ltd.",N1-F705,N1,FRANCE,cat-02,"MGB是一家生产高性能的连接器和精密车削部件方面领先的公司。 几十年来，MGB已经为医疗市场提供了很多的部件和装配件：矫形植入件、骨钉、牙钉、扩张器等；我们的部件也广泛用于医疗器械和诊断用的传感器上,心脑血管、神经、脑机接口的介入器械中。 MGB可以用医疗市场上能用到的各种原材料进行加工生产，尤其是在不锈钢、钛合金和铂铱合金等原材料上有丰富的加工经验。 我们所有生产设备均采用瑞士TORNOS公司的Nano, EvoDECO等走心式数控车床。零件加工直径范围：0.2-32毫米、微米级的加工精度; 精密的激光焊接能力。",https://www.mgb.fr,https://exhibitors.informamarkets-info.com/event/2026Medtec/en-US/exhibitor/467544/mgb-china-co---ltd-,https://image.imconlinereg.com/mm-mtc/2026-07-08/BD4324186F7DDC4CD89202C2214D36A9.pdf;https://image.imconlinereg.com/mm-mtc/2026-07-08/8886CA947F5B5A2B284F2E73CB221DD2.pdf
瓦克化学（中国）有限公司,"Wacker Chemicals (China) Co.,Ltd",N2-C402,N2,GERMANY,cat-01,瓦克是一家总部位于德国慕尼黑的全球运营的化学集团。瓦克集团凭借种类丰富、技术含量高的专业产品，在众多行业和工业分支中占据领先地位，产品广泛应用于光伏、电子、医药、护理等各类发展迅速的最终消费者市场。瓦克有机硅是全球最大的有机硅产品生产商之一，供应2800多种高度专业化的创新型产品，种类涵盖有机硅基油类、乳液、树脂、弹性体、密封剂、硅烷、硅烷改性聚合物、气相二氧化硅等。产品能够有效提高客户最终产品的价值与功效，为客户创造显著的增值效应。,https://www.wacker.com,https://exhibitors.informamarkets-info.com/event/2026Medtec/en-US/exhibitor/467545/wacker-chemicals-(china)-co--ltd,
优德精密工业（昆山）股份有限公司,"JOUDER PRECISION INDUSTRY (KUNSHAN) CO., LTD",N3-C202,N3,CHINA,cat-15,"超过四十年专业制造经验积淀: 形成以精密模具零部件、医疗器械、与自动化设备零部件为核心的三大业务板块，涵盖汽车、机床、自动化、医疗等关键行业。拥有经验丰富的研发团队和遍布全国的营销服务网络,专注于对产品质量的追求和更专业贴心的服务。致力于成为精密制造行业领先品牌；始终以客户为中心，满足客户需求为宗旨；以优德品质缔造信赖口碑。优德始终追求卓越，成就一流，聚焦技术创新、匠心铸就品质，探索绿色生产，成就客户信赖。为世界分享优德智慧、优德品质、优德信赖。",https://www.jouder.com,https://exhibitors.informamarkets-info.com/event/2026Medtec/en-US/exhibitor/467615/jouder-precision-industry-(kunshan)-co---ltd,
宁波益伽亿医疗科技有限公司,"Yi Plus One Medical Technology Co., Ltd.",N3-A202,N3,CHINA,cat-13,宁波益伽亿医疗科技有限公司，是一家集医疗器相关吸和注塑的设计、生产以及销售为一体的公司，所用材料包会PET、PETG、PP、PS、PC和ABS等。公司在医疗器械领域深耕已二十余载。公司拥有万级洁净车间3000余平方米，配备30台住友、发那科注塑机，16台全自动一体吸塑机;还配置一个拥有20台北京精雕的模具加工车间;并设有理化实验室和微生物实验室。公司已通过sGs的I5013485认证，拥有按GMP建造和管理的I507级(万级)车间及完善的检测设备。内部实验空可以完成多种测试，可以满足国内外客户对产品的质量要求。,,https://exhibitors.informamarkets-info.com/event/2026Medtec/en-US/exhibitor/467668/yi-plus-one-medical-technology-co---ltd-,
深圳市力威发五金制品有限公司,"SHENZHEN LIWEIFA HARDWARE PRODUCTS CO,LTD",N1-B801,N1,CHINA,cat-02,深圳市力威发五金制品有限公司创建于2000年，位于中国制造名城深圳，从事专业生产医用介入类导丝，可按客户具体要求提供OEM生产、并可生产胃管、内窥镜弹簧管等医用弹簧，双股钢绳、钢丝PTFE涂层，各种线类成型。   公司拥有洁净车间，纯化水系统，并从国外引进成套先进加工设备和检验设备，公司在精密弹簧成型，精密线材磨削，精密焊接等方面在国内具有较深的枝术功底。可为客户提供更高研发和技术服务。   本着品质、服务、诚信、创新的理念，以最优质量和优惠价格，竭力于新老客户携手并进，共创末来！,https://szlwftanhuang.1688.com/,https://exhibitors.informamarkets-info.com/event/2026Medtec/en-US/exhibitor/467669/shenzhen-liweifa-hardware-products-co-ltd,https://image.imconlinereg.com/mm-mtc/2025-08-07/FBA5524CF80C3B352A5F0A97CBCCDD39.pdf
东莞市庚盈精密模具有限公司,"Company name: Dongguan Gowin Precision Mold  Co.,Ltd",N3-B102,N3,CHINA,cat-09,"2009年8月总公司在深圳市公明镇安佳工业园正式成立运行。公司成立初期，引进台湾及日本精密的加工、检测设备，集先进的生产加工技术，生产出符合国际标准的高品质标准零配件产品，服务于各大国内模具企业及国外模具企业，拥有员工80多人，年产值大约1500万。2012年9月因公司规模拓展需要，公司在东莞黄江成立新厂，建筑面积约10000m²,我司拥有独立厂房、独立办公楼及宿舍，同时.扩大精密仪器设备投入，积极引进日本、台湾先进仪器设备.2018年年初计划投入四千万的欧洲精密加工设备，10月“东莞市庚盈精密模具有限公司”正式成立运营。整批进口设备包括精密CNC加工中心、镜面电火花、镜面线切割、坐标磨床、内外圆磨床、CNC数控车床等，设备最高加工精度为0.0002-0.005。为新老客户提供高精密的非标零件及模仁全加工。提供高精密零件及模仁全加工的同时我司也承接国内精密医疗、日用、化妆品包装模仁和出口模仁。",https://Http//:www.gowinmold.com,https://exhibitors.informamarkets-info.com/event/2026Medtec/en-US/exhibitor/467670/company-name--dongguan-gowin-precision-mold--co--ltd,
泓瑞领航（泰州）新材料科技有限公司,"Holdreal（taizhou）Advanced Materials Technology Co., Ltd.",N2-A511,N2,CHINA,cat-15,泓瑞领航(泰州)新材料科技有限公司是专注高端医疗导管研发生产的创新型企业，核心聚焦精密挤出导管、复合编织管、复合绕簧管三大方向深耕布局。依托成熟的精密成型核心工艺，搭建标准化专属产线，实现全流程闭环质控与千万支级规模化交付，产品性能适配血管介入等多临床场景。主打医疗导管 OEM 定制服务，以高精准、多品类、稳交付的核心能力，成为医疗器械企业优质合作伙伴，助力国产高端医疗导管产业升级。公司有超500平十万级洁净厂房，并已通过ISO13485:2016体系认证。,https://www.holdrel.cn,https://exhibitors.informamarkets-info.com/event/2026Medtec/en-US/exhibitor/467671/holdreal（taizhou）advanced-materials-technology-co---ltd-,https://image.imconlinereg.com/mm-mtc/2026-06-08/E7CAD0275192F0B1DA1A038CC93D1621.pdf;https://image.imconlinereg.com/mm-mtc/2026-06-08/C9B5E38D39243C24B863B956BAED10D2.pdf
孚曼瑞贸易(上海)有限公司,"Formerra Trading (Shanghai) Co.,Ltd.",N2-H307,N2,CHINA,cat-01,Formerra是全球领先的工程材料分销商，致力于连接世界顶级聚合物生产商与医疗保健、消费品、工业及交通领域数千家原始设备制造商（OEM）和品牌商。凭借技术与商业专长，我们以独特的深度产品组合、强劲的供应链实力、行业洞察力、卓越服务、领先的电子商务能力及创新思维为核心驱动力。经验丰富的Formerra团队助力跨行业客户以全新及更优的方式完成产品设计、选材、加工与开发——从而提升性能、生产效率、可靠性及可持续性。了解更多信息，请访问：www.formerra.com,https://www.formerra.com,https://exhibitors.informamarkets-info.com/event/2026Medtec/en-US/exhibitor/468229/formerra-trading-(shanghai)-co--ltd-,https://image.imconlinereg.com/mm-mtc/2026-07-23/E73826E814BE9730FAA36D7B4A3E4979.pdf;https://image.imconlinereg.com/mm-mtc/2026-07-23/E1BF900E54FE30F2A0835BAF49894EEF.pdf
保定康强医疗器械制造有限公司,"Baoding Kangqiang Medical Instrument Manufacturing Co., Ltd.",N3-H709,N3,CHINA,cat-15,保定康强医疗器械制造有限公司成立于2012年，位于河北省保定市满城区，公司占地面积35000㎡，建筑面积25000㎡，研发面积3000㎡，是“河北省骨科手术医疗器械 技术创新中心”。公司致力于骨科手术器械的研发、生产、销售和服务。公司拥有三坐标测量仪、全自动投影仪、光谱仪等高精度检测设备，以及多台五轴数控加工中、双主轴加工中心、纵切机床等智能生产设备，并自主研发ERP管理软件。依托独立开发的ERP管理平台而高效运行的生产系统，使我公司能够保证客户的各种需求。公司与多家国内外医疗器械公司建立了加工合作关系，并与国外公司共同研发出髋臼锉、髋关节翻修工具、碎骨机等多项具有自主知识产权的关节手术器械。,http://www.kangqiangyiliao.com,https://exhibitors.informamarkets-info.com/event/2026Medtec/en-US/exhibitor/469878/baoding-kangqiang-medical-instrument-manufacturing-co---ltd-,https://image.imconlinereg.com/mm-mtc/2026-05-13/A75EC6BB7ED76D55B15564E952882C00.pdf
深圳市明致道电子有限公司,Shenzhen Silver Technologies Ltd,N1-A707,N1,CHINA,cat-02,深圳市明致道电子有限公司，专注于贵金属合金材料领域，凭借深厚熔炼技术底蕴，为客户提供定制化解决方案。我们快速响应特殊产品技术需求，保障即时交货，产品覆盖铂铱丝、铂钨丝、铂镍丝、铂丝、钽显影环、铂铱管坯，铂铱显影环、纯金丝、纯银丝、镀金钨丝、不锈钢丝，靶材，三色/四色超微细平行线，贵金属复合异形线及贵金属涂层等。 我们始终以客户需求为核心，用心聆听、精准适配，力求每一份产品都成为助力客户发展的可靠伙伴，以专业、高效与真诚，携手客户共探价值新境，共创行业美好未来 。,https://szsilver.en.made-in-china.com/,https://exhibitors.informamarkets-info.com/event/2026Medtec/en-US/exhibitor/469879/shenzhen-silver-technologies-ltd,https://image.imconlinereg.com/mm-mtc/2026-04-08/EAC5782D922EB30627AE284693DE4B6F.pdf
赢创特种化学（上海）有限公司,"Evonik Specialty Chemicals (Shanghai) Co., Ltd",N2-G201,N2,GERMANY,cat-01,赢创（Evonik）致力于为医疗健康领域提供从材料到器械半产品的系统化创新解决方案。RESOMER®是拥有40多年应用史的生物可吸收材料系列，其优异的生物相容性和可控降解和力学特性，广泛应用于骨科、心血管、伤口闭合及药物递送等领域。ENDEXO®是一种先进的表面改性技术，用于提升植介入类器械的抗血栓、抗细菌粘附、抗结垢和降低摩擦系数性能，使得临床使用中更安全友好。位于上海的赢创医疗器械方案技术中心汇聚材料科学、应用开发及法规支持等多领域专家，配备完善的技术能力，为客户提供从概念设计、材料与工艺选择、产品成型与生产到测试评估的本土化的系统化解决方案，助力合作伙伴加速创新医疗器械的商业化进程。,https://www.evonik.com,https://exhibitors.informamarkets-info.com/event/2026Medtec/en-US/exhibitor/469881/evonik-specialty-chemicals-(shanghai)-co---ltd,https://image.imconlinereg.com/mm-mtc/2026-04-28/0E59951F7C703E12E6FE7A43A017FDD4.pdf;https://image.imconlinereg.com/mm-mtc/2026-07-14/5B9309CBAA2B796B3448D2AFE760AA1E.pdf
启东三松五金有限公司,"OIDONG SAMSOL HARDWARE CO., LTD",N1-C905,N1,CHINA,cat-02,三松五金，成立于2007年。专注于韩国SAMSOL强力弹簧、台湾simars标准弹黄&定制弹簧在中国市场的开拓，满足客户在工业弹黄的应用需求。三松饹守“服务第一，诚信守实，专注质量”的原则，致力于为用户提供充裕的库存，可靠的产品。企业使命:为合作伙伴创造价值、为员工增值提供平台、为国家发展贡献力量;价值导向:诚信守实、整体共赢、坚韧不懈;经营理念:持续化发展、社会责任感;三松公司有优质的供应体系，品质源头严格管控，常备30万件产品的库存，确保物料的安全稳定。严格的出入库检验、专业的质检团队、标准的操作流程以及完备的检验设备保客户产品质量同时三松可提供技术问题解决方案，支持非标设计,http://www.qdsunsong.com/company,https://exhibitors.informamarkets-info.com/event/2026Medtec/en-US/exhibitor/470053/oidong-samsol-hardware-co---ltd,https://image.imconlinereg.com/mm-mtc/2026-07-06/B9ABA56F2CAA5A10BF2FE55A74D554E0.pdf
深圳市川特电子科技有限公司,"Linconn Electronic Technology Co., Ltd,.",N1-G408,N1,CHINA,cat-08-3,"深圳市川特电子科技有限公司是一家专注于工业自动化领域的连接器及线缆组件设计、生产、销售和售后为一体的高新科技企业。公司拥有十多年连接专业设计经验，可为客户提供连接器和电缆组件一站式 解决方案，支持OEM/ODM个性化定制满足客户特殊需求。以优质产品、快速交期、先进生产设备和检验设备，共赢的价格，得到广大客户的认可。其主要产品广泛 地运用于各类工业自动化控制、通信、多媒体、电脑周边，军工，医疗，传播及测绘等行业。服务中小企業,不設最低起訂量。公司拥有十多年连接专业设计经验，可特别为客户提供整套特殊要求连接方案设计及加工。并对用户的产品使用过程中的后续问题提供及时、周详的技术支持。",https://www.linconn.cn、www.linconn.com,https://exhibitors.informamarkets-info.com/event/2026Medtec/en-US/exhibitor/470054/linconn-electronic-technology-co---ltd--,https://image.imconlinereg.com/mm-mtc/2026-07-13/BA3CC72E84E5BD1FF63016155DA60BF6.pdf;https://image.imconlinereg.com/mm-mtc/2026-07-13/FE31D6F356E79AAA134DCB3448527D39.pdf
东莞市艮电新材料有限公司,"Dongguan Gendian New Material Co.,Ltd",N2-H204,N2,CHINA,cat-05,是深圳市艮电科技开发有限公司于2015年在东莞市大朗镇建立的第二生产基地，本公司专注于高温热收缩套管的研发、生产与销售的专业厂商。公司主要产品包括：耐高温硅胶热缩管(***产品）、硅橡胶套管、硅胶缠绕管、铁氟龙热收缩管（PTFE、FEP和PFA）、双层铁氟龙热缩管、铁氟龙套管（PTFE、FEP/PFA）、PVC套管等。目前是世界上唯一能同时生产有机硅材料和氟材料高温热缩套管的厂家，并取得国家***一项(***号：ZL 200710076839.3）。,http://gendian.cnpowder.com.cn,https://exhibitors.informamarkets-info.com/event/2026Medtec/en-US/exhibitor/470055/dongguan-gendian-new-material-co--ltd,https://image.imconlinereg.com/mm-mtc/2025-09-04/06B4F765FC868543DD90C04D3F243B60.pdf
上海真兰精密模具有限公司,"Zenner Precision Mould (Shanghai) Co., LTD",N3-B208,N3,CHINA,cat-09,上海真兰精密模具成立于2016年，是一家集研发，设计，生产，销售，服务于一体的科技创新公司。 注册资金8000万，现运行体系为S013485. 公司拥有万级和万级无尘车间。 公司专注于注塑模具，注塑成型的生产制造。 产品领域为医疗器械注塑件零部件； 公司从前期打样， 产品设计， 产品生产和产品加工提供专业服务， 为客户提供高品质的产品。,https://www.zenner-mould.com/,https://exhibitors.informamarkets-info.com/event/2026Medtec/en-US/exhibitor/470056/zenner-precision-mould-(shanghai)-co---ltd,
苏州瀚尔馨塑胶制品有限公司,"Suzhou Health Plastic Products Co., Ltd",N2-A807,N2,CHINA,cat-01,从事一次性医疗耗材，高分子制品等塑料耗材的现代化生产型企业，提供产品开发，模具制造，注塑生产，组装，医用包装等一系列服务，公司占地面积2500平米，十万级净化车间，具有自动化生产，组装能力.,,https://exhibitors.informamarkets-info.com/event/2026Medtec/en-US/exhibitor/470057/suzhou-health-plastic-products-co---ltd,
青岛洲际钢铁有限公司,QINGDAO INTERCONTINENTAL STEEL LIMITED,N3-A205,N3,CHINA,cat-14,青岛洲际钢铁有限公司是一家专业的特殊钢经销商，经营的主要产品有：工模具钢、锅炉压力容器钢板、高强度钢板、耐磨钢板，以及高氮马氏体不锈钢等等。我们在供应高品质特殊钢材料方面具有丰富经验。我们的客户遍布多个行业，包括汽车、电子、医疗、石油天然气、工程机械，以及轴承等等。随着国内制造业技术的飞速发展，各行业对特殊钢材料性能提出了更高要求，而传统工具钢已无法满足这些高要求的生产环境。青岛洲际钢铁有限公司以市场需求为导向，致力于打破传统工具钢的应用观念，精准开发创新，持续推出高稳定性的高品质工具钢材料，为用户解决生产难题，提高生产效率。,https://www.interconsteel.com,https://exhibitors.informamarkets-info.com/event/2026Medtec/en-US/exhibitor/470058/qingdao-intercontinental-steel-limited,https://image.imconlinereg.com/mm-mtc/2026-07-07/4D3B4EDBD766809EF9F82CC692842EE7.pdf;https://image.imconlinereg.com/mm-mtc/2026-07-07/3E38109C53B0B37FB591FC6949039274.pdf
河北康誉医疗器械有限公司,Hebei Coury Medical Technology Inc.,N2-A502,N2,CHINA,cat-15,河北康誉医疗器械有限公司是一家专注于介入医疗器械领域的国家高新技术企业，成立于2020年，总部位于中国（河北）自由贸易试验区正定片区。公司拥有11.2万㎡研发生产基地，构建全产业链运营体系。依托北京、上海、石家庄三大研发中心，产品覆盖通用、冠脉及外周介入领域，涵盖导丝、导管、球囊、鞘组等高值耗材，提供安全可靠的国产化解决方案。未来，公司将深耕心脑血管、外周血管及肿瘤、消化、呼吸等介入领域，提升创新与智能制造能力，致力于成为源自中国、服务全球的领先品牌。,https://www.courymed.com/,https://exhibitors.informamarkets-info.com/event/2026Medtec/en-US/exhibitor/470143/hebei-coury-medical-technology-inc-,https://image.imconlinereg.com/mm-mtc/2026-07-10/B20EBDE27A133B4165F60926A346AF15.pdf;https://image.imconlinereg.com/mm-mtc/2026-07-10/C315F66141EA056C194264EBA6A83C44.pdf
东莞市华拓超声波设备有限公司,"Dongguan Huatuo Ultrasonic Technology Co.,Ltd",N3-A508,N3,CHINA,cat-14,东莞市华拓超声波设备有限公司是一家研制、开发、生产销售为一体的高端超声波科技企业！  公司拥有强大的技术研发团队，自公司成立起一直持续的钻研超声波焊接技术。经过多年的不懈努力，不断验证，不断完善，公司于2018年成功研发了新一代IQ高端智能超声波焊接机，此系列设备达到国内顶尖技术，是一款完全能代替欧美科技的超声波焊接机！  IQ高端系列超声波焊接机功能非常强大，对那些难熔材质、高强度要求或焊接结构未进行优化的产品一律完美焊接。使用我们的超声波焊接工艺可以确保您保持行业领先地位。  华拓一直专注于焊接服务，华拓团队拥有超强的评估、指导、设计能力，华拓可以免费为您提供专业的焊接方案。,http://www.dghuatuo.cn/,https://exhibitors.informamarkets-info.com/event/2026Medtec/en-US/exhibitor/470144/dongguan-huatuo-ultrasonic-technology-co--ltd,
上海占国工贸有限公司,"Shanghai Zhanguo Industry&Trade Co.,Ltd.",N3-B506,N3,CHINA,cat-13,上海占国工贸有限公司自2005年成立以来，一直是您的包装解决方案供应商。我们围绕客户的需求持续创新，致力于为企业提供一站式综合包装服务，涵盖解决方案设计、包装产品制造、仓储物流和现场包装。我们不断努力改善客户体验，持续为客户创造价值。目前占国的包装解决方案已为500余家企业提供专业的包装方案。,,https://exhibitors.informamarkets-info.com/event/2026Medtec/en-US/exhibitor/470145/shanghai-zhanguo-industry-trade-co--ltd-,
山东英龙智联增材技术有限公司,"Shandong INLONG Zhilian Additive Manufacturing Technology Co., Ltd.",N1-G708,N1,CHINA,cat-10,“英龙智造”2014年建厂，位于青岛即墨，自有厂房7000+㎡。公司专注于非金属高速3D打印设备的自主研发、设计与生产，并以自产 3D 打印设备为主，建立区域3D打印服务中心，成为融合数控机加工、数控钣金、3D打印等多种加工工艺的一体式增洞材制造服务商，广泛服务于汽车制造、航空航天、无人机、智能机器人、医疗器械等多个高端制造领域。,https://www.inlong-china.com,https://exhibitors.informamarkets-info.com/event/2026Medtec/en-US/exhibitor/470512/shandong-inlong-zhilian-additive-manufacturing-technology-co---ltd-,https://image.imconlinereg.com/mm-mtc/2026-04-28/BEE7B68D507B7FD74FBF68F0D95BDBA2.pdf
苏州明出材料科技有限公司,"SUZHOU MINGCHU MATERIALS TECHNOLOGY CO.,LTD",N2-H310,N2,CHINA,cat-01,自有工厂——控制品质和交期；品牌代理——充裕产品线；贸易业务——提供灵活服务。作为工程塑料界的一家新锐公司，我们最大的优势正是没有历史包袱，能更敏捷、更创新地响应市场变化，将全部精力服务于每一位客户。核心团队在工程塑料领域已深耕超过十年。我们深刻理解行业内的周期与挑战。,,https://exhibitors.informamarkets-info.com/event/2026Medtec/en-US/exhibitor/470513/suzhou-mingchu-materials-technology-co--ltd,https://image.imconlinereg.com/mm-mtc/2026-03-04/81B3CE379A92F619E685DEA18D42BD2F.pdf
广东爱沃硅胶科技有限公司,"Guangdong AIWO Silicone Technology Co., Ltd",N2-A103,N2,CHINA,cat-01,广东爱沃硅胶科技有限公司自 2014 年成立以来，专注于液态硅胶制品的研发与生产。公司建立了从产品设计、精密模具开发到自动化生产的全流程服务体系，配备独立模具车间及德国罗德斯精加工设备，确保高精度模具开发品质。生产车间拥有万级 / 十万级无尘车间及 38 台先进液态硅胶注射成型设备，搭配自动化取件设备，满足医疗器械行业的高标准生产需求。,https://www.aiwooem.com,https://exhibitors.informamarkets-info.com/event/2026Medtec/en-US/exhibitor/470514/guangdong-aiwo-silicone-technology-co---ltd,https://image.imconlinereg.com/mm-mtc/2025-07-16/5211AFE1DFD204560215B845E46A0E19.pdf;https://image.imconlinereg.com/mm-mtc/2026-05-14/B7E24ABDB4F6A79FEB2433AE7CF974AE.pdf
湖州金钛导体技术有限公司,"Huzhou Jintai Conductor Technology Co., Ltd.",N1-H710,N1,CHINA,cat-02,湖州金钛导体技术有限公司位于长兴县李家巷镇，是一家极具创新意识的省级专精特新高新技术企业，公司以技术研发为发展核心，企业定位精密合金材料等先进导体材料研发生产。广泛应用于医疗及精密仪器线材及导体、车辆、电机、电子、国防及工业线缆等领域，可填补国内相关产品不足，完善国内高端导体制造产业链，技术指标可达到国际领先水平，经济效益显著。,,https://exhibitors.informamarkets-info.com/event/2026Medtec/en-US/exhibitor/470515/huzhou-jintai-conductor-technology-co---ltd-,
山东三泉中石实验仪器有限公司,"Shandong Sumspring Experimental Instrument Co., Ltd.",N4-D306,N4,CHINA,cat-17,山东三泉中石实验仪器有限公司是一家集技术研发，产品设计，生产和营销于一体的工贸结合型企业。公司专注于一次性医疗器械、医用产品质量检测设备及其包装材料检测设备的研发与推广，拥有多位高级工程师，专业的生产制造，质检团队，打造了一整套完善的售前，售中，售后服务体系，真正做到“客户至上”，竭诚为每一位客户提供周到、贴心的服务。     公司主营产品涵盖医用注射针管检测仪器、医用注射器检测仪器、医用胶带检测仪器、输液器器材检测仪器、一次性手术器材检测仪器及包装检测仪器。产品广泛应用于一次性医用产品、医疗器械、医疗用品包装的各类物理性能测试、检验。,https://www.sumspring.com,https://exhibitors.informamarkets-info.com/event/2026Medtec/en-US/exhibitor/470516/shandong-sumspring-experimental-instrument-co---ltd-,https://image.imconlinereg.com/mm-mtc/2026-07-24/C6ABA056ED11075F8FE38D941A8FCB15.pdf
苏州美威尔医疗科技有限公司,"Suzhou Medwell Medical Technologies Co., Ltd.",N2-C706,N2,CHINA,cat-01,专注于医疗器械精密橡胶配件市场的合同制造商。主要服务于I II III类医疗器械设备配件市场，如助听设备、诊断设备、监护设备、液体传输设备、护理设备、植入设备等相关橡胶部件应用市场。,http://www.medwelltec.com,https://exhibitors.informamarkets-info.com/event/2026Medtec/en-US/exhibitor/470517/suzhou-medwell-medical-technologies-co---ltd-,
深圳市合川医疗股份有限公司,"Hochuen Medical Technology Co., Ltd.",N3-G405,N3,CHINA,cat-15,深圳市合川医疗股份有限公司是一家以微流控芯片技术为核心驱动力的CDMO公司。作为国家级专精特新“小巨人”企业，我们专注于为生命科学领域（包括体外诊断、消费医疗、医疗器械）提供从研发到规模化生产的先进制造解决方案。合川医疗拥有经验丰富的微流控专家团队，可实现微米级芯片的批量生产，具有高精密模具制造、可实现单色、双色（硬胶-硬胶，硬胶-软胶）精密注塑、液态硅胶注塑，精密模切、机加工、激光切割、激光焊接、超声焊接、分子键合、UV固化、试剂包/Blister制作、干试剂、化学表面处理、FPC组装、芯片集成组装和成品包装工艺。,https://www.hochuen-medical.com,https://exhibitors.informamarkets-info.com/event/2026Medtec/en-US/exhibitor/470518/hochuen-medical-technology-co---ltd-,
浙江环龙新材料科技有限公司,ZHEJIANG HUANLONG NEW MATERIAL SCIENCE & TECHNOLOGY CO.LTD,N2-A710,N2,CHINA,cat-01,浙江环龙新材料科技有限公司（以下简称“环龙新材”） 成立于2007年，是一家热塑性聚氨酯薄膜（TPU薄膜）的专业制造商，是国内较早拥有流延和吹膜工艺制造技术的生产型企业。   环龙坐落于浙江省义乌市，总投资超过1500万美元。经过十多年的发展和技术积累，环龙不仅与国内外相关领域的一线品牌客户、院校、供应商建立了战略合作，同时荣获浙江省2020年主板上市培育企业。环龙公司拥有义乌、丽水和南阳三大生产基地，同时在义乌和上海建立了研发中心。环龙公司还在上海闵行区建立了营销中心。环龙TPU薄膜以其优异的特性，在功能性面料、医疗耗材，汽车内饰件、运动鞋材等不同领域有着广泛应用，期待您的加入。,https://www.tpuhuanlong.com,https://exhibitors.informamarkets-info.com/event/2026Medtec/en-US/exhibitor/470565/zhejiang-huanlong-new-material-science---technology-co-ltd,https://image.imconlinereg.com/mm-mtc/2026-05-20/41E75684E798AF819DD0EBC55CAAD83D.pdf
中兴化成贸易（上海）有限公司,"Chukoh chemical（Shanghai）Trading.,LTD.",N2-B405,N2,JAPAN,cat-01,自成立于1963年起，中兴化成工业株式会社已在研发领域进行大量研究，专注于特点与其他材料不同的氟树脂。 公司产品种类繁多，包括PTFE多腔导管、粘胶带、FEP热收缩软管等。我们的责任与义务在于，运用自身所培养起来的技术开发实力，通过生产高性能塑料来创造未来。 我们相信，我们所培养出的独有人力、物力资源居于世界最高水平，而将其最大限度的投入充分运用，可以为我们自身以及整个人类社会做出贡献。 为了充分运用，我们必须始终坚持了解客户需求，以满足客户需求为目标而创造附加价值。,https://www.chukoh.com.cn/,https://exhibitors.informamarkets-info.com/event/2026Medtec/en-US/exhibitor/470643/chukoh-chemical（shanghai）trading--ltd-,https://image.imconlinereg.com/mm-mtc/2025-07-17/2221EA9C0B56F410274BE0C63A83BC23.pdf
宁波氟懿高分子材料有限公司,"NINGBO FUYI POLYMER MATERIALS CO.,LTD",N2-F604,N2,CHINA,cat-01,"宁波氟懿高分子材料有限公司坐落于浙江省宁波奉化区,注册资本2800万元,公司通过ISO13485:2016质量管理体系认证。氟懿高分子主要生产医疗器械用的各种树脂管,包括PTFE蚀刻管、PTFE/FEP/PFA/PVDF/PEEK/PEBAX/PE/PET挤出管、PTFE/FEP/PFA/PVDF/PEEK/PEBAX/PE/PET医用热缩管以及各种材质的显影管和可撕裂管、单层双层钳道管、插入管。",,https://exhibitors.informamarkets-info.com/event/2026Medtec/en-US/exhibitor/470644/ningbo-fuyi-polymer-materials-co--ltd,https://image.imconlinereg.com/mm-mtc/2026-07-06/47093CD82F4ED393B8940E87336E33DF.pdf;https://image.imconlinereg.com/mm-mtc/2026-07-06/7863D7A511CA22E48C56805657A68929.pdf
广州华腾生物医药科技有限公司,"Guangzhou Huateng Biomedical Technology Co.,Ltd.",N4-C510,N4,CHINA,cat-17,广州华腾生物医药科技有限公司（下称“华腾生物”）是一家从事生物医药临床前研发技术服务的国家高新技术、专精特新企业，公司聚焦生物医药研发外包服务（CRO）领域，以大动物模型为核心，为医疗器械提供临床前有效性与安全性评价一站式服务。公司国内外资质齐全（OECD-GLP，AAALAC，CMA，CNAS）、动物模型研发能力强，截止目前已成功助力全球300余个产品完成注册申报，是粤港澳大湾区内规模领先的临床前研发服务机构。,https://en.htscience.com/,https://exhibitors.informamarkets-info.com/event/2026Medtec/en-US/exhibitor/470669/guangzhou-huateng-biomedical-technology-co--ltd-,https://image.imconlinereg.com/mm-mtc/2026-07-03/5618847D7A0AC7C7E9434C360933A008.pdf;https://image.imconlinereg.com/mm-mtc/2026-07-03/30CDA15D582AD1E2445088F38D4A145E.pdf
江苏青昀新材料有限公司,"Kingwills Advanced Materials Co., Ltd.",N4-B412,N4,CHINA,cat-13,青昀新材作为国家级专精特新“小巨人”企业，致力于成为全球新材料科技领军者。依托国家“十四五”新材料战略支持，成功突破海外世界500强企业在闪蒸法材料领域长达50多年的独家技术垄断，在工艺、设备、配方方面实现闪蒸法工艺从0到1的突破，自主创新研发的闪蒸法特种材料鲲纶™HYPAK™，填补了国内空白，已广泛应用于医疗、半导体、防护、建筑、水处理等近百个领域，有效破解“卡脖子”难题。鲲纶™HYPAK™不仅具备出色的微生物阻隔能力，保障医疗产品安全，更在物理强度与洁净剥离性上表现优异，同时适配EO、辐照、湿热灭菌（受控条件下）等多种主流灭菌方式，凭借卓越性能成为医疗器械灭菌包装的理想之选。,https://www.kingwills.com,https://exhibitors.informamarkets-info.com/event/2026Medtec/en-US/exhibitor/470783/kingwills-advanced-materials-co---ltd-,
深圳市沃尔核材股份有限公司,"Shenzhen Woer Heat - Shrinkable Material Co., Ltd.",N2-F108,N2,CHINA,cat-05,"沃尔核材（002130）属国家支持发展的高新技术企业，专业从事辐射改性高分子材料的研发、生产和销售。产品广泛应用于医疗、电子、电力、冶金、石化、汽车、高铁、煤矿、航空、航天、军工、新能源等领域。公司拥有全部产品自主知识产权和多项国际、国内发明专利,先后牵头和参与制定国家、行业标准及团体标准59项，检测实验室通过CNAS认证、通过ISO13485认证、ISO9001和ISO14001等国际体系认证、产品通电 ISO 10993检测、UL认证、CSA认证、KEMA等认证、及国家电力工业部电器设备质量检测及国家强制性产品(3C)认证。 在医疗领域，目前已完成医用FEP、聚烯烃、Pebax、TPU、PA、PVDF、PTFE、PFA、PI、PEEK等材料的开发，产品广泛用于医疗导管、导丝、球囊、内窥镜、电生理等医疗器械，沃尔医疗管已服务多家国内外医疗设备及器材制造商,为关键医疗设备及介入类医疗器材提供焊接、机械防护、耐磨、密封、消除应力、绝缘耐压、耐化学性和标识等多种解决方案",https://www.woer.com,https://exhibitors.informamarkets-info.com/event/2026Medtec/en-US/exhibitor/470784/shenzhen-woer-heat---shrinkable-material-co---ltd-,https://image.imconlinereg.com/mm-mtc/2025-07-14/CE5711337392B045C1C0BD7803D9C766.pdf;https://image.imconlinereg.com/mm-mtc/2026-07-23/1DD203F2E900EED024049F16A3B3A5B9.pdf
江苏凌力医疗科技发展有限公司,"Jiangsu Ling Li Medical Technology Development Co.,Ltd",N1-C602,N1,CHINA,cat-15,江苏凌力医疗发展有限公司，专注于全链路精密医疗零生产。业务范围包括：精密加工、模具设计生产、注塑产品、快速样件、医用金属材料等。生产基地坐落于南通如皋，拥有研发、生产、经营、办公一体化的综合园区，已获得ISO9001与13485认证。,,https://exhibitors.informamarkets-info.com/event/2026Medtec/en-US/exhibitor/470785/jiangsu-ling-li-medical-technology-development-co--ltd,https://image.imconlinereg.com/mm-mtc/2025-08-06/B1C154EA37369B6F9B80F9019B9D631B.pdf
广东沃德精密科技股份有限公司,"Guangdong World Precision Technology Co., Ltd.",N1-D702,N1,CHINA,cat-15,沃德精密，一家集设计、制造、销售和服务于一体的国家级高新技术企业，在全球范围内为客户提供全工序精密零部件加工及装配解决方案。经过22年经验积累和技术沉淀，沃德实现了高质量跨越式发展，在精密零件加工、钣金加工、模组装配等主营业务领域持续深耕。沃德现有厂房建筑用地20万平方米，员工近3000人，拥有一支千人规模的高素质技工与技师团队。沃德精密集成零部件全工序一站式高精度加工及表面处理能力，能充分满足客户“多品种小批量”及“大批量”的定制需求。,https://www.world-machining.com,https://exhibitors.informamarkets-info.com/event/2026Medtec/en-US/exhibitor/470786/guangdong-world-precision-technology-co---ltd-,https://image.imconlinereg.com/mm-mtc/2025-06-19/3F207262BFDB8C5A3A553EA1C8B39F67.pdf
广州睿得实业有限公司,Ruide Technologies Inc.,N2-G406,N2,CHINA,cat-01,睿得成立于2004年，专注于医疗精密导管及特种线缆用高性能材料及制品的定制化解决方案。作为一家高新技术企业，我们拥有超过20年的材料改性与精密挤出加工经验，并与国内外多家医疗器械龙头企业长期战略合作，产品广泛应用于高要求的介入类医疗器械、诊断设备、电缆系统等领域，支持从研发、试产到量产的全流程技术服务。已取得ISO 9001、ISO 13485医疗器械质量管理体系等认证，严格确保产品质量与安全性，致力于为客户提供稳定、可靠的医疗材料产品与服务。·主要挤出材料：FEP、ETFE、TPU、Pebax、TPEE、PP、LDPE、尼龙弹性体等·主要添加助剂：BaSO₄、Bi₂O₃、钨粉等,http://ruideinc.com,https://exhibitors.informamarkets-info.com/event/2026Medtec/en-US/exhibitor/470787/ruide-technologies-inc-,https://image.imconlinereg.com/mm-mtc/2026-02-27/8FF7807CCE1F5D043CD789E1F26D1700.pdf;https://image.imconlinereg.com/mm-mtc/2026-02-27/7878E0A0D78A0E3C3C27230A2E2687B8.pdf
迈图高新材料集团,Momentive Performance Material Inc.,N2-C110,N2,CHINA,cat-01,迈图®是全球有机硅行业的引领者之一，拥有首个商业化有机硅工艺和产品的历史，在有机硅材料的研究，开发和生产方面，拥有超过80年的经验。迈图有机硅的产品广泛地应用于各个行业。 在医疗健康领域，迈图的产品包括液态硅胶LSR，固态硅胶HCR，硅凝胶Gel，以及客制化产品。产品的应用领域覆盖生物制药一次性反应器，医疗器械和医用耗材，先进伤口护理和皮肤护理，隐形眼镜，长期植入等。迈图持续为客户提供稳定先进的产品解决方案。,https://www.momentive.com,https://exhibitors.informamarkets-info.com/event/2026Medtec/en-US/exhibitor/470788/momentive-performance-material-inc-,https://image.imconlinereg.com/mm-mtc/2025-08-05/3BF2EE8B4290BAD9C57C2B3FD2BE69CD.pdf
苏州璟瑄科技有限公司,"Suzhou Jingxuan Technology Co., Ltd.",N1-C903,N1,CHINA,cat-03,苏州璟瑄科技深耕陶瓷注射成型(CIM)与静电消散防静电陶瓷改性全链路自研智造，自主完成喂料配方调配、生坯注射成型、脱脂烧结、超精密机加工四大核心工序，全面支持氧化铝(Al₂O₃)、氧化锆(ZrO₂)、氮化铝(AlN)等陶瓷材料的CIM量产。可稳定量产最小孔径 10μm 微孔零件、最小外径 0.7mm 微小零件、最薄壁厚 80μm 薄壁零件。CIM净成型(烧结不加工)典型公差±0.01mm(如φ2.0mm)，精度高、批量良率稳定；防静电陶瓷表面电阻率精准管控于10⁵~10⁹Ω区间，批次性能波动小，确保样品到量产的性能一致性。专注半导体设备、微创医疗器械、精密点胶及SMT领域。,https://www.kingstonetec.com/,https://exhibitors.informamarkets-info.com/event/2026Medtec/en-US/exhibitor/470789/suzhou-jingxuan-technology-co---ltd-,https://image.imconlinereg.com/mm-mtc/2026-03-02/D69C20065F5348BA10B65C3B2F71779B.pdf;https://image.imconlinereg.com/mm-mtc/2026-03-02/619056D8DFEF6007E979E812709ECEB8.pdf
江苏青昀新材料有限公司,"Kingwills Advanced Materials Co., Ltd.",N4-B212,N4,CHINA,cat-13,青昀新材作为国家级专精特新“小巨人”企业，致力于成为全球新材料科技领军者。依托国家“十四五”新材料战略支持，成功突破海外世界500强企业在闪蒸法材料领域长达50多年的独家技术垄断，在工艺、设备、配方方面实现闪蒸法工艺从0到1的突破，自主创新研发的闪蒸法特种材料鲲纶™HYPAK™，填补了国内空白，已广泛应用于医疗、半导体、防护、建筑、水处理等近百个领域，有效破解“卡脖子”难题。鲲纶™HYPAK™不仅具备出色的微生物阻隔能力，保障医疗产品安全，更在物理强度与洁净剥离性上表现优异，同时适配EO、辐照、湿热灭菌（受控条件下）等多种主流灭菌方式，凭借卓越性能成为医疗器械灭菌包装的理想之选。,https://www.kingwills.com,https://exhibitors.informamarkets-info.com/event/2026Medtec/en-US/exhibitor/471215/kingwills-advanced-materials-co---ltd-,
飞康祥精密模具(北京)有限公司,"Changzhou Daqian Science and Technology Stock Co.,LTD",N3-B205,N3,CHINA,cat-09,为响应京津冀一体化的政策，飞康祥精密模具(北京)有限公司把其中医疗项目搬迁至天安门正南 50公里的固安生产，并创建了佳讯塑胶模具(固安)有限公司，距北京大兴国际机场约12公里。是一家 从事医疗器械、检验仪器和一次性耗材生产及销售的企业，规模化生产，3000平米现代化厂房和万 级无尘车间，13台高速机 30台塑胶机 全自动化生产设备，满足批量化生产需求，专人跟踪，拥有日 产注塑产品20万套的生产加工能力 ，所有产品均全员参检，质检全检出货，交货周期有保障，已为上 百家客户成功开发产品。同时设有模具车间，承接各种注塑，塑胶等塑料制品的加工业务，以及模具 的设计与制作。公司始终以“科技创新，服务健康”为企业宗旨，视产品质量为企业生命，按照国际 质量标准建立了一整套严格的内部质量控制体系，实现“原料采购-生产-包装-灭菌-交付”的对接， 提升产品技术含量，增强核心竞争力的优势，除常规品的销售，同时向行业提供各种定制服务,https://www.czdaqian.com,https://exhibitors.informamarkets-info.com/event/2026Medtec/en-US/exhibitor/471216/changzhou-daqian-science-and-technology-stock-co--ltd,https://image.imconlinereg.com/mm-mtc/2026-02-09/5000AA5E31B2A501F5A593254352D2F9.pdf
昆山捷嵘发测控设备有限公司,"Kunshan Jierongfa Test Control Equipment Co.,Ltd.",N2-H302,N2,CHINA,cat-17,昆山捷嵘发测控设备有限公司2011年成立于江苏省昆山市，提供在线检测方案及销售检测仪器的高新技术企业。       捷嵘发业务主要涉及技术方案解决、检测仪器销售、软件定制开发、售后维修服务、计量校准服务（CNAS证书）。       公司拥有成熟的研发中心、调试组装车间、售后服务中心、计量检测中心，更好地为广大用户提供高效优质的专业定制开发的技术服务。,https://www.jerongfa.com,https://exhibitors.informamarkets-info.com/event/2026Medtec/en-US/exhibitor/471217/kunshan-jierongfa-test-control-equipment-co--ltd-,https://image.imconlinereg.com/mm-mtc/2026-07-14/0C2A084EAE90935FC33DE46CCC519ACE.pdf;https://image.imconlinereg.com/mm-mtc/2026-07-14/AB39AAB11559DC8DC64145E14A3DC7D3.pdf
浙江海利得新材料股份有限公司,"Zhejiang Hailide MedTech Co., Ltd",N2-B406,N2,CHINA,cat-01,浙江海利得医疗器械有限公司，简称海利得医疗，是一家专注于医用材料、医用纤维材料研发、生产与销售的现代化医疗科技企业。公司立足医疗健康产业，严格遵循国家医疗器械标准及行业质量管理体系，拥有标准化生产基地、万级洁净生产环境及全流程质量管控体系，确保产品安全稳定、品质可靠。公司主营各类医用高分子材料、医用改性材料、医用功能纤维材料等相关医用原料，产品具备优良的生物相容性，广泛应用于各类医疗器械产品。公司始终秉持以科技创新为引领、以品质安全为核心，深耕医用材料赛道，持续优化产品结构与生产工艺，致力于为客户提供专业、高效、稳定的医用材料整体解决方案,https://www.halead.com/,https://exhibitors.informamarkets-info.com/event/2026Medtec/en-US/exhibitor/471218/zhejiang-hailide-medtech-co---ltd,
宿迁麦迪斯合金有限公司,"Suqian Medix Alloy Co., Ltd",N1-H209,N1,CHINA,cat-02,宿迁麦迪斯合金有限公司(简称“麦迪斯合金”)是韩国C&C WIDE株式会社控股企业，注册成立于宿迁市沭阳县国家级经济技术开发区。 麦迪斯合金在镍钛记忆合金方面拥有先进、成熟的技术和经验，主要从事医用镍钛记忆合金及其制品和植入类材料的研究、开发、制造、加工。 公司具有完善的质量管理体系和精干的技术研发团队，目前拥有年产50吨的生产和供货能力，可以为新老客户提供优质和及时的服务。,https://www.medixalloy.com,https://exhibitors.informamarkets-info.com/event/2026Medtec/en-US/exhibitor/471219/suqian-medix-alloy-co---ltd,
佛山市阜腾精密五金有限公司,"Foshan Futeng Precision Hardware Co., Ltd",N1-C505,N1,CHINA,cat-02,"阜腾精密成立于2013年10月1日位于风景优美、经济繁荣的佛山顺德容桂。是一家以研产销为一体的现代化智造配套型企业，现为7家上市公司战略合作伙伴，研发生产定制各类精密五金。主营冲压件、CNC弹簧、CNC轴、模组等业务。荣获广东省优秀企业、规上企业、高新技术企业、AAA质量体系认证、AAA信用级企业等荣誉。产品覆含家用电器、医疗器械、汽车五金配件、锁业、玩具、手机等，以质量稳定交付及时,出样快在广大用户中赢得了良好的信誉。阜腾精密：现在与13家上市公司战略合作伙伴，主营业务：精密五金，弹簧CNC数控车床件，模组块配套生产。荣获：广东省优秀企业，规上企业，高新技术企业，AAA质量体系认证，AAA信用级企业等荣誉。现公司拥有几十台电脑弹簧机，电脑压簧机，线成型机，和几十台进口精密高速冲压设备冲床，生产产品精度高，固定设备资产投入超2000万元。专业生产研发定制解决各种高难度精密五金产品。阜腾精密所生产的产品广泛用于各大电子、医疗器械、新能源连接片配件、汽车五金配件，锁业，开关玩具、打印机、复印机、手机、汽车音响、卫浴、家用电器，饰品等各型企业;以定制出样快，生产交货及时，质量稳定可靠而在广",,https://exhibitors.informamarkets-info.com/event/2026Medtec/en-US/exhibitor/471220/foshan-futeng-precision-hardware-co---ltd,https://image.imconlinereg.com/mm-mtc/2025-05-04/566F6C0CF7CD830DD64DF6EC25E94C27.pdf
天津艾沃智能科技发展有限公司,"Tianjin Aiwo Intelligent Technology Development Co., Ltd.",N3-G105,N3,CHINA,cat-11,天津艾沃智能科技发展有限公司成立于2019年11月，专注从事集研发、设计、生产和销售集一体的医疗设备高新制造型企业。主要产品包括：TPU球囊成型机、球囊分瓣折叠机、气管插管半自动穿簧机、PVC头端焊接机、气管插管半自动套囊机、倒灌胶设备、半自动智能拉力机等   公司设备勇于创新，先后研发了二十几项自主专利。对客户和所销售设备均建立了详细的管理档案，以便提供完善的技术服务及售后。,https://www.aiwozhineng.com,https://exhibitors.informamarkets-info.com/event/2026Medtec/en-US/exhibitor/471296/tianjin-aiwo-intelligent-technology-development-co---ltd-,https://image.imconlinereg.com/mm-mtc/2026-05-18/9348FB967B69F3333A44818069688466.pdf
东莞市全视光电科技有限公司,"ANYVIEW O.E.CO.,LTD",N1-G706,N1,CHINA,cat-08-4,东莞市全视光电科技有限公司是专注于摄像头模组研发、生产和销售的高新技术企业，自2010年成立以来，深耕图像传感技术与光学领域的创新研发。公司产品广泛应用于医疗内窥镜、工业内窥镜、智能终端、消费电子、智能机器人、无人机及智能驾驶等多个领域。公司拥有CMOS图像传感和光学领域资深专家组成的团队，在研发、生产及质量管控方面经验丰富。我们以客户需求为核心，紧跟技术前沿，优化产品设计与性能，建立完善的质量及售后服务体系，积累了良好市场声誉，可提供从预研开发、设计打样到批量生产的专业化一条龙定制服务，满足客户多元化需求。,https://www.anyviewgd.com,https://exhibitors.informamarkets-info.com/event/2026Medtec/en-US/exhibitor/471297/anyview-o-e-co--ltd,
驼人集团企业业务,Corporate Business Division of Tuoren Group,N3-H409,N3,CHINA,cat-15,"1.驼人集团医疗配件业务，全面覆盖麻醉、护理、外科、介入、血液净化等 40 余类细分领域，拥有3万余项细分配件品类，资质体系完善健全，持有 500 余张产品注册证（多数配件均单独持证），能够一站式满足医疗器械生产企业的多元化采购需求。2.驼人集团注册检测业务，拥有CNAS认可、CMA认证，检测资质5000余项。实验室拥有各类国内外先进检测设备千余台,价值达16000余万元,设有物理、化学、生物、电磁兼容、电气安全5大科室,是国家药品监督管理局高级研修学院教学基地、国家药品监督管理局国家医用生物防护及植入器械质量评价重点实验室。3.驼人集团电子束辐照业务，依托丰富的灭菌验证经验、辐照技术及专业的研发团队，可为客户量身定制完整、适配且具成本效益的辐照灭菌解决方案。灭菌中心现配备两套能量为10Mev、额定束流功率为20kW的大功率电子直线加速器，设计产能达30万立方米，已通过欧盟CE质量体系认证,并严格遵循GB/T42061/ISO13485医疗器械质量管理体系(用于法规要求)及GB18280/S011137医疗保健产品灭菌辐射系列标准。",,https://exhibitors.informamarkets-info.com/event/2026Medtec/en-US/exhibitor/471298/corporate-business-division-of-tuoren-group,https://image.imconlinereg.com/mm-mtc/2026-04-08/EFF9B353AB031FA95DCCF5EA69111924.pdf
浙江宏泰锆业科技有限公司,"Zhejiang HongTai Zirconium Technology CO.,Ltd",N2-F801,N2,CHINA,cat-03,浙江宏泰锆业科技有限公司位于美丽的德清莫干山脚下，东望上海、南接杭州，紧贴杭宁高速公路和申嘉湖高速公路，交通十分便利，是专业从事研发、生产和经营锆系列制品的高新技术企业。主要产品有推剪刀片、光纤套管、结构陶瓷  、机械部件、陶瓷纺织件、陶瓷手表配件、陶瓷刀具等。       公司引用等静压、注射、流涎、干压等设备，生产工艺先进。我公司生产的氧化锆陶瓷制品，以其高硬度、耐高温、电绝缘、比重轻、无磁性且耐磨损的多种优越性，广泛应用于化工、机械、轻纺、医疗、食品、民用装饰等各个领域。,https://www.zjhtgy.cn,https://exhibitors.informamarkets-info.com/event/2026Medtec/en-US/exhibitor/471343/zhejiang-hongtai-zirconium-technology-co--ltd,
上海骄成超声波技术股份有限公司,"SBT Ultrasonic Technology Co., Ltd.",N3-B601,N3,CHINA,cat-10,上海骄成超声波技术股份有限公司（以下简称“骄成超声”）成立于2007年，坐落于上海“大零号湾”科技创新策源功能区，背靠上海交通大学，是专业提供超声波设备及应用解决方案的高科技实体企业。2022年9月，骄成超声成功在上交所科创板上市（股票代码：688392）。  骄成超声面向新能源电池、半导体、汽车线束、橡胶轮胎、食品包装、卫生用品、医疗等多个行业客户提供超声波整体解决方案。,https://www.sbt-sh.com,https://exhibitors.informamarkets-info.com/event/2026Medtec/en-US/exhibitor/471594/sbt-ultrasonic-technology-co---ltd-,https://image.imconlinereg.com/mm-mtc/2025-05-12/511DAD39146A8D4E043F2B7D6261967C.pdf;https://image.imconlinereg.com/mm-mtc/2026-06-11/1506A4190B5E9FF7A4D4862DCA292283.pdf
昆山小可智造设备科技有限公司,"KUNSHAN COROBOT INTELLIGENT EQUIPMENT TECHNOLOGY CO.,LTD.",N1-B806,N1,CHINA,cat-17,昆山小可智造设备科技有限公司，一家专注于内窥镜领域的高新技术企业。成立于2014年。始终致力于为医疗器械客户提供稳定可靠、契合需求的内窥镜配件代工解决方案，以专业制造能力交付安全合规的产品。专注内窥镜配件代工领域，助力客户实现精准诊疗技术落地，携手推动微创医疗领域的品质升级与行业发展。,,https://exhibitors.informamarkets-info.com/event/2026Medtec/en-US/exhibitor/471595/kunshan-corobot-intelligent-equipment-technology-co--ltd-,https://image.imconlinereg.com/mm-mtc/2026-03-17/2E29BD9E3979069F6C57A968C1E8B878.pdf
浙江沐瑞钛医疗科技有限公司,"Zhejiang MoryTec Medical Co., Ltd.",N1-A212,N1,CHINA,cat-02,浙江沐瑞钛医疗科技有限公司始创于2025年，拥有行业领先的镍钛材料加工技术，致力于研发高精度医用镍钛材料及镍钛零部件，为医疗器械企业提供专业的解决方案。公司生产的高精度医用镍钛管线材可长期植入，超纯镍钛管（用于神经介入支架、外周支架及瓣膜支架等），满足生物学等多项检测，已用于多款三类器械，造福临床患者。,,https://exhibitors.informamarkets-info.com/event/2026Medtec/en-US/exhibitor/471765/zhejiang-morytec-medical-co---ltd-,
沈阳金科精密仪器设备股份有限公司,"Shenyang Golden Tech Precision Instrument & Equipment Co., Ltd.",N4-F407,N4,CHINA,cat-17,GTI金科深耕空气泄漏测试仪行业30余年，现已拥有8大系列空气泄漏测试仪及流量测试仪，产品服务于全球30多个国家和地区。广泛应用于新能源汽车、医疗、消费电子、航天科技、军工等众多行业。GTI致力于为全球客户提供高效、可靠的泄漏测试解决方案。,http://www.gti-instrument.com/,https://exhibitors.informamarkets-info.com/event/2026Medtec/en-US/exhibitor/473588/shenyang-golden-tech-precision-instrument---equipment-co---ltd-,https://image.imconlinereg.com/mm-mtc/2026-04-08/74B31886D16BCC7EC2EF6825625DDEAA.pdf;https://image.imconlinereg.com/mm-mtc/2026-04-08/3B6F869AEC39FCCF4E7F0F783A9C7E90.pdf
青岛伟腾医疗科技有限公司,"QINGDAO GS  MEDICAL TECHNOLOGY CO., LTD",N2-A802,N2,CHINA,cat-01,青岛伟腾医疗科技有限公司座落于美丽的港口城市：山东青岛，交通便利，环境优美，公司创建于2016年，专业从事精密塑料零部件的设计、开发、生产和销售。产品广泛应用于血液透析机；手术机器人部件及一次性耗材；医用流体管接、生物制药管接领域；汽车发动机周边功能性零件、高端电子、航天等领域，公司荣获国家级高新技术企业，青岛市专精特新及山东省专精特新企业称号；拥有二十多项发明专利;并通过了医疗器（ISO13485）质量管理体系、汽车（IATF16949）质量管理体系、环境（ISO14001）管理体系、职业健康(I5O45001)管理体系的认证。公司占地面积8000平方，厂房车间4000平方，目前具备先进的注塑成型车间，GMP 10万级洁净注塑车间。GMP30万级医疗装配车间，模具加工车间、钣金冲压车间；高品质来自于高标准、严要求。公司先后为美国百特、东富龙、新华医疗、HID等国内外知名企业提供产品和服务。青岛伟腾医疗科技有限公司愿与国内外各界朋友真诚合作，共谋发展!，共创未来,,https://exhibitors.informamarkets-info.com/event/2026Medtec/en-US/exhibitor/473677/qingdao-gs--medical-technology-co---ltd,https://image.imconlinereg.com/mm-mtc/2025-05-09/F292C51FFB5643741B8A4244DEB91A91.pdf
上海璞临医疗科技有限公司,"Preclinic Medtech(Shanghai)Co.,Ltd.",N4-D402,N4,CHINA,cat-16,上海璞临医疗科技有限公司正式成立于2017年，位于上海市青浦工业园区，是由资深医学专家及工程师团队组建的高新技术企业。致力于为专业医疗人士在手术器械及术式的研发测试、方案展示、技能培训等方面提供定制及标准化的模拟医疗产品，加速技术创新及落地，帮助手术技术推广。         公司核心团队从2014年起，在国内医工结合的行业开拓者-上海交通大学机械与动力学院王成焘教授带领下，为多家医院临床科室提供基于3D打印的医工结合技术服务，并完成诸多行业内开拓性项目。公司目前拥有专业临床顾问团队，资深产品设计、制造及软件开发团队，为心血管介入，呼吸、消化及泌尿等微创介入科室提供专业的医疗模拟产品。产品已服务国内外300多家医疗行业客户，2/3以上的客户为长期服务客户，同时与50多家医院、医学院校、医疗器械研发及检测机构建立长期合作关系。,https://www.preclinic.com,https://exhibitors.informamarkets-info.com/event/2026Medtec/en-US/exhibitor/473818/preclinic-medtech(shanghai)co--ltd-,
世索科(上海)国际贸易有限公司,Syensqo,N2-D801,N2,BELGIUM,cat-01,"世索科以科技为本，致力于开发突破性解决方案，改善我们生活、工作、出行和娱乐的方式。受到欧内斯特·索尔维在1911年创立的索尔维会议的启发，我们汇聚顶尖人才，携手遍布全球30个国家的13,000多名员工，突破科学和创新的边界，为客户助益。我们的解决方案为家居、食品和消费品、飞机、汽车、电池、智能设备和医疗应用等领域提供更安全、更清洁和更可持续的产品。我们以卓越的创新能力为实现循环经济的宏伟目标赋能，探索技术突破，推动人类进步。",https://www.syensqo.com,https://exhibitors.informamarkets-info.com/event/2026Medtec/en-US/exhibitor/474788/syensqo,
Lighteum Medical,MDC Pacific Limited dba Lighteum Medical,N1-A202,N1,USA,cat-02,Medical Device Components LLC dba Lightem Medical，前身为庄信万丰医疗业务单元；通过开发行业领先的可持续发展产品，为医疗器械原始设备制造商提供支持。 Lighteum Medical提供高质量的精密加工部件、植入级镍钛合金零件以及先进的涂层和表面解决方案。 Lighteum Medical致力于培养创新和前瞻性思维的文化，不断开发新技术和解决方案以引领医疗器械行业，以增强您的医疗设备的功能和可靠性。通过提供稳定的供应链来支持您的增长，我们是值得信赖的合作伙伴。,https://www.lighteum.com,https://exhibitors.informamarkets-info.com/event/2026Medtec/en-US/exhibitor/474789/mdc-pacific-limited-dba-lighteum-medical,https://image.imconlinereg.com/mm-mtc/2026-07-31/1B511E08BD4653E9ADD6D7BAB4D7EAD9.pdf;https://image.imconlinereg.com/mm-mtc/2026-07-31/90B7C45B44333B2AE57DE9BBE4DBF54D.pdf
上海浦景医疗科技有限公司,"Pujing Medical Technology Co., Ltd.",N1-B706,N1,CHINA,cat-02,上海浦景医疗科技有限公司，是国内专注于医用可吸收高分子材料的核心供应商。依托二十余年深耕合成工艺的技术积淀，我们以 PGA、PLGA 等可吸收材料为核心，为医疗领域客户提供从原料研发、定制化配方到终端应用的全链条系统解决方案。,,https://exhibitors.informamarkets-info.com/event/2026Medtec/en-US/exhibitor/475064/pujing-medical-technology-co---ltd-,https://image.imconlinereg.com/mm-mtc/2026-05-20/345A4FC47AED3B80ED516BFF69728165.pdf
孚罗里西贸易(上海)有限公司,"JW FROEHLICH (Shanghai) Co., LTD.",N4-D210,N4,GERMANY,cat-17,德国孚罗里西有限公司自 1965 年成立以来，坚持创新驱动与技术自研，以精密测量技术、定制化硬件设备及智能测试分析软件，紧跟汽车、新能源、电子、医疗等行业电气化与智能化发展趋势，为客户提供从设备研发设计、项目集成实施到数据交互管理的一站式解决方案。公司在德国、英国、美国及中国均设有专业技术团队，深耕本土应用场景，为全球合作伙伴提供高效、可靠的本地化技术支持与服务。六十余年来，孚罗里西专注于先进密封性测试技术研发与应用，针对不同工况推出多原理高精度试漏仪，满足工业规模化产线在线检测需求。尤其在汽车、医疗领域，凭借稳定品质与专业方案，成为行业公认的首选品牌。,https://www.jwf.com.cn,https://exhibitors.informamarkets-info.com/event/2026Medtec/en-US/exhibitor/475065/jw-froehlich-(shanghai)-co---ltd-,https://image.imconlinereg.com/mm-mtc/2026-03-12/E3012B7989A85EB5326552D4B2787495.pdf;https://image.imconlinereg.com/mm-mtc/2026-03-12/1AB2D42CC5843C1F8FF8941C1578C2BD.pdf
东莞市赛仑特实业有限公司,"Dongguan Silent Industry Co.,Ltd",N1-F506,N1,CHINA,cat-08-2,东莞市赛仑特实业有限公司创立于2006年，深耕小模数齿轮行业及微型精密行星减速箱行业多年，拥有稳定的技术团队及深厚技术积累，属国家高新技术企业，获得30多项专利，可为客户提供精密小模数齿轮、微型精密行星齿轮箱及直流减速电机整体解决方案。  我们秉承“用心制造产品，真诚服务客户”的经营理念，不断提升产品竞争力，先后通过ISO 9001/14001、IATF16949等质量管理体系认证，保障产品质量的稳定性及可靠性。  公司产品广泛应用于智能机器人、医疗器械、汽车零部件、智能家居、高端电动工具、金融设备、工业自动化等多个行业，与多家海内外知名企业有密切合作，专注替代同规格进口产品。,http://www.gdmotor.cn/,https://exhibitors.informamarkets-info.com/event/2026Medtec/en-US/exhibitor/475205/dongguan-silent-industry-co--ltd,
Teleflex Medical OEM,Teleflex Medical OEM,N2-C201,N2,USA,cat-05,广泛的垂直整合能力。渊博的专业知识。数十载的丰富经验。   与泰利福医疗原始设备制造商的专家合作。作为合作伙伴，我们乐意倾听您的意见，了解您的需求，并提供创新的解决方案。在定制型材、微径管、诊断及介入导管、医用球囊和球囊导管、绝缘细线、导引器、管鞘/扩张器套件、高性能纤维和缝合线、生物可吸收缝合线、纱线和树脂领域，我们是全球领先者.  我们的 EPIC Medtec™ 中心能帮助您将设备快速推向市场，同时控制成本，并降低技术风险.   让我们来处理您的项目.,https://www.teleflexmedicaloem.com,https://exhibitors.informamarkets-info.com/event/2026Medtec/en-US/exhibitor/475206/teleflex-medical-oem,https://image.imconlinereg.com/mm-mtc/2025-08-15/0938EBF84BD78CF851EBBBE009269F29.pdf
昆山凯颖电子有限公司,Cablex Wire & Cable （Kunshan) MFG.,N1-G402,N1,"TAIWAN,CHINA",cat-08-3,联颖集团为一家沉淀近40年的线束整合方案供应方。昆山凯颖电子是其旗下一支成品线束研发、生产、服务为一体的高新技术企业。昆山凯颖电子拥有完善的质量管理体系，包含ISO9001，ISO13485，ISO14000，IATF16949，及获得近40项新型发明专利，秉承“质量稳定、持续研发、客户满意”的经营理念，藉助集团自身垂直整合之成本及研发优势，为客户提供具有竞争力的、高质量的、契合客端需求的解决方案。在工控、汽车、医疗、通讯等领域获得各知名企业认可。同時2024-2025年申請碳排放ISO14064體系通過，亦完成醫療級B超及內窺鏡模組的研發及量產。,https://www.cablex-mfg.com/,https://exhibitors.informamarkets-info.com/event/2026Medtec/en-US/exhibitor/475217/cablex-wire---cable-（kunshan)-mfg-,https://image.imconlinereg.com/mm-mtc/2026-07-21/BA6605CB979F71826C5EC85A2218A8F3.pdf;https://image.imconlinereg.com/mm-mtc/2026-07-21/DC554B17783845F35661B0EE14EFF019.pdf
安费诺（常州）连接系统有限公司,Amphenol Sensors,N1-D506,N1,USA,cat-08-2,安费诺集团创立于1932年，1984年进驻中国，是全球最大的研发、生产及销售电气、电子、光纤连接器、互联系统、天线、传感器及基于传感器的模块，同轴及特种高速数据电缆等产品的公司之一。安费诺集团的研发及生产基地分布于美洲、欧洲、亚洲、澳洲及非洲。安费诺传感器技术集团（ASTG）是安费诺集团重要成员之一，立足于全球市场，紧密结合各行业特点，深挖客户应用，依托强大的研发实力，融合世界前沿的技术理念，快速响应客户的变化需求，为客户提供安全可靠的传感器解决方案，是世界传感器和模块设计及制造领域的领导者。旗下产品包括：温度、压力、湿度、气体测量、状态测量、环境监测和热失控（TRD）检测等众多传感器系列、模块及系统，被广泛应用于汽车、楼宇、医疗、轨交、农业、家电、能源、水处理、造纸、航空等诸多领域。中国区工厂分别坐落于江苏省常州市、福建省宁德市和四川省宜宾市，公司通过TS16949 / ISO9001 / IS014001等全面质量审核。致力于服务中国客户，提供业界领先的专业知识、快速的服务和一流的制造能力，为客户提供最大的价值。,https://www.amphenol-sensors.cn/,https://exhibitors.informamarkets-info.com/event/2026Medtec/en-US/exhibitor/475220/amphenol-sensors,https://image.imconlinereg.com/mm-mtc/2025-08-05/831E9D16702A21D69445404DE513C062.pdf
上海微谱检测科技集团股份有限公司,"Shanghai WEIPU Testing Technology Group Co.,Ltd",N4-D308,N4,CHINA,cat-17,微谱在医疗器械领域致力于构建一个医疗器械全生命周期创新服务平台，为医疗器械设计开发、非临床研究等提供高效合规的测试、评价服务，助力医疗器械创新研发与全球申报。  我们拥有一支由材料学家、化学家、生物学家、毒理学家、临床专家等组成的专家队伍，为医械厂商提供原材料筛选与控制、过程验证、生物学评价、药物相容性研究、体外降解试验、药物定性定量与释放研究、临床评价等服务，与我们持续合作的医疗器械企业已超过2000家，涵盖骨科植入、心血管植介入、神经介入、有源植入美容整形植入、药械组合、辅助生殖耗材等植入器械及有源医疗器械等，我们的报告和服务得到了中国、欧盟、美国等国际主要市场监管机构的认可。,http://www.weipuyiyao.com/,https://exhibitors.informamarkets-info.com/event/2026Medtec/en-US/exhibitor/475323/shanghai-weipu-testing-technology-group-co--ltd,https://image.imconlinereg.com/mm-mtc/2025-08-06/38FC0CAD820244082B93DE85EF139786.pdf
羚珂（上海）流体技术有限公司,"LINK(Shanghai) Fluid Technology Co., Ltd.",N1-H306,N1,SWITZERLAND,cat-06,羚珂（上海）流体技术有限公司是微路流体控制领域专业的系统集成商。公司致力于整合欧美高品质的微路流体核心零部件—包括泵、压力/流量/液位/温度传感器、电磁阀、管路及连接件、过滤系统等，从而为微路流体控制系统提供系统解决方案。涉足的行业包括：医疗设备、分析仪器、喷墨打印、食品饮料、生物制药及一般工业。公司致力于高精密运动控制市场的研究，公司整合欧美高品质的运动控制产品—DoverMotion线性定位台，Dover Motion SmartStage 线性定位台是一款高度集成的高分辨率定位台。,https://www.linkfluidics.com,https://exhibitors.informamarkets-info.com/event/2026Medtec/en-US/exhibitor/475324/link(shanghai)-fluid-technology-co---ltd-,https://image.imconlinereg.com/mm-mtc/2026-08-07/19D0D9A3763CF741787A868B11A2A987.pdf;https://image.imconlinereg.com/mm-mtc/2026-08-07/E8B5FEF5B7C57AE45988011E2484B5C6.pdf
厦门当盛新材料有限公司,"Dawnsens New Materials (Xiamen) Co., Ltd.",N4-D401,N4,CHINA,cat-13,厦门当盛新材料有限公司是一家专注于闪蒸法材料的研发、生产和销售的创新型高科技企业，是中国率先掌握闪 蒸法非织造材料全套技术、实现商业化量产的企业。     公司总部和研发生产基地位于中国厦门，在北京、上海设有营销中心和应用研发中心。     当盛®Dawnsens®材料由100%高密度聚乙烯通过闪蒸法工艺制成超细聚乙烯纤维，热压后形成拥有致密三维立体网状结构的屏蔽材料，专为最终灭菌医疗包装和制药行业无菌转运包装而设计。当盛公司的Dawnsens®材料填补了中国本土高端医用灭菌包装材料的空白，保障了国家战略物资及应急储备物资的国产化供应，促进产业升级和行业进步。,https://www.dawnsens.com,https://exhibitors.informamarkets-info.com/event/2026Medtec/en-US/exhibitor/475976/dawnsens-new-materials-(xiamen)-co---ltd-,https://image.imconlinereg.com/mm-mtc/2026-03-06/9A81724AC048C4CEB2F658A7E94F2B56.pdf
北京昭衍新药研究中心股份有限公司,"JOINN Laboratories (China) Co., Ltd.",N4-F102,N4,CHINA,cat-16,昭衍新药（股份代码：603127.SH / 6127.HK）成立于 1995 年，是中国最早从事药物非临床评价的企业化机构。公司在北京、苏州、广州及美国加州、波士顿等地建有符合国际标准的动物实验设施与配套实验室，总面积逾20万平方米，是国内规模最大、服务能力最完整的非临床CRO企业。公司拥有CNAS/ILAC认可及通过中美欧日韩多国GLP全面检查的资质，并通过国际AAALAC动物福利认可，构建了符合国际标准的质量管理体系。业务范围涵盖药物发现、药物非临床评价、临床试验服务（I-IV期）、药品质量检定及上市后再评价，实现药物全生命周期研究支持；同时提供实验动物、模式动物以及农药、兽药和医疗器械,https://www.joinnlabs.com,https://exhibitors.informamarkets-info.com/event/2026Medtec/en-US/exhibitor/475977/joinn-laboratories-(china)-co---ltd-,https://image.imconlinereg.com/mm-mtc/2026-07-02/80BB1B2658BD064B1BB3413A5251AA4C.pdf;https://image.imconlinereg.com/mm-mtc/2026-07-02/CFB038E8517451B01307DB362CB5166C.pdf
集萃赋源科技（苏州）有限公司,Sioux Technologies,N1-H501,N1,NETHERLANDS,cat-16,荷兰Sioux（集萃赋源科技）公司成立于1996年5月，位于荷兰埃因霍温智慧港，致力于为高科技企业提供高度定制化的软硬件的核心技术研发、生产及组装服务，包含专家技术咨询，概念设计及产品样机交付等。Sioux的优势体现在强大的跨学科整合能力，拥有包括机算法、软件、光学、机电一体化等领域的全球顶尖技术专家团队提供视觉与传感器、精密定位、系统设备控制相关解决方案，在医疗、分析仪器和半导体设备领域具有多年的研发经验，是客户可靠的研发创新合作伙伴。Sioux为高科技客户工作，包括阿斯麦、Philips、赛默飞世尔、ASMPT、库利索法、安世半导体、VDL、卡尔蔡司、西门子医疗和博世。,,https://exhibitors.informamarkets-info.com/event/2026Medtec/en-US/exhibitor/476173/sioux-technologies,
金利橡胶（常熟）有限公司,"KINGLEY RUBBER (CHANGSHU) CO.,LTD",N2-B507,N2,CHINA,cat-01,我司主要产品为导电橡胶，近年來亦开始生产塑胶与橡胶贴合的产品，产品包括手机类、电脑类、计算机类、电话机类、遥控器类、汽车遥控器类、翻译机类、传真机类……等等，及其它橡胶制品，不胜枚举。我们所要追求的除了降低成本，将利润分享客户外，更注重品质的提升，而好的品质有赖于健全卓越的品管工作，我们强调：机器改良要满意，员工素质要不断提升，不管市场如何竞争，我們始终坚持：强化内部管理、提高工作效率、降低成本回馈客户.,https://www.kingley.com,https://exhibitors.informamarkets-info.com/event/2026Medtec/en-US/exhibitor/476174/kingley-rubber-(changshu)-co--ltd,
徐州恒辉编织机械有限公司,"XUZHOU HENGHUI BRAIDING MACHINE CO.,LTD",N1-A001,N1,CHINA,cat-11,徐州恒辉编织机械有限公司始于1986年，注册资金8980万元，致力生产、研发、销售医疗编织器械的高新技术企业、国家制造业单项冠军企业，荣获国家科技技术进步奖。拥有ISO13485、ISO9001、ISO14001、ISO45001体系等认证。医疗编织器械主要适应各类血管内介入或人体自然腔道内介入的或鞘管编织加强层的编织；支架、镍钛合金封堵器的编织；外科、骨科、运动医学等以及其他手术使用的可吸收与不可吸收手术线缝合线的编织等。编织方式有如：1*1、1*2、2*2等可供选择。编织密度无级可调，电脑控制界面PPI设置值：10-100，可实现分段编织、渐变或突变。恒辉医疗编织器械，织就健康美好未来！,https://www.xzbraiding.cn,https://exhibitors.informamarkets-info.com/event/2026Medtec/en-US/exhibitor/476320/xuzhou-henghui-braiding-machine-co--ltd,https://image.imconlinereg.com/mm-mtc/2025-08-06/ADC3C012A1E18B73A8C91F607E8DC747.pdf
恒方达新材料有限公司,"Hengfangda New Material Co., Ltd.",N2-G205,N2,CHINA,cat-05,"恒方达新材料有限公司为一家研发和生产一体的实体工厂，位于广东省东莞市凤岗镇。公司通过ISO-13485体系认证，拥有500平方十万级洁净车间，纯化水电导率＜2.5us/cm。提供国家级检测报告。主要生产医用导管,材料以PVC和TPU为主，全部为非邻苯，并通过生物相容性测试。产品为：PVC输液管、PVC氧气管、PVC血压计管、胃管、导尿管、冲洗管、透析管、连接管、引流管等等。适合环氧乙烷（ETO）灭菌和特定的辐照灭菌。GB/T16886.12-2023标准新规：细胞毒性浸提时间24h上升至72h我们是一家20多年专业挤出导管的厂家，后续将为客户配套接头和印字、打孔和组装等等。",,https://exhibitors.informamarkets-info.com/event/2026Medtec/en-US/exhibitor/476321/hengfangda-new-material-co---ltd-,https://image.imconlinereg.com/mm-mtc/2026-06-25/9AE10C4E15C881A290AD431266008045.pdf
上海艾枫国际贸易有限公司,Optinova Group,N2-A202,N2,CHINA,cat-05,Optinova是一家全球领先的专注于医用导管挤出的供应商。我们的优势在于含氟聚合物和热塑性塑料导管的挤出，适用于许多应用，包括输液治疗和微创输送设备。Optinova是一家总部位于芬兰的全球性公司。我们有10个全球销售办事处和4个生产基地。除了芬兰的工厂外，我们还投资扩大了泰国工厂的产能，以方便为亚太地区的客户提供服务，成为客户期待的全世界的荣誉品牌。,https://www.optinova.com,https://exhibitors.informamarkets-info.com/event/2026Medtec/en-US/exhibitor/476322/optinova-group,
路博润管理（上海）有限公司,"Lubrizol Management (Shanghai) Co., Ltd.",N2-B102,N2,CHINA,cat-01,路博润公司是伯克希尔·哈撒韦公司旗下特种化学品行业领军企业，致力于推进材料科学发展与创新，实现更多可持续性解决方案，以不断推动交通运输发展、改善人们的健康和福祉，并提升现代生活品质。 在医疗器械领域，路博润提供行业领先的材料解决方案、值得信赖的法规支持以及产品开发服务。我们的医用级热塑性聚氨酯（TPU）产品系列丰富，具有优异的生物稳定性、生物相容性以及加工多样性等优势，是应用于心血管、泌尿、血管通路、伤口护理、正畸等器械的理想材料。,https://www.lubrizol.com,https://exhibitors.informamarkets-info.com/event/2026Medtec/en-US/exhibitor/476323/lubrizol-management-(shanghai)-co---ltd-,
上海氟恒科技有限公司,Lenzing Plastics GmbH & Co KG,N2-F708,N2,CHINA,cat-15,"Lenzing Plastics是聚四氟乙烯PTFE的全球领先制造商.其核心产品是PTFE薄膜和PTFE纱线，我们专注于为医疗和电缆领域提供特殊的解决方案。 主要产品: PROFILEN®Lenzing缝合材料 PTFE薄膜和缝线（适用于微创心脏瓣膜TAVR,TAVI,TMVR） PTFE牙线",https://www.fortunestech.com,https://exhibitors.informamarkets-info.com/event/2026Medtec/en-US/exhibitor/476540/lenzing-plastics-gmbh---co-kg,https://image.imconlinereg.com/mm-mtc/2025-04-30/F41FFF3848F38F02AA73E6E166DB3999.pdf
武汉锐科光纤激光技术股份有限公司,"Wuhan Raycus Fiber Laser Technologies Co.,Ltd.",N1-H202,N1,CHINA,cat-08-4,作为国内激光器龙头企业，锐科激光经过十多年产学研用联合攻关，开展基础理论、核心材料、关键器件、工艺方法、智能产线等创新，开创了中国光纤激光器技术体系和生产工艺，实现了高功率光纤激光器规模化、智能化生产，实现我国工业光纤激光器从0到1、从1到100的自主化国产化，促使中国激光器、激光装备和激光应用分别进入百亿、千亿和数万亿市场，有力支撑国家重大领域发展，实现从“大国重器”到民生消费的全链渗透。,https://www.raycuslaser.com,https://exhibitors.informamarkets-info.com/event/2026Medtec/en-US/exhibitor/476712/wuhan-raycus-fiber-laser-technologies-co--ltd-,
格来赛生命科技(上海)有限公司,"Global Life Sciences Technologies (Shanghai) Co., Ltd.",N2-B410,N2,CHINA,cat-06,格来赛生命科技（上海）有限公司（Cytiva）为丹纳赫集团（纽约证券交易所代码：DHR）旗下运营公司。现在颇尔医疗为Cytiva的子品牌，颇尔医疗全球员工团结致力于解决客户在过滤、分离和纯化方面的挑战，并促进健康、安全与环保科技的进步。颇尔医疗专注于医疗行业的客户。我们的产品广泛应用于医疗气体过滤，药物输送，水过滤器，透气和细胞超低温冻存等各个方面。是医疗器械生产厂商的可靠合作伙伴。,https://www.cytivalifesciences.com.cn/zh/cn,https://exhibitors.informamarkets-info.com/event/2026Medtec/en-US/exhibitor/476713/global-life-sciences-technologies-(shanghai)-co---ltd-,https://image.imconlinereg.com/mm-mtc/2026-07-23/C7B3F4B1BBD2096C52B303050459FCA7.pdf
利博（常熟）合金材料有限公司,"liberalloy （changshu）material  Co., Ltd",N1-D802,N1,CHINA,cat-02,利博（常熟）合金材料有限公司是一家专注于镍钛合金材料研发、生产与销售的高新技术企业，坐落于风景秀丽、经济发达的江苏省常熟市。公司自成立以来，始终致力于为全球医疗器械、航空航天、高端制造业等领域提供高性能的镍钛合金产品与定制化解决方案，凭借卓越的技术实力、严格的质量管控和优质的服务体系，在行业内树立了良好的口碑与品牌形象。,https://WWW.LIBERALLOY.COM,https://exhibitors.informamarkets-info.com/event/2026Medtec/en-US/exhibitor/476714/liberalloy-（changshu）material--co---ltd,
迈得医疗工业设备股份有限公司,"Maider Medical Industry Equipment CO.,LTD.",N3-D202,N3,CHINA,cat-11,迈得医疗(股票代码:688310.SH)成立于2003年3月，于2019年12月在上海证券交易所科创板上市，是台州市首家科创板上市的公司。公司专注于医用耗材智能装备的研发、生产、销售与服务，凭借在精密制造领域多年的技术沉淀，于2022年拓展新业务方向，正式进入眼科领域。  迈得医疗汇聚了机械、电气、软件、机器视觉、材料等多学科的专业人才投身于研发制造工作。其自主研发的多台设备，荣获国内首台(套)荣誉，自成立以来，公司已累计为全球数百家头部医疗企业定制了超过3000套系统性解决方案，为客户提供从工艺开发到验证的全流程技术支持，通过装备、软件与工艺的有机协同，协助客户实现制造升级。,https://www.maiderchina.com,https://exhibitors.informamarkets-info.com/event/2026Medtec/en-US/exhibitor/476715/maider-medical-industry-equipment-co--ltd-,https://image.imconlinereg.com/mm-mtc/2026-07-17/E3025B3295BB464D634B66BDD5B21A04.pdf;https://image.imconlinereg.com/mm-mtc/2026-07-17/5A9560167796B8A8FCD6F1CC805A570C.pdf
竞升医疗技术服务有限公司,Jing Sun Medical Technology Services Ltd.,N1-H402,N1,CHINA,cat-12,"竞升医疗成立于2007年，是国内最早从事专业植入医疗器械及医疗增材制造的生产服务商，已成功引入法国MINITUBES高精度植入级金属管材，IVD体外诊断探针；美国INTERFACE球囊整套生产及测试设备等世界领先品牌代理,力争为中国用户带来先进的生产设施和创新的技术理念，引领医疗器械领域全面实现数字化发展的进程与方向。   竞升是将欧美先进生产工艺及前沿技术引入国内心脏支架生产领域的先驱者。",https://www.jing-sun.com,https://exhibitors.informamarkets-info.com/event/2026Medtec/en-US/exhibitor/476775/jing-sun-medical-technology-services-ltd-,https://image.imconlinereg.com/mm-mtc/2025-07-02/3ED705F1787EEF5C50A361B0FFDDC283.pdf
上海新田明胶有限公司,"Shanghai Nitta Gelatin Co., Ltd.",N2-B603,N2,JAPAN,cat-07,新田明胶集团（Nitta Gelatin）始创于1918年，是全球领先的明胶与胶原蛋白制造商。新田明胶上海有限公司依托百年技术底蕴，专为医疗器械与生命科学领域提供高纯度、低内毒素、生物相容性卓越的医疗级生物材料。核心应用领域：医用敷料： 止血海绵、高端创伤敷料核心基材。再生医学： 细胞培养基质、组织工程及3D生物打印材料。医药制剂： 高稳定性药用胶囊及微胶囊包埋材料。我们严格遵循全球医药级质量管理标准，致力于为客户提供安全、稳定、可追溯的定制化原料解决方案。,https://www.nitta-gelatin.co.jp/ja/index.html,https://exhibitors.informamarkets-info.com/event/2026Medtec/en-US/exhibitor/477175/shanghai-nitta-gelatin-co---ltd-,
东莞市创泰昕新材料有限公司,"DONG GUAN CHUANG TAI XIN NEW MATERIALS CO.,LTD",N2-B609,N2,CHINA,cat-01,东莞市创泰昕新材料有限公司是一家专业从事医疗级胶粘剂研发、生产和销售的高科技企业。公司成立于2014年，在深圳和东莞分别拥有营销中心和生产研发基地。多年来，创泰昕以优质的产品、专业的销售和技术支持，丰富的行业经验，帮助客户提供产品研发、模拟测试、施胶工艺以及制造装配等全面的解决方案。    公司通过了ISO9001质量管理体系认证，产品通过了医疗认证，生物兼容性认证，ROHS，REACH，TSCA，FDA，LFGB食品级，VOC合格，无卤检测等一系列的环保检测。    我们的产品包括：医疗级RTV硅胶，医疗级UV无影胶， 医疗级环氧树脂，医疗级瞬干胶，医疗级结构胶，以及医疗级底涂剂等,https://www.ctxdg.com,https://exhibitors.informamarkets-info.com/event/2026Medtec/en-US/exhibitor/477263/dong-guan-chuang-tai-xin-new-materials-co--ltd,https://image.imconlinereg.com/mm-mtc/2026-05-29/F7F7EF6E43E4CFAD46C3E5B15651199F.pdf
南京卡艾斯机械科技有限公司,"Nanjing CIS Machinery Technology Co., Ltd.",N1-F806,N1,CHINA,cat-16,卡艾斯医疗(2011年创立)是国内领先的能量与微创介入核心部件专精特新企业。核心业务:深耕精密医疗丝材、线材、管材及针、刀等核心零部件的研发与生产，提供专业的OEM/ODM方案。硬核实力:拥有30+项专利、完整的检测能力与五大生产基地，获评国家高新技术企业，通过IS09001及ISO13485质量体系认证。全球服务:产品稳定服务于全球近千家客户，覆盖30余个国家，是微创器械领域值得信赖的精密制造伙伴。,https://www.cismedic.com,https://exhibitors.informamarkets-info.com/event/2026Medtec/en-US/exhibitor/477324/nanjing-cis-machinery-technology-co---ltd-,https://image.imconlinereg.com/mm-mtc/2025-08-13/BF95A80DF1056A97DCCDCA045AC49B80.pdf;https://image.imconlinereg.com/mm-mtc/2026-07-28/1A340AEB85E3A0620C27A2C60CDA5CA1.pdf
德路工业粘合剂（上海）有限公司,DELO Industrial Adhesives,N2-B601,N2,GERMANY,cat-04,DELO是高科技粘合剂与其它多功能材料的制造商，同时也研发相应的点胶与固化技术。公司的产品主要应用于汽车工业、消费类电子以及半导体工业。世界上几乎每一部智能手机以及超过一半的汽车上，都能找到DELO的身影，例如在摄像头、扬声器、电机和传感器里。公司的客户包括博世、富士康、华为、梅赛德斯-奔驰、西门子和索尼等。,https://www.DELO-adhesives.com,https://exhibitors.informamarkets-info.com/event/2026Medtec/en-US/exhibitor/477325/delo-industrial-adhesives,https://image.imconlinereg.com/mm-mtc/2025-08-05/1296184236505FF636C409B4497261CA.pdf
苏州派盈包装材料有限公司,"Suzhou Paiying Packaging Material Co.,Ltd.",N4-C106,N4,CHINA,cat-13,"派盈包装材料有限公司位于江苏省苏州市吴江经济开发区, 我们拥有专业的设计、制造、客服团队，致力于为客户提供一站式包装整体解决方案。 主要服务：医疗、汽车电子、机器人、装备制造、新能源等行业。公司拥有危险品UN包装生产资质， 为确保产品品质，我们严格配备了高标准的生产设备和完整的检验设备。有自已的研发团队，产品均有自主知识产权，完善的科技成果转化的基础设备，我们以价值与创新为公司经验理念，以客户为尊，为客户提供优质产品及全方位的服务是我们不懈的追求。此外，派盈通过全面导入信息化管理系统、通过柔性生产、备用产能等方式全面支持客户小批量多品种的采购发展趋势，为客户发展保驾护航。",https://www.py-sz.com,https://exhibitors.informamarkets-info.com/event/2026Medtec/en-US/exhibitor/477326/suzhou-paiying-packaging-material-co--ltd-,
大族激光科技产业集团股份有限公司,"HAN’S LASER TECHNOLOGY INDUSTRY GROUP CO., LTD.",N1-F212,N1,CHINA,cat-10,"大族激光科技产业集团股份有限公司于1996年在中国深圳创立，于2004年在深圳证券交易所上市（股票简称：大族激光，深市代码：002008）。大族激光致力于智能制造装备及其关键器件的研发、生产和销售，具备从基础器件、整机设备到工艺解决方案的垂直一体化优势，是全球领先的智能制造装备整体解决方案服务商。截止到2025年12月，大族激光通过国内外100多个分支机构及20,000多名员工，为4万个规模以上的工业客户提供智能制造解决方案。2025年实现营业收入187.59亿元，研发费用20.84亿元，多项技术及财务指标名列全球前列。",,https://exhibitors.informamarkets-info.com/event/2026Medtec/en-US/exhibitor/477332/han’s-laser-technology-industry-group-co---ltd-,
深圳市慧为智能科技股份有限公司,"Techvision Intelligent Technology Co., Ltd.",N1-F804,N1,CHINA,cat-16,深圳市慧为智能科技股份有限公司2011年成立，2022年于北交所上市，获国家高新技术企业、国家级专精特新“小巨人”等资质，“广东省商用智能终端工程技术研究中心”。公司以ODM模式为主，专业从事智能终端产品的研发、设计、生产和销售，从研发、设计到生产均由公司自主完成。公司主营业务产品的终端领域覆盖消费电子、商用IoT智能终端等，其中，消费电子产品主要包括平板电脑、笔记本电脑及云存储终端；商用IoT智能终端包括信创、云桌面终端、5G通信终端、智慧零售终端、网络及视频会议终端、工业控制终端等终端设备，可广泛应用于智慧商业、智慧教育、智慧办公、智慧家居和金融、大健康、机器人等多领域。,https://www.techvision.com.cn,https://exhibitors.informamarkets-info.com/event/2026Medtec/en-US/exhibitor/477381/techvision-intelligent-technology-co---ltd-,https://image.imconlinereg.com/mm-mtc/2026-04-28/8DAD3170A3E63FA0C4A655078A3C2777.pdf;https://image.imconlinereg.com/mm-mtc/2026-04-28/A4A42D763F3B6A732C557EEB9D560B34.pdf
东莞银禧新材料有限公司,"Dongguan Silver Age New Materials Co.,Ltd",N2-D707,N2,CHINA,cat-01,银禧科技1997年创立于广东省东莞市，于2011年在深交所上市（股票代码：300221）。经过30年左右的发展，目前已经成为一家多基地、跨区域、多领域发展的国家级高新技术企业。在东莞、中山、苏州、滁州、越南等地设有生产研发基地，产品覆盖医用高分子材料、改性塑料、阻燃剂、电子材料、智能照明、3D打印等应用领域，具备年产30万吨改性高分子材料的生产能力，成为致力于在材料领域给客户提供专业解决方案的国家级高新技术企业之一。,https://www.silverage.cn,https://exhibitors.informamarkets-info.com/event/2026Medtec/en-US/exhibitor/477444/dongguan-silver-age-new-materials-co--ltd,https://image.imconlinereg.com/mm-mtc/2026-04-21/5375E167A2F3C017774CCD0DA665B767.pdf;https://image.imconlinereg.com/mm-mtc/2026-04-21/F9FBC2CCFA47A0354DCA8BF2D4330618.pdf
浦维康医学科技（上海）有限公司,"PUWELCOME MEDICALTECHNOLOGY(SHANGHAI)CO.,LTD",N4-C407,N4,CHINA,cat-13,浦维康灭菌位于上海市浦东新区新场镇新浩路6号1幢，主要提供一次性使用医疗器械、卫生用品、化妆品、包装材料的消毒灭菌服务，从事⽂物档案消毒灭菌系统的设计研发、生产制造。浦维康灭菌通过ISO13485:2016、ISO11135:2014环氧乙烷灭菌控制标准认证。,https://www.puwelcome.com,https://exhibitors.informamarkets-info.com/event/2026Medtec/en-US/exhibitor/477445/puwelcome-medicaltechnology(shanghai)co--ltd,https://image.imconlinereg.com/mm-mtc/2026-07-09/091132BCA1705D64AB395C4FA08D3223.pdf
深圳市远日科技有限公司,"Shenzhen Yuanri Technology Co., Ltd.",N2-A309,N2,CHINA,cat-05,"深圳市远日科技有限公司, 是由几位高分子材料研究生、博士合作,创新型企业，专业从事各种塑料精密管材生产制造，如：PEEK,PI,PPSU,PEBAX,PA等材料的管材，产品广泛应用于医疗器械、半导体制造、电子电工、军工航空航天等领域。  公司秉承“诚信、创新、卓越”的经营理念，为广大用户提供一流的产品、优质的服务、高效的方案，在掌握现有技术的基础上积极创新，不断开发新的产品和运用新的工艺，成为我们所专注行业的领先企业。",http://www.szyrkj.cn/,https://exhibitors.informamarkets-info.com/event/2026Medtec/en-US/exhibitor/477446/shenzhen-yuanri-technology-co---ltd-,
IGS GeboJagema,IGS GeboJagema,N3-B405,N3,NETHERLANDS,cat-09,从眼镜和隐形眼镜到哮喘吸入器、胰岛素笔和血液诊断设备，我们的产品涵盖了所有对精度要求极高的产品领域。我们坚信，不断突破创新，追求卓越品质，是让全世界人民更健康、更幸福的关键。,https://www.igsgebojagema.nl/,https://exhibitors.informamarkets-info.com/event/2026Medtec/en-US/exhibitor/477538/igs-gebojagema,https://image.imconlinereg.com/mm-mtc/2026-03-25/048D2EE559EDA2EFF9B1C0857E71135B.pdf
康钛医疗科技（苏州）有限公司,"Kconti Med Technology (Suzhou) Co., Ltd",N1-D001,N1,CHINA,cat-02,康钛医疗科技是专注医用镍钛合金材料与一站式 CDMO 服务的高科技企业，致力成为全球顶尖医用镍钛供应商。公司主营高精度薄壁镍钛管、镍钛丝及超纯管材，拥有 KT-HH 高硬度镍钛丝、EUS/EBUS 穿刺针等特色产品，配套激光切割、无心研磨、热处理等全流程精密加工能力。企业垂直整合全产业链，提供从材料研发、精密加工到检测验证的端到端 CDMO 服务，产品适配心血管、神经介入、骨科等多类微创器械。公司通过 ISO9001、ISO13485 认证，原料遵循 ASTM F2063-18 标准。秉持客户至上、质量第一理念，以先进镍钛技术赋能医疗器械创新，守护生命健康。,https://www.kconti-med.com.cn,https://exhibitors.informamarkets-info.com/event/2026Medtec/en-US/exhibitor/477539/kconti-med-technology-(suzhou)-co---ltd,https://image.imconlinereg.com/mm-mtc/2025-06-05/8AC211FBE522C0A2F2002496FBF49E49.pdf;https://image.imconlinereg.com/mm-mtc/2026-07-30/9A30B43B87B12DCC34E7982862CCB04C.pdf
上海申远特种线缆股份有限公司,"Shanghai Shenyuan Special Cable Co., Ltd",N1-G305,N1,CHINA,cat-08-3,上海申远特种线缆股份有限公司创立于1998年，始终专注于特种高温线缆的研发、制造与服务，致力于成为全球特种连接与传输系统的技术引领者与生态构建者。我们坚持以技术创新为核心驱动力，拥有多项自主知识产权，并积极参与行业标准制定。为支撑产品的高标准与可靠交付，公司在沪苏地区布局了三大现代化生产基地，配备千级洁净车间、实时在线检测AOI系统与专业实验设备，申远的核心技术，始终围绕“在极端工况环境下保障连接稳定”展开。如今，我们的产品与解决方案已深入医疗器械、半导体、航空航天、核电、工业自动化等领域，成为众多高端装备和重大工程项目中不可或缺的组成部分。,https://www.shenyuan.com.cn,https://exhibitors.informamarkets-info.com/event/2026Medtec/en-US/exhibitor/477722/shanghai-shenyuan-special-cable-co---ltd,
辰唯医疗(苏州)有限公司,"Cenway Medical(Suzhou) Co.,Ltd",N1-F502,N1,CHINA,cat-08-3,辰唯医疗（苏州）有限公司专业研发、制造、销售内窥镜线、4K高清手柄线、超声波线、手术刀线、ICE线等医疗线缆。公司占地面积为10000m²，生产设备、检测设备齐全。公司管理层拥有20年以上的线缆研发和制造经验。我们致力于为全球医疗设备厂家提供高质量的医疗线缆产品和服务，推动医疗行业的发展和进步。,https://www.cen-way.com,https://exhibitors.informamarkets-info.com/event/2026Medtec/en-US/exhibitor/477723/cenway-medical(suzhou)-co--ltd,
上海硕创生物医药科技有限公司,"SHANGHAI ADVANCED BIOMEDICAL TECHNOLOGY CO.,LTD",N3-G209,N3,CHINA,cat-01,上海硕创生物医药科技有限公司(硕创生物)是一家生物材料研发和生产的公司，硕创生物旨在为医疗器械制造商提供一站式医用高分子解决方案，公司研发中心位于上海，拥有万级洁净车间和ISO13485 体系认证。我们的业务平台板块: 涂层材料研发和生产，水凝胶材料、可降解生物材料。    公司始终专注于医疗，医美，组织工程，可穿戴健康监测传感器功能材料自主开发、生产制造。硕创生物的基于PVP和HA两类亲水材料开发的水凝胶亲水涂层产品性能优异，涂层固化工艺有光固化和热固化，涂层架构有双层和单层，满足不同应用场景需求，公司致力于让涂层更简单，更润滑，更牢固。,https://www.abiotek.com.cn,https://exhibitors.informamarkets-info.com/event/2026Medtec/en-US/exhibitor/477724/shanghai-advanced-biomedical-technology-co--ltd,
科思创(上海)投资有限公司,"Covestro (Shanghai) Investment Co., Ltd.",N2-C601,N2,GERMANY,cat-01,科思创是全球领先的高品质聚合物及其组分的生产商之一。依托创新的产品、工艺和方法，公司在众多领域帮助促进可持续发展和提高生活品质。科思创在全球范围为交通出行、建筑和生活起居以及电子电气等重要行业的客户提供服务。此外，科思创聚合物还应用于运动休闲、电信和医疗健康等领域，以及化工行业本身。公司全面致力于迈向循环经济，目标到2035年实现范围1和范围2净零排放，到2050年实现范围3净零排放，最终达成气候中性。2025财年，科思创销售额达到129亿欧元。截至2025年底，科思创在全球拥有46个生产基地，约17600名员工。,https://www.covestro.com/,https://exhibitors.informamarkets-info.com/event/2026Medtec/en-US/exhibitor/477725/covestro-(shanghai)-investment-co---ltd-,
苏州弘昇医疗器械有限公司,"Suzhou Hongsheng Medical Instrument Co.,LTD",N4-B206,N4,CHINA,cat-02,"苏州弘昇成立于2015年，专业提供环氧乙烷灭菌验证（注册/日常）、灭菌、强制解析、检验、仓储、物流等全流程服务。一期环评获批7台灭菌柜，年灭菌能力100000立方以上，拥有国内知名厂家0.2m³-35m³全自动灭菌器、丹麦进口智能冷库系统、强制解析室等多种专业设备,同时拥有标准化的万级净化车间可满足需要灭菌后再包装的产品生产，以及全性能物理、微生物实验室为客户提供各项检测项目。公司创始人及技术、生产和质量负责人，拥有10年以上的从业经历以及崇高的职业素养，公司已获得TUV南德颁发的ISO13485、ISO11135证书，精准把控每一批产品灭菌，用完整的质量控制体系及认真的态度服务每一个客户。",,https://exhibitors.informamarkets-info.com/event/2026Medtec/en-US/exhibitor/478075/suzhou-hongsheng-medical-instrument-co--ltd,https://image.imconlinereg.com/mm-mtc/2026-07-03/3DAB354B4E4664DC4F76E8E0B157BE35.pdf
阿美特克商贸（上海）有限公司,"AMETEK Sensors, Test & Calibration",N4-F105,N4,USA,cat-17,阿美特克传感器、测试与校准仪器 (AMETEK STC) 提供高端等级和功能的材料试验机和负载测试仪器，广泛应用于生产、质量控制、实验室测试、研究和教育。Chatillon 测力仪和Lloyd材料试验仪具有多年力学产品生产经验， AMETEK STC生产供应的材料试验机和拉力机广泛地应用于测试原材料和成品的物理和机械性能，非常适用于最终成品的生产测试，例如，塑料、包装、医疗设备、电子元器件、防止、金属、复合材料、纸张等等。,https://www.ametektest.cn/,https://exhibitors.informamarkets-info.com/event/2026Medtec/en-US/exhibitor/478157/ametek-sensors--test---calibration,https://image.imconlinereg.com/mm-mtc/2026-05-27/244496D8B0C1439DB40F0DB863590715.pdf;https://image.imconlinereg.com/mm-mtc/2026-05-27/702D76BCC9D90EEAB636C43212236F69.pdf
广东捍宇医疗科技有限公司,"Guangdong Hanyu Medical Technology Co.,ltd",N2-G606,N2,CHINA,cat-12,"广东捍宇医疗成立于2020年12月，致力于研发结构性心脏病微创手术导管。近年来，经导管结构性心脏病治疗技术飞速发展，精密导管技术尤其是可调弯导管是微创手术的关键技术之一。公司成立以来，研发了二、三尖瓣瓣膜夹合器输送系统、人工瓣膜输送系统、PFA电场消融系统、封堵器输送系统、房间隔穿刺系统、内窥镜导管等多种产品,并建立了符合13485标准的生产体系。公司的多种导管在临床中获得良好的应用，使患者获得更安全、微创、精准的手术受益，公司提供导管设计、研发、OEM加工服务。",,https://exhibitors.informamarkets-info.com/event/2026Medtec/en-US/exhibitor/479030/guangdong-hanyu-medical-technology-co--ltd,https://image.imconlinereg.com/mm-mtc/2026-05-20/F5FCF10B1569D5E698418C59D9803E58.pdf
奥力拓医用包装材料（苏州） 有限公司,Olive Healthcare Packaging,N4-C301,N4,CHINA,cat-13,"奥力拓医用包装是全球领先的为医疗器械和制药制造商提供灭菌袋，盖材、卷料、袋内支撑卡的专业公司, 并以卓越的质量体系和技术创新服务全球医疗市场。奥力拓致力于病人安危、产品质量和完善的质量控制和管理体系，以保证满足全球医疗器械和药品生产商的严格要求。持续改进理念使得奥力拓专注于为客户提供高质量的产品和服务。",https://www.oliverhcp.cn,https://exhibitors.informamarkets-info.com/event/2026Medtec/en-US/exhibitor/479118/olive-healthcare-packaging,
爱康医疗,Elcam Medical A.C.A.L.,N2-C607,N2,ISRAEL,cat-01,源自以色列的爱康医疗，是一家专注于为医疗器械生产厂家提供各种高品质注塑配件的生产商。其中，位于以色列的 Elcam Medcial 是全球最大三通阀生产商，位于意大利的 EMIT提供全系列的输液及血透配件。基于这些覆盖领域广泛的产品，我们为我们的客户提供一站式的服务。始终如一的高品质、不断创新、具有竞争力的价格是爱康医疗的核心价值，模具与高精密注塑、流体控制解决方案、自动化装配、质控体系是爱康医疗的关键词，我们力争通过产品和服务，为我们的客户带来更多的竞争优势。在产品与服务至上，爱康医疗给客户带来的更是一个承诺：使命必达，精益求精,https://www.elcam-medical.com,https://exhibitors.informamarkets-info.com/event/2026Medtec/en-US/exhibitor/479119/elcam-medical-a-c-a-l-,
广东安中医疗器械有限公司,ANNTOMMED,N2-C705,N2,CHINA,cat-16,专注精密医疗弹簧管与多股弹簧管，为客户提供导丝、导管产品的研发定制服务。生产能力最小线径：0.0127mm，最小外径：0.08mm。可实现变径、变节距、不同线径同步绕线，并支持单层、双层、三层多股弹簧管的全规格定制。,https://www.lingdianqy.com,https://exhibitors.informamarkets-info.com/event/2026Medtec/en-US/exhibitor/479120/anntommed,https://image.imconlinereg.com/mm-mtc/2026-07-18/88B23071F5D880F82D60662EAD974AB0.pdf;https://image.imconlinereg.com/mm-mtc/2026-08-05/305F158654E140F8FA0DBFA98ED46D9E.pdf
特瑞堡密封系统(中国)有限公司,"Trelleborg Sealing Solutions (China) Co., Ltd",N2-F102,N2,SWEDEN,cat-01,特瑞堡医疗系统是一家提供高精密微型部件、医用硅胶导管、薄片、多组分模压件以及集成化解决方案的全球领先供应商，能够为全球范围内的客户提供专业的技术支持。凭借几十年为医疗行业提供解决方案的经验，我们已经成为体外诊疗、生物技术、医疗设备行业内的优秀部件供应商。,https://www.trelleborg.com/zh-cn/medical,https://exhibitors.informamarkets-info.com/event/2026Medtec/en-US/exhibitor/479121/trelleborg-sealing-solutions-(china)-co---ltd,https://image.imconlinereg.com/mm-mtc/2025-08-06/1F4453151E434465AEFEE053042E7D16.pdf
北京洁创环保科技有限公司,"Beijing JC·trust Environmental Protection Technology Co., Ltd",N3-B508,N3,CHINA,cat-14,北京洁创环保科技有限公司成立于2016年，专注于超洁净精密清洗和表面处理的研发与应用。产品涵盖智能清洗设备、荧光检测设备、阳极氧化设备等，广泛应用于医疗、半导体、航空航天、汽车等行业，并积累了丰富的行业经验与技术成果。公司已取得多项发明专利与软件著作权，通过ISO等多项体系认证，荣获国家高新技术企业称号。洁创天津公司，聚焦医疗与半导体这两个对洁净度与工艺控制要求更高的领域，专注于设备研发与智能制造。针对清洗后脏污异色/残留超标、深/盲孔除油和烘干不彻底、阳极氧化着色不均/耐热性能差等难题，为客户提供智能化、超洁净、可追溯、工艺稳定的一体化解决方案，助力行业技术升级与国产替代。,http://www.jc-ep.com.cn/,https://exhibitors.informamarkets-info.com/event/2026Medtec/en-US/exhibitor/479122/beijing-jc·trust-environmental-protection-technology-co---ltd,https://image.imconlinereg.com/mm-mtc/2026-06-16/DE72F54CB6B283FBB69CA5EAF5B1763C.pdf
杰美特涂层科技（厦门）有限公司,jMedtech (Xiamen) Coating Technology Co. Ltd.,N2-D210,N2,CHINA,cat-14,杰美特成立于2013年，总部位于新加坡，是一家专注医疗涂层与高性能医用管材研发与制造的国家高新技术企业，致力于推动医学材料在介入与微创领域的应用。公司以医学材料技术为核心，自主开发亲水超滑涂层、抗凝血涂层等涂层产品，并提供医用涂层整体解决方案；同时在PTFE医用管材、热缩管、PI管及精密挤出管等领域持续深耕，广泛应用于介入与输送类医疗器械。生产方面，公司严格执行ISO13485质量体系，配备万级洁净车间与先进设备，确保产品质量稳定可靠。目前，公司已服务全球600余家客户，产品覆盖欧洲、美洲、中东及东南亚等30多个国家和地区。未来将持续以技术创新驱动发展，专注医疗核心材料领域。,https://www.jmedtech.cn,https://exhibitors.informamarkets-info.com/event/2026Medtec/en-US/exhibitor/479270/jmedtech-(xiamen)-coating-technology-co--ltd-,https://image.imconlinereg.com/mm-mtc/2026-07-03/EB3CDF41F989533FD3403736CCD9EE7B.pdf
维钧科技（四川）有限公司,visionjoin Technology,N1-C707,N1,CHINA,cat-02,维钧科技专注于形状记忆合金、镍基高温合金、高端医用不锈钢三大核心赛道。是国内为数不多的集核心工艺研发、全产业链生产、销售公司。产品覆盖线材、管材、片材、绳材的全品类、高精度产品矩阵。公司深度联动美国普渡大学Michael Titus科研团队，建立长期产学研战略合作，构建了从基础理论研究、中试工艺验证到规模化量产的完整产业链闭环，持续赋能多领域的技术革新与应用突破，助力产业高端化升级。,https://www.visionjoin.tech,https://exhibitors.informamarkets-info.com/event/2026Medtec/en-US/exhibitor/479384/visionjoin-technology,https://image.imconlinereg.com/mm-mtc/2026-07-31/3B5E3E3136BC840AE336A95BDEFAD203.pdf
粤翼精密科技（广东）有限公司,"Yueyi Precision Technology (Guangdong) Co., Ltd.",N3-G206,N3,CHINA,cat-02,粤翼精密(广东)有限公司拥有一座4000平方米的独立设施，设有私人庭院。我们专注于为航空、军事、医疗、机器人和自动化设备等行业制造高精度零部件。我们的服务涵盖航空航天铝合金零件、军用设备零部件、医疗零件、定制阳极氧化铝加工，钛合金和镁合金以及不锈钢和碳纤维等材料的高精密零件加工和五轴高精密零件加工。我们支持多种应用，包括无人机/半导体/医疗/船舶/机器人汽车/航空。凭借完整的产业链能力，我们致力于提供完全合规且可靠交付的精密加工解决方案。我们诚挚邀请您光临我们的设施进行进一步交流，并期待通过我们的专业技术与您合作。,https://www.yueyiok.com,https://exhibitors.informamarkets-info.com/event/2026Medtec/en-US/exhibitor/479385/yueyi-precision-technology-(guangdong)-co---ltd-,https://image.imconlinereg.com/mm-mtc/2026-04-27/99822087793960315DDD1C916F3FB0AC.pdf;https://image.imconlinereg.com/mm-mtc/2026-04-27/73702A1C36CC8FD58FFF69E7D4C77E74.pdf
连云港海微光电科技有限公司,"Suzhou Haiwei Advanced Materials Co., Ltd.",N1-H308,N1,CHINA,cat-08-2,海微新材长期聚焦于超声波换能器核心产品及应用，致力于成为压电技术解决方案供应商。公司核心团队来自于清华大学、华中科技大学和同济大学及上海材料所等国内头部科研院所，拥有完整的从底层陶瓷材料到器件设计及行业应用解决方案的正向开发能力，产品覆盖空气耦合检测、无损检测、医疗聚焦超声波换能器、医美聚焦等，应用于工业流量计量、医疗医美、半导体装备和工业无损等多领域，并持续服务各领域头部客户。,http://www.haiwei-o.com/,https://exhibitors.informamarkets-info.com/event/2026Medtec/en-US/exhibitor/479437/suzhou-haiwei-advanced-materials-co---ltd-,https://image.imconlinereg.com/mm-mtc/2026-05-27/33976049DC3B8718528367DF7D7DAE44.pdf;https://image.imconlinereg.com/mm-mtc/2026-05-27/84F45A33A6FB04BB9F2B9347AD96436D.pdf
宁谷科技（北京）有限公司,"Solidification Technology (Beijing) Co., Ltd.",N1-A804,N1,CHINA,cat-02,公司聚焦国家高性能特种合金需求，攻克高活、难熔、多元复杂合金超高温洁净熔炼及粉末、丝材、棒材及构件短流程低成本一体化成形卡脖子技术，拥有全链条知识产权 30 余项，技术国内唯一、国际领先。获金砖国家发明展金奖、日内瓦国际发明展银奖、军委原创技术挑战赛三等奖，被光明日报、河北卫视专题报道。面向兵器、航空航天、核能、消费电子等千亿级市场，提供材料、工艺、装备一体化解决方案与关键部件产品。,,https://exhibitors.informamarkets-info.com/event/2026Medtec/en-US/exhibitor/479438/solidification-technology-(beijing)-co---ltd-,https://image.imconlinereg.com/mm-mtc/2026-07-02/FE9622B7566B5559933FC91C1F604012.pdf
浙江海顺新材料有限公司,HYSUM FLEXIBLES LIMITED,N4-A106,N4,CHINA,cat-13,海顺新材创立于2005年，是可回收材料创新领军者、高阻隔软包装领域的龙头企业。围绕医疗器械包装对安全防护、阻隔、热封、成型及耐穿刺性能的需求，海顺新材构建了涵盖吹膜、流延、多层共挤、涂布及镀铝等工艺的技术与制造体系，实现从基材制备到功能化加工的一体化生产。公司产品涵盖多层共挤高功能膜、高阻隔膜、功能性涂布膜、镀铝膜及多层共挤片材，可应用于医疗器械、医用耗材、诊断产品及健康护理产品等包装场景。依托持续的技术创新与绿色发展战略，海顺新材不断推进可回收材料与高性能膜材技术升级，为全球软包装市场提供稳定、可靠的集成解决方案。,https://www.hysum.com.cn,https://exhibitors.informamarkets-info.com/event/2026Medtec/en-US/exhibitor/479562/hysum-flexibles-limited,https://image.imconlinereg.com/mm-mtc/2026-07-24/80AF23FA93E15429780C0B6E4065AF30.pdf
常州新竹材料科技有限公司,"Changzhou Xinzhu Material Technology Co,Ltd.",N1-H803,N1,CHINA,cat-02,常州新竹材料科技有限公司成立于2014年，公司位于江苏省常州市科教城。专注于医用金属材料，为广大医疗器械厂家提供高质量金属材料及集成部件。,https://www.xinzhu-tech.com/,https://exhibitors.informamarkets-info.com/event/2026Medtec/en-US/exhibitor/479563/changzhou-xinzhu-material-technology-co-ltd-,
上海昊丰医疗科技有限公司,"Shanghai Hao Feng Medical Technology Co.,Ltd",N2-A001,N2,CHINA,cat-15,上海昊丰医疗科技有限公司始创于2013年，下辖美度可医疗科技（上海）有限公司、昊丰智造科技（珠海）有限公司等，集团总部现位于上海临港新片区生命蓝湾板块，在上海和珠海建立了研发和生产基地。公司拥有设备平台、部件平台、能量平台三大产业平台，拥有一支在行业内超过十年以上经验的技术团队和管理团队。  是国内领先的三类介入医疗器械CDMO平台型公司，致力于服务全球介入医疗器械制造商。提供从产品研发、注册前生产、到上市后合约生产的全方位服务。,https://www.hfmedtech.com/,https://exhibitors.informamarkets-info.com/event/2026Medtec/en-US/exhibitor/479653/shanghai-hao-feng-medical-technology-co--ltd,https://image.imconlinereg.com/mm-mtc/2026-07-24/D8BDCF93FB3681B54EB7EF1F038BBE11.pdf
厦门听涛新材料有限公司,"Shanghai Tingtao Chemical Co., Ltd",N2-H312,N2,CHINA,cat-01,上海听涛化工有限公司隶属于厦门听涛新材料有限公司，作为集团在华东地区的重要运营平台，专注于高性能医疗及工业用高分子材料的供应与改性。公司主营产品包括万华医疗级TPU、朗腾医疗级TPE、台湾介明医疗级PVC以及中研医疗级PEEK，广泛应用于医疗器械、导管、穿刺及成像等精密领域。公司在上海设有现代化改性工厂，产品体系涵盖螺杆清洗剂、含钡显影材料、导电与防静电材料、超耐磨配材料、碳纤/玻纤增强材料及透明阻燃材料，满足不同高端应用需求。厦门听涛已在全国设立13家分公司，上海听涛为其中核心一员，并在越南设有子公司，服务网络覆盖整个亚太制造核心区域，致力于为客户提供高效、可靠的材料解决方案与本地化技术支持,https://www.tingtaochina.com,https://exhibitors.informamarkets-info.com/event/2026Medtec/en-US/exhibitor/479819/shanghai-tingtao-chemical-co---ltd,https://image.imconlinereg.com/mm-mtc/2025-08-04/5571269A9CE1C2BC08FEC2CB821B566E.pdf;https://image.imconlinereg.com/mm-mtc/2026-07-06/B220AC21223FDA0675B123DBF81D2AEE.pdf
法福来医疗科技（江苏）有限公司,Forefront Medical Technology (Jiangsu) Co.，Ltd.,N3-B608,N3,SINGAPORE,cat-15,法福来医疗一直致力于医疗器械的前瞻科技，关注并不断了解市场需求。公司通过 ISO13485 认证及 FDA 注册，为您提供包括注塑、挤出、吹塑、装配、包装等一系列的专业服务，是您首选的合作 伙伴。此外，法福来医疗器械在协同产品设计和研发、SLS 快速成型和模具制造方面优势突出， 在净化车间进行生产、装配和包装，并可为客户提供消毒灭菌及物流配送一站式服务。根据客户 的不同需求，我们能为客户量身设计新产品或改进现有产品，从产品设计、生产到包装灭菌，一 体化的服务让客户的构想成为现实。为了拓展欧洲业务，公司于2020年初全资收购了英国Arrow Medical公司。,https://www.forefrontmedical.com,https://exhibitors.informamarkets-info.com/event/2026Medtec/en-US/exhibitor/479820/forefront-medical-technology-(jiangsu)-co-，ltd-,
广州昊毅新材料科技股份有限公司,GUANGZHOU HAOYINEW MATERIALS TECHNOLOGY CO..LTD,N2-H512,N2,CHINA,cat-04,广州昊毅新材料科技股份有限公司（简称“昊毅新材”）成立于 2009 年，是一家集科研、生产、技术服务和销售于一体的国家高新技术企业。作为广东省认定的聚氨酯功能材料工程技术研究中心，昊毅新材汇聚了超过 50 名行业顶尖技术人才，配备了世界一流的实验设备，致力于为全球客户提供定制化的高性能材料解决方案。我们国家鼓励国内医疗器械加快创新做大做强，实现进口替代，昊毅新材响应国家的号召，成立医疗事业部致力于新材料在医疗器械上的应用与开发，为客户提供更优越、更便捷、更环保的新型材料及应用解决方案。主要医疗产品包括：植介入亲水抗凝涂层、植介入粘接剂、敷料材料、医用聚氨酯压敏胶、医用透气聚氨酯薄膜材料等。,https://www.puchem.com,https://exhibitors.informamarkets-info.com/event/2026Medtec/en-US/exhibitor/480063/guangzhou-haoyinew-materials-technology-co--ltd,https://image.imconlinereg.com/mm-mtc/2025-07-02/1D43FB8E265819AC2B8F54AB708B5E6B.pdf
Star Steel Precision Works (HK) Limited,Star Steel Precision Works (HK) Limited,N3-F609,N3,"Hong Kong,S.A.R.,China",cat-02,星鋼成立於2008年，總部設於香港，製造工廠位於中國東莞。我們專注於高精度CNC車削與銑削，可加工直徑由2毫米至250毫米的各類零件，材料涵蓋黃銅、紫銅、鋼、不鏽鋼、鋁合金及工程塑膠。憑藉嚴謹的品質管控，我們可達到直徑0.005毫米及長度0.02毫米的公差要求。除CNC加工外，我們亦與多家在沖壓、鈑金加工、壓鑄、鑄造、粉末冶金及塑膠零件製造方面具豐富經驗的可靠合作夥伴緊密協作，為客戶提供完善的一站式服務。我們的零件廣泛應用於醫療設備、汽車零件、家用電器、辦公設備、電信、電腦配件及電子產品等多個行業。目前，約80%的業務來自日本、德國及美國等海外客戶。,https://www.jmmetalparts.com,https://exhibitors.informamarkets-info.com/event/2026Medtec/en-US/exhibitor/480064/star-steel-precision-works-(hk)-limited,https://image.imconlinereg.com/mm-mtc/2026-06-01/2FA9F96B9B459366FA4B303D847B2B0E.pdf;https://image.imconlinereg.com/mm-mtc/2026-06-01/4F089DCB645CC36B7F06CF9B63AD13D8.pdf
东莞市晶木模具塑胶制品有限公司,"Dongguan Jingmu Mould Plastic Products Co.,Ltd",N3-A210,N3,CHINA,cat-09,·医疗器械类模具.汽车空调类模具·汽车接插类模具·通讯器材类模具智能家居类模具·安全防护类模具·移动支付类模具的设计以及注塑成型等一站式服务,https://www.jingmumould.com,https://exhibitors.informamarkets-info.com/event/2026Medtec/en-US/exhibitor/480143/dongguan-jingmu-mould-plastic-products-co--ltd,https://image.imconlinereg.com/mm-mtc/2025-08-02/9DB51FE3DCAFE41588216043359A8BE9.pdf
浙江贝特利医疗科技有限公司,"Zhejiang Betely Medical Technology Co.,Ltd",N1-H118,N1,CHINA,cat-02,浙江贝特利医疗科技有限公司成立于2016 年 12 月，是一家专业生产各类医用针管及制针设备的厂家。企业具有从不锈钢钢带焊接到减壁拉管的一整套工艺和设备，常年给日资尼普洛（上海）公司提供配套、。我司专业生产医疗行业的各种规格用于人体肌肉注射和静脉输液的不锈钢针管，针管外径从 0.18mm-1.63mm。质量体系完整，拥有医疗器械ISO-13485质量管理体系、汽车生产件IATF-16949:2016质量管理体系双认证。管理措施到位，针管一致性高，产品稳定可靠，目前公司的针管年产量达到 30 亿支。针管产品覆盖国内前沿大型医疗器械公司，并远销巴西、埃及、印度等国家，获得客户的一致好评。,https://www.zjbtl.com,https://exhibitors.informamarkets-info.com/event/2026Medtec/en-US/exhibitor/480196/zhejiang-betely-medical-technology-co--ltd,
苏州熠品质量技术服务有限公司,EPINTEK,N4-D302,N4,CHINA,cat-17,熠品（EPINTEK）是具有政府投资背景的医疗器械技术服务平台，聚焦医疗器械、生物医用材料及生物医药领域，提供临床前研究、检验检测、法规注册、临床试验CRO一体化服务。公司运营中心设于上海，在苏州、贵阳、合肥布局多座专业实验室，是国内少有的重资产合同研发外包实验室。实验室拥有CNAS、CMA及美国A2LA、IAS等资质，生物实验室符合FDA GLP体系，可面向中、美、欧市场提供合规研发检测服务。业务覆盖电气安全、EMC、清洗消毒灭菌验证、理化性能、动物试验等检测，及风险分析、临床评价等技术服务。资深法规与临床团队熟悉全球主流市场法规，可提供全链条服务支撑注册申报。,https://www.epintek.com/,https://exhibitors.informamarkets-info.com/event/2026Medtec/en-US/exhibitor/480197/epintek,https://image.imconlinereg.com/mm-mtc/2026-04-27/1394E218FE85FBE6AAE6449830EAC289.pdf
希迪麦欧科技（上海）有限公司,CDMO TECH(ShangHai).Co.Ltd.,N1-F803,N1,CHINA,cat-08-4,希迪麦欧科技（上海）有限公司是一家深耕医疗器械领域的公司，提供端到端的医疗器械解决方案-------从概念设计到全球合规与生产。公司总部位于华东地区，在上海和南京设有研发和生产基地。凭借十余年的医疗器械研发经验，我们已服务了从初创公司到全球企业的各类客户，业务遍及欧盟、美国和中东地区。,,https://exhibitors.informamarkets-info.com/event/2026Medtec/en-US/exhibitor/481175/cdmo-tech(shanghai)-co-ltd-,
上海浦雄实业有限公司,"Shanghai Puxiong Industrial Co., Ltd.",N3-F102,N3,CHINA,cat-13,"上海浦雄实业有限公司是集研发、生产、销售于一体的上海市高新技术企业，上海市""专精特新""企业，小巨人培育企业。主要产品有：高周波全自动生产线、血袋、液袋、尿袋制袋系列设备，生物制药一次性容器制袋系列设备，医用敷料高频焊接系列设备/医用灭菌袋封口系列设备、医疗器械包装封口系列设备等。",https://www.chinapuxiong.cn,https://exhibitors.informamarkets-info.com/event/2026Medtec/en-US/exhibitor/481241/shanghai-puxiong-industrial-co---ltd-,https://image.imconlinereg.com/mm-mtc/2025-07-25/B09A5D5B8C8880F605A0112B43ECCDDF.pdf;https://image.imconlinereg.com/mm-mtc/2026-01-20/C2B70BA84E1B67E3BF91CCAC24CCC12E.pdf
"Guangzhou Honghui Hardware Spring Co., Ltd.","Guangzhou Honghui Hardware Spring Co., LTD",N2-D402,N2,CHINA,cat-02,广州洪辉五金弹簧有限公司成立于2003年，是一家拥有先进的生产技术和先进设备的精细弹簧制造企业。公司引进日本先进的制造设备，有丰富经验的高端技术人员加工，生产出世界上最精细的弹簧。我司可提供线径0.02mm，外径0.08mm的极细弹簧。公司产品广泛应用在医疗器械内微导管、导丝，电子测试业探针，手机、航空航天、精密机械等行业。经过十多年的耕耘，洪辉已发展为一家研发技术创新，管理系统先进的公司，在医疗器械、精密弹簧行业，已成功取代日本、美国等国家的进口弹簧。并通过了IATF16949/ISO13485:2016/ISO9001:2008 版质量管理体系认证。竭诚为客户提供高精细，高性价比的产品。,https://gzhhth.1688.com,https://exhibitors.informamarkets-info.com/event/2026Medtec/en-US/exhibitor/481242/guangzhou-honghui-hardware-spring-co---ltd,https://image.imconlinereg.com/mm-mtc/2025-05-29/DCD9AEE08A5EF826C1AEDA3618DAE092.pdf
广州境成医疗技术有限公司,"Guangzhou Gngcheng Medical Technology Co., Ltd.",N2-G307,N2,CHINA,cat-05,广州境成是一家专注于高端氟材料精密制造的医疗器械配件制造企业，致力于为全球医疗器械行业提供定制化、高性能的氟聚合物解决方案我们的核心技术源于一支由海外资深专家领衔的研发团队。他们深耕国际氟材料行业数十年，带来了全球领先的工艺理念、严格的质量标准与前瞻性的应用经验。这支团队是我们技术创新与工艺精进的基石，确保我们的解决方案始终与国际前沿技术同步。,,https://exhibitors.informamarkets-info.com/event/2026Medtec/en-US/exhibitor/481358/guangzhou-gngcheng-medical-technology-co---ltd-,https://image.imconlinereg.com/mm-mtc/2026-05-13/BD8E159B056E14E75E2D2DC4A6C32585.pdf;https://image.imconlinereg.com/mm-mtc/2026-05-13/6CDF96387D4C34477B4F405FB8661D6F.pdf
中山市钜泰硅胶科技有限公司,"Zhongshan Jvtech Silicone Technology Co., Ltd.",N2-F707,N2,CHINA,cat-01,中山市钜泰硅胶科技有限公司是专注液态硅胶模具研发及生产制造为一体的服务商，成立于2012年，服务内容包括液态硅胶精密件、双色多物料及多次注射成型，致力于医疗、光学、汽配、电子、母婴等行业提供高性价比服务。,https://www.jt-lsr.com.cn,https://exhibitors.informamarkets-info.com/event/2026Medtec/en-US/exhibitor/481359/zhongshan-jvtech-silicone-technology-co---ltd-,https://image.imconlinereg.com/mm-mtc/2026-04-24/2B42DF813B686881F9661C56D60073E9.pdf;https://image.imconlinereg.com/mm-mtc/2026-04-24/3140A51280E7890B66FB0721167EA767.pdf
西安马克医疗科技有限公司,"Xi 'an Ma Ke Medical Technology Co., Ltd.",N4-B501,N4,CHINA,cat-10,西安马克医疗科技有限公司创建于2018年，位于中国西安，是一家提供综合性医学数字服务的国家级高新技术企业，旨在为广大患者、临床专家、科研机构等提供以医学3D打印为基础的全方位临床数字医疗解决方案。马克医疗作为海内外知名领先的精准化数字医疗解决方案服务商，始终站在数字精准医学和医学增材制造行业发展的前沿，与全球20多个地区的300+医院进行临床及科研合作，协同制定个性化医学诊疗方案。公司拥有6000平米的生产基地和现代化研发中心，与国内外医学专家合作致力于科研创新。已在新疆、云南、湖北、山西、吉林等地设立分中心，并与多家医院共建医学3D打印联合实验室，持续提供高质量的医疗3D打印服务和解决方案。,http://www.makemed3d.com,https://exhibitors.informamarkets-info.com/event/2026Medtec/en-US/exhibitor/481360/xi-'an-ma-ke-medical-technology-co---ltd-,https://image.imconlinereg.com/mm-mtc/2026-07-22/6833A38A0AF1D0496780A615AB5312CD.pdf;https://image.imconlinereg.com/mm-mtc/2026-07-22/BE6B3BB9CD5BD494EA825A37B6EF6D99.pdf
上海弗鲁奇生物科技有限公司,"Shanghai Flow-rich Biotechnology Co., Ltd.",N4-C701,N4,CHINA,cat-06,上海弗鲁奇生物科技有限公司是一家基于生物芯片和生命科学与技术的科技公司，主要以生物微流控芯片设计与加工制造、基于电信号的类器官早期设计与验证、外泌体高效提纯与鉴定、核酸与蛋白质片上检测、以及高性能疫苗佐剂为主营业务的综合性企业。公司核心团队长期处于生物芯片与生命科学领域，近十年来积累了丰富的技术和市场化的产品研发经验。已与国内十多家科研机构、企事业单位建立了长期的合作关系，开发出了多款相关领域的核心产品，包括基于生物微流控技术的片上检测芯片及外泌体提纯芯片、基于核心芯片技术的提纯、检测与识别的技术平台，以及基于微反应器芯片的疫苗佐剂等产品，欢迎相关单位咨询洽谈！,https://www.flow-rich.cn/sy,https://exhibitors.informamarkets-info.com/event/2026Medtec/en-US/exhibitor/481362/shanghai-flow-rich-biotechnology-co---ltd-,
株式会社青海製作所,"Aomi Precision Co.,Ltd.",N1-B708,N1,JAPAN,cat-10,我公司凭借世界一流的超精密零件加工技术，在医疗、汽车、半导体、光学设备、航空航天/国防等高精度领域占据领先地位，并积极拓展海外市场。尤其在医疗领域，我们作为一家合作开发型全球供应商，与欧美领先的医疗器械制造商携手合作，从设计阶段就参与其中，赢得了良好的声誉。其中，我们生产的用于眼科的微型组件，例如青光眼治疗支架，因其对难加工材料的先进加工工艺、镜面抛光效果和亚微米级精度而备受赞誉，并供应给世界各地的医疗器械制造商，主要集中在欧美市场。,https://aomi-ss.biz/,https://exhibitors.informamarkets-info.com/event/2026Medtec/en-US/exhibitor/481363/aomi-precision-co--ltd-,https://image.imconlinereg.com/mm-mtc/2026-07-01/1E5F0B65C84CCDABD8745AC28B11C2F7.pdf;https://image.imconlinereg.com/mm-mtc/2026-07-01/CC72F4482C34CFA54DF714CC72F89A36.pdf
杭州伊迈管件有限公司,"Hangzhou Yimai Pipe Fittings Co.,Ltd",N1-G804,N1,CHINA,cat-06,杭州伊迈管件有限公司，位于浙江省杭州市是一家集研发、销售、售后于一体的生产企业。旗下拥有“YM伊迈”“Yimai-Lok”品牌，现主要产品包括不锈钢卡套接头、黄铜卡套接头、卡套球阀、以及集中供气系统的安装及其附件。伊迈以精工细作为鲜明特色，倡导“精研创新、自主科技、品质优良、服务全域”的企业精神，在服务上充分考虑客户需求，以质量为企业核心竞争力。未来，我们将不断增强企业的生产实力，服务于工程机械、船舶机械、液压设备、石油化工、机床设备等流体设备领域。,,https://exhibitors.informamarkets-info.com/event/2026Medtec/en-US/exhibitor/482021/hangzhou-yimai-pipe-fittings-co--ltd,
苏州喜健新材料科技有限公司,"SUZHOU XIJIAN NEW MATERIALS TECHNOLOGY CO., LTD.",N1-H401,N1,CHINA,cat-02,苏州喜健新材料科技有限公司成立于2024年，是一家集医用特种材料加工、精密机加工、模具开发、洁净生产、检测封装于一体的高新技术企业，专业为医疗器械厂商提供定制化精密零部件一站式解决方案，深耕微创外科、骨科植入、体外诊断、介入耗材、医疗设备五大核心赛道。公司位于江苏省苏州市太仓沙溪昭溪路88号七溪生物硅谷园内，占地面积约4500m2公司注册资金为1000万元人民币，以先进的经营体系和完善的管理制度为保障，为用户提供满意的产品和服务。,https://WWW.XIJIAN.XYZ,https://exhibitors.informamarkets-info.com/event/2026Medtec/en-US/exhibitor/482022/suzhou-xijian-new-materials-technology-co---ltd-,https://image.imconlinereg.com/mm-mtc/2025-08-07/596E964FAC4D310444B0069CE83CE8EF.pdf
青岛凯瑞电子有限公司,"Qingdao Kairui Electronics Co., Ltd.",N4-G102-3,N4,CHINA,cat-03,青岛凯瑞电子有限公司成立于1999年，是专业研制体内用钛壳和陶瓷与金属封接的企业，凭借近20年专研体内医疗组件的技术沉淀和严苛的质量把控，目前已经形成了一套完整的技术体系，实现了电气性能、物理性能、化学性能、环境适用性及特殊要求的可靠性。,http://www.qdkerry.cn/,https://exhibitors.informamarkets-info.com/event/2026Medtec/en-US/exhibitor/482117/qingdao-kairui-electronics-co---ltd-,https://image.imconlinereg.com/mm-mtc/2026-06-10/1D540C061C6E33F15D06C5FBEC60FF98.pdf
昆山大伟印刷科技有限公司,"Kunshan DAVID printing technology Co., Ltd.",N1-G707,N1,CHINA,cat-08-6,昆山大伟印刷科技有限公司（简称「大伟印刷」）成立于1993年，是扎根昆山开发区的资深科技型企业。现已发展为亚太地区领先的科技型印刷解决方案服务商。公司专注于高品质印刷与绝缘麦拉产品，为全球消费电子、工业电子、汽车、新能源及医疗器械等领域提供从设计到量产的一站式服务。依托区位优势与持续研发投入，大伟印刷已累积多项核心技术利，涵盖无缝拼接、精密模切等关键工艺，并先后荣获高新技术企业、专精特新中小企业及国家级绿色工厂等权威认证。通过严谨的质量管理体系与安全生产标准化建设，公司致力于以科技驱动产业革新，做客户值得信赖的长期战略伙伴。,https://www.david-printing.com/,https://exhibitors.informamarkets-info.com/event/2026Medtec/en-US/exhibitor/482150/kunshan-david-printing-technology-co---ltd-,https://image.imconlinereg.com/mm-mtc/2026-05-22/1D156D3D9E46A1BA088A0CAD0D85E62A.pdf
湖南思捷泰克医疗科技有限公司,"Hunan Surgery-Tech Medical Technology Co., Ltd.",N3-G701,N3,CHINA,cat-15,思捷泰克医疗成立于2019年，是一家专注于外科手术器械研发、生产与销售的高新技术企业。我们的产品主要服务于肿瘤外科治疗领域，当前包括：超声刀，吻合器，活检针， PICC；并且支持OEM/CDMO服务。,https://surgery-tech.com/,https://exhibitors.informamarkets-info.com/event/2026Medtec/en-US/exhibitor/482151/hunan-surgery-tech-medical-technology-co---ltd-,https://image.imconlinereg.com/mm-mtc/2026-07-14/E74977EB9C7F9F7F906EDADBCE60B957.pdf;https://image.imconlinereg.com/mm-mtc/2026-07-14/A2096B8ED9BE61FDFDA934987CF9B705.pdf
广东力人科技有限公司,Power On Medical,N2-C708,N2,CHINA,cat-06,"广东力人科技有限公司1996年始建于广东省东莞市清溪镇。经过数年努力，成为了中国领先的医疗器械全球供应商。涵盖产品研发，设计，制造及组装等一站式服务的加工体系，全方位为客户提供配套包含产品研发，模具设计，模具加工，注塑生产，挤出产品，组装和测试等技术支持与服务。长期以来一直以市场和科技为依托，采用德国和日本先进技术及管理模式，相继通过了ISO 13485, IATF 16949和ISO 9001等多项质量管理体系认证。配备7级和8级无尘注塑及组装车间，配备机械手实现全自动生产。经过三十年的蓬勃发展，专注于医疗器械产品研发制造，配备自主研发中心和实验室，同时已经在马来西亚设厂以满足全球客户的需求",https://www.poweronmedical.com,https://exhibitors.informamarkets-info.com/event/2026Medtec/en-US/exhibitor/482152/power-on-medical,https://image.imconlinereg.com/mm-mtc/2026-05-13/55A6219174B1EF6D39D21C1D00D84C7A.pdf
成都思瑞定生命科技有限公司,"Chengdu ThreeDing Lifesciences Co.,Ltd",N1-F810,N1,CHINA,cat-08-2,成都思瑞定生命科技有限公司是一家位于中国四川省成都市的高科技企业。公司专注于研发、生产和销售磁定位系统和磁定位传感器，致力于为全球客户提供创新的电磁传感技术解决方案。,https://www.cdthreed.cn,https://exhibitors.informamarkets-info.com/event/2026Medtec/en-US/exhibitor/482170/chengdu-threeding-lifesciences-co--ltd,
常熟市森焱机械科技有限公司,"Changshu Senyan Machinery Technology Co., Ltd.",N3-A401,N3,CHINA,cat-11,常熟市森焱机械科技有限公司前身为常熟尚湖高科科技设备厂，2009年3月成立，坐落于常熟尚湖镇，交通便捷，发展条件优越。公司深耕医疗器械自动化设备研发制造，2023年获评国家高新技术企业，手握十余项发明及实用新型专利，技术实力扎实。公司主营14G-26G留置针熔头模具、成型芯棒，同时生产导尿管、胰岛素配件、金属鞘管等医用精密成型模具；除标准设备外，可按需定制非标自动化产线，适配医疗耗材多样化生产需求。企业秉持“创新驱动、质量为本”理念，依托自研技术为客户提供稳定高效的生产方案。未来将持续精进精密制造与自动化技术，严控品质、升级服务，赋能医疗生产行业稳步发展。,,https://exhibitors.informamarkets-info.com/event/2026Medtec/en-US/exhibitor/482190/changshu-senyan-machinery-technology-co---ltd-,https://image.imconlinereg.com/mm-mtc/2026-06-24/5539F50614A08F9587129E8A4F1A4710.pdf;https://image.imconlinereg.com/mm-mtc/2026-06-24/A8ED5CCCDB2E33A61EE527618A477D3B.pdf
斯坦德科创医药科技（青岛）有限公司,"Standard Sci-tech Innovation  (Qingdao) Pharmaceutical Technology Co., Ltd.",N4-D106,N4,CHINA,cat-17,"斯坦德检测集团股份有限公司（简称“斯坦德集团”），是一家以生物医药及生命科学领域为核心的综合型高科技服务企业。斯坦德医疗器械作为斯坦德集团核心业务领域之一，具备国家级CMA、CNAS GLP、CNAS资质及实验动物使用许可，构建了覆盖医疗器械全生命周期的综合服务体系。拥有36,000㎡现代化实验基地，包含28,000㎡动物实验基地。配备600余台大型精密设备，可为有源与无源医疗器械提供产品研发与测试、临床前安全性评价、临床评价、注册申报及上市后再评价等全流程服务。累计助力2000余款医疗器械成功获批，持续助推合作伙伴加速产品上市进程，为医疗行业创新转化与全球化布局提供技术保障。",https://www.sitande.com/,https://exhibitors.informamarkets-info.com/event/2026Medtec/en-US/exhibitor/482191/standard-sci-tech-innovation--(qingdao)-pharmaceutical-technology-co---ltd-,https://image.imconlinereg.com/mm-mtc/2026-06-15/53EA2149CDE7ACB45B2E59D192CB13F4.pdf
镇江德诺信光电科技有限公司,"De Nuoxin Photonics Co. , Ltd",N1-G805,N1,CHINA,cat-15,德诺信光电专注有源医疗器械开发，立足打造光声电有源平台，降低有源医疗器械研发和制造门槛，聚焦有源医疗器械CDMO，为医疗器械企业提供优质产品和服务，有效缩短开发周期，助力国内医疗器械行业。现有眼科和腔道OCT产品及配件、震波主机及核心模块(冠脉、外周及瓣膜)、超声RDN主机等产品。,http://www.denuoxin.cn,https://exhibitors.informamarkets-info.com/event/2026Medtec/en-US/exhibitor/482192/de-nuoxin-photonics-co----ltd,
东莞市六钧电子五金有限公司,"Dongguan Legion Electronic & Hardware Co.,Ltd",N1-G307,N1,CHINA,cat-08-3,东莞市六钧电子五金有限公司 LEGION 1993年始创于台湾，具备30多年的专业制造经验，在东莞拥有厂房面积25000平方米，员工500余人，服务客户5000+，产品有UL、VDE、ENEC欧规美规、CQC、KC等国内外安规认证，销售覆盖全球30多个国家和地区。公司产品品类齐全，目前有跷板电源开关、按键电源开关、旋转电源开关、滑动（电压选择）开关、微动开关、过载保护开关、AC插座等系列安规认证产品。除了自有的产品之外，我们也欢迎客户共同设计产品，增加更多产品定制化方案。,https://www.legion-switch.com,https://exhibitors.informamarkets-info.com/event/2026Medtec/en-US/exhibitor/482354/dongguan-legion-electronic---hardware-co--ltd,https://image.imconlinereg.com/mm-mtc/2026-05-05/17DB786F999777B20A35E71F50059848.pdf;https://image.imconlinereg.com/mm-mtc/2026-05-05/B46864655F5278FDD8E541ED9BC634B7.pdf
无锡信和弹性元件有限公司,"WUXI XINHE ELASTIC COMPONENTS CO.,LTD",N2-G706,N2,CHINA,cat-02,无锡信和弹性元件公司是一家专业生产弹性元件的公司，坐落于长三角经济区的无锡市滨湖区。始建于1995年。现有标准厂房10000平方米，是中国弹簧专业协会成员，本地区精密弹簧专业制造商。公司成立30多年来，为多家知名的汽车制造商配套精密弹簧部件，如特斯拉、小米、BBA、赛力斯等。近年来，按照公司战略发展规划，信和与多家医疗类客户配套医用弹簧部件，致力于持续帮助客户提升产品性能和质量。公司已认真贯彻IATF16949：2016质量体系20多年，并于2025年初顺利通过了ISO13485：2016质量体系的审核。拥有多台先进的、高精度的检测设备，生产设备均来自于知名进口商。信和愿和您携手奔向未来！,,https://exhibitors.informamarkets-info.com/event/2026Medtec/en-US/exhibitor/482505/wuxi-xinhe-elastic-components-co--ltd,
海德韦尔（扬州）能源科技有限公司,Hydrowell  Energy Technologies,N3-G208,N3,CHINA,cat-11,海德韦尔能源科技是一家专注于高效节能透平机械研发与制造的高科技公司，2019年成立于江苏太仓。公司聚焦绿色产业与新兴能源技术，主营业务涵盖工业风机/鼓风机、制冷压缩机等节能透平机械的研发、制造、销售及相关技术服务，产品广泛应用于工业生产设备、医疗设备、制冷传热、通风散热系统等领域，为各类设备提供稳定可靠的空气动力与散热解决方案。公司在浙江嘉兴与江苏扬州建有年产能达1万台的生产基地，严格执行IATF16949及ISO9001质量管理体系，确保产品高可靠性与高效节能。依托经验丰富的研发团队，持续推动技术创新，致力于为客户提供卓越的空气动力解决方案。,https://www.hydrowell-energy.com,https://exhibitors.informamarkets-info.com/event/2026Medtec/en-US/exhibitor/482506/hydrowell--energy-technologies,https://image.imconlinereg.com/mm-mtc/2026-05-14/0833FE3339190FF5801BC19E8F932F6E.pdf;https://image.imconlinereg.com/mm-mtc/2026-05-14/451B4F56E5B5B2BDECE1F46A625F4C7F.pdf
深圳市鑫美创医用包装有限公司,"Shenzhen Xin Mei Chuang Medical Packaging Co.,Ltd",N4-D305,N4,CHINA,cat-13,深圳市鑫美创医用包装有限公司是成立于2024年的专业医用包装服务商，以创新技术和精益品质为核心，为医疗器械提供安全可靠的包装方案，以“专业守护医疗安全”为使命，致力成为医疗行业信赖伙伴。,https://xinmeichuang.com.cn,https://exhibitors.informamarkets-info.com/event/2026Medtec/en-US/exhibitor/482507/shenzhen-xin-mei-chuang-medical-packaging-co--ltd,
柠郝网络服务部,"Suzhou Ninghalo E-commerce Technology Co., Ltd",N1-F820,N1,CHINA,cat-16,为医疗行业提供出海一站式解决方案，通过海外社媒平台，谷歌独立站SEO/GEO，搭建线上外贸获客途径,,https://exhibitors.informamarkets-info.com/event/2026Medtec/en-US/exhibitor/482508/suzhou-ninghalo-e-commerce-technology-co---ltd,
Luxilon Industries NV,Luxilon Industries NV,N2-G213,N2,BELGIUM,cat-01,Luxilon Medical 勒仕珑医疗是一家比利时家族企业，成立于1959年，自1980年代初开始专注于医用单丝的研发与生产，拥有超过30年挤出经验。我们通过ISO 13485和ISO 9001认证，在受控环境内生产高性能单丝，适用于缝合线、疝修补补片、编织结构和其他医疗器械。材料包括PP、尼龙、PET、PLLA、PCL和PGLA等，具备高强度、高稳定性和良好生物相容性，支持超细直径与定制开发，服务全球医疗客户。,https://www.luxilon.be,https://exhibitors.informamarkets-info.com/event/2026Medtec/en-US/exhibitor/482509/luxilon-industries-nv,
中山市杰联胶粘制品有限公司,"Zhongshan JieLian Adhesive Products Co., Ltd.",N2-D506,N2,CHINA,cat-04,中山市杰联胶粘制品有限公司自1995年成立以来，已成为全球领先的纸胶带制造商之一，专注于为汽车、电子、工业、建筑家装及服装等领域提供纸胶带遮蔽解决方案。公司在中山市三角镇及江门市新会区设有两大生产基地，总地面积140亩，年产量可达3亿㎡。杰联凭借规模化、现代化的制造车间和自动化生产设备，实现了从炼胶到包装的的全链条生产，确保了产品的创新与品质稳定。,https://www.jie-lian.com/,https://exhibitors.informamarkets-info.com/event/2026Medtec/en-US/exhibitor/482510/zhongshan-jielian-adhesive-products-co---ltd-,https://image.imconlinereg.com/mm-mtc/2026-06-29/4A6D88145FE14BBD798189B6149040F3.pdf;https://image.imconlinereg.com/mm-mtc/2026-06-29/6252ADE1EC751A4A72DDFC959C8AE3B2.pdf
苏州振润医疗科技有限公司,"Suzhou Zhenrun Medical Technology Co.,Ltd",N1-A402,N1,CHINA,cat-02,苏州振润医疗科技有限公司是一家专业从事精密研磨设备改造、定制、销售于一体的科技型企业。公司成立于2023年7月，注册资本1000万元，已通过ISO13485医疗质量管理体系认证，专注于介入医学金属丝材、导丝配件、导管芯轴及PTFE涂层加工领域，拥有资深专业团队与行业高精度设备，可承接磨削芯丝、弹簧绕制、导管芯轴、金属管材、焊接丝材等代加工业务；主营导管芯丝、金属管材切割、涂层金属丝、造影/导外/外周导丝芯丝等系列产品，同时可为国内外客户提供各类导丝配件、高分子变径芯轴与医疗器械精密零部件定制服务，立志深耕行业，为中国医疗器械行业发展贡献自身力量！,https://​ www.zhenrunmedtech.com,https://exhibitors.informamarkets-info.com/event/2026Medtec/en-US/exhibitor/482985/suzhou-zhenrun-medical-technology-co--ltd,https://image.imconlinereg.com/mm-mtc/2026-05-26/35C028BAA153C6DB983592A4A614086A.pdf
玉环红石柱模具有限公司,HSZMO,N3-B201,N3,CHINA,cat-09,玉环红石柱模具有限公司创立于2015年，专注一次性医疗器械模具研发生产，秉持专业、创新、诚信、质量第一、用户至上的理念，致力打造国内顶尖模具厂商，在行业内口碑良好。公司依托技术创新与过硬品质构建核心竞争力，深耕输液器、采血器、注射器、血路透析器等领域，手握多项自主专利，保障产品精度稳定。企业持续优化生产工艺，配备先进设备，严格把控品质，产品契合国内外标准。公司不断扩充产品品类，凭借雄厚研发实力，成为众多国内外医疗器械企业的长期合作伙伴。未来企业坚持创新发展，深耕海内外市场，持续迭代产品，提升综合实力，致力打造全球领先的医疗器械模具品牌。,https://www.hszmo.com,https://exhibitors.informamarkets-info.com/event/2026Medtec/en-US/exhibitor/482986/hszmo,
Belton Technology Holdings Limited,福群科技控股有限公司,N1-H806,N1,"Hong Kong,S.A.R.,China",cat-08-1,福群科技集团成立于1988年，是值得信赖的ISO认证ODM与OEM合作伙伴，专注于垂直整合的制造解决方案，强调精密、一站式整合与可靠性。凭借数十年的工程经验，从 HDD 制造基础延伸至不同行业，并在医疗器械领域建立了坚实的声誉。核心业务涵盖心脏起搏器、植入式心脏监测器及除颤器等关键医疗器械组件，包括医疗线材、管材与线圈，并在ISO13485认证体系下生产，确保符合严格医疗标准。福群在亚洲拥有800多名工程师，结合自动化与精密加工技术，加速原型开发与量产，同时保持毫不妥协的质量与可靠性。未来，我们的能力将延伸至导管导丝、神经血管线圈、眼科植入物及微流控诊断组件，持续推动医疗技术进步。,https://beltontechnology.com/,https://exhibitors.informamarkets-info.com/event/2026Medtec/en-US/exhibitor/482987/福群科技控股有限公司,https://image.imconlinereg.com/mm-mtc/2026-06-24/4E9BB2684CCA05A1ACF0B03429196F94.pdf;https://image.imconlinereg.com/mm-mtc/2026-06-22/09A99360C31ADBC851BD6914EFAF06EC.pdf
上海熔枫医疗器械有限公司,LRA International Inc.,N2-A202,N2,CANADA,,上海艾枫国际贸易有限公司（熔枫）致力于为中国医疗器械生产企业提供高品质的耗材和全自动生产设备。作为一家值得信赖的代理商，我们专注于高质量的医疗器械组件。凭借深厚的行业专业知识和超过20年的经验，我们为供应商和客户之间建立起关键的纽带，确保顺畅的市场准入和持续增长。自2000年以来，我们建立了强大的合作关系，目前在中国是Optinova、Braxton和Automation Partners的独家代理商。 主要负责：代理进口芬兰Optinova（奥普特）公司的各种医用导管；美国Braxton（百仕通）的各种医用金属件和其它各类用途的精密深拉金属冲压零部件；瑞典APAB公司的自动化生产组装线。,https://www.lrainternational.com,https://exhibitors.informamarkets-info.com/event/2026Medtec/en-US/exhibitor/483202/lra-international-inc-,
Qosina（科西纳）,Qosina（科西纳）,N1-C102,N1,USA,cat-01,美国Qosina（科西纳）公司是全球医疗器械和医药产业中位居主导地位的零件商。科西纳秉持以客户为中心的信念，可免费提供样品，起订量低。并在纽约拥有仓储中心，库存数千种医疗零组件，能及时供货。科西纳已通过ISO9001和ISO14001认证。从科西纳采购库存医疗器械零组件的客户可减少模具开发费用、加速产品上市时程、节省大量的时间与成本。欢迎您联系科西纳在中国大陆、香港以及台湾地区的经销商 - 加拿大HnG医学技术有限公司（南京办事处）025-58058050，索取产品目录、样品、下订单或讨论定制设计方案。,https://www.qosina.com,https://exhibitors.informamarkets-info.com/event/2026Medtec/en-US/exhibitor/483203/qosina（科西纳）,https://image.imconlinereg.com/mm-mtc/2026-07-15/91269AFC83B8EC5A36D01AB9E536D57B.pdf
深圳市高精达精密工具有限公司,SHENZHEN SUPER TOOLING LIMITED,N1-G907,N1,USA,cat-08-2,深圳市高精达精密工具有限公司为 PPS 总代理及售后服务中心。PPS 主要为各大内外科医疗器材厂家，开发、设计、批量生产和 OEM 超高灵敏度的触感元件。PPS 所开发的电容触感材质，以及自主开发的信号处理芯片，能有效感知皮肤 +/- 1mmHg 的触感压力。同时，PPS 亦能提供各种形状材质的 “实验系统”，集成现成的数据采集和测试软件，便于科研单位和高校，做实验用途。形态涵盖人体各个部位，包括人头(VR/头盔安全)、脸部(耳机舒适感)、手指(按摩/操作疲劳)、手腕(诊脉/穿戴舒适)、四肢(防护/紧身衣) 等等。,https://www.supertooling.com,https://exhibitors.informamarkets-info.com/event/2026Medtec/en-US/exhibitor/483224/shenzhen-super-tooling-limited,https://image.imconlinereg.com/mm-mtc/2026-06-03/80985839F4FC50C6F4BD2DFEE9AAD89B.pdf
深圳市碗米科技有限公司,SHENZHEN VANTEX TECHNOLOGY CO.LTD,N2-B710,N2,CHINA,cat-08-3,深圳市碗米科技有限公司是一家服务于医疗领域客户的高分子颗粒原料商依托多年行业资源积累，建立了稳定的国际供应链体系，核心供应日本、韩国等国知名品牌医疗级高分子原料TPU（热塑性聚氨酯）TPEE（热塑性聚酯弹性体）PC（聚碳酸酯）PTFE(聚四氟乙烯）PFA（可溶性聚四氟乙烯）FEP（全氟乙烯丙烯共聚物）PVDF（聚偏氟乙烯）ETFE（乙烯-四氟乙烯共聚物）POM（聚甲醛）联系人：金先生 13048979966,,https://exhibitors.informamarkets-info.com/event/2026Medtec/en-US/exhibitor/483225/shenzhen-vantex-technology-co-ltd,
玉环求是模具有限公司,"YUHUAN QIUSHI MOULD CO.,LTD.",N3-A209,N3,CHINA,cat-09,公司专业设计与制造医用无菌一次性输液、输血器具、血液透析管路、留置针、呼吸管路及医用耗材组件注塑模具。专注医用无菌一次性组件注塑模具设计理念创新与制造技术进步，将先进的（CAD/CAE/CAM）模具设计、制造技术融入医用注塑模具设计与制造。模具设计与制造过程数据化、信息化，极大提高了模具品质、生产周期及模具售后数据管理。在信息共建、共享，赢得客戶的一致好评与认同。公司以“求是、拓新，为客戶创造价值”；“专业、专注，成就品质”的价值理念。愿与业界同仁和新老朋友，共赢、共创辉煌！,https://www.yhqs.com,https://exhibitors.informamarkets-info.com/event/2026Medtec/en-US/exhibitor/483226/yuhuan-qiushi-mould-co--ltd-,https://image.imconlinereg.com/mm-mtc/2026-07-04/E1DEC9B6A1AE917532033B4B5D7F7B54.pdf;https://image.imconlinereg.com/mm-mtc/2026-07-04/44FD088AC74065558A055A1D706AE63F.pdf
昆山宝芝林医用材料有限公司,Kunshan Baozhilin Medical Material Co. Ltd.,N2-H510,N2,CHINA,cat-05,昆山宝芝林医用材料有限公司成立于2016年，是专注于心脑血管、外周介入耗材精密管材的国家高新技术企业。公司由拥有 20 年以上行业经验的挤出行业资深技术专家，与来自国内知名介入耗材企业的资深工程技术人员共同创立，引进美国戴维斯、海瑞嘉等精密设备，掌握多材质挤出工艺，严控管材同心度与尺寸一致性，保障产品稳定可靠。我们提供从材料选型、定制设计到批量生产的一站式服务，覆盖单腔、多腔、球囊等多种精密管材，快速响应客户需求，致力成为国内领先的精密医用管材制造商，为介入器械企业提供可靠的核心部件解决方案。,,https://exhibitors.informamarkets-info.com/event/2026Medtec/en-US/exhibitor/483227/kunshan-baozhilin-medical-material-co--ltd-,https://image.imconlinereg.com/mm-mtc/2026-07-04/6CA60D9BE5383033345849ED90FE3982.pdf
广东富邦精密弹簧有限公司,"Guangdong Fubang Precision Spring Co., Ltd.",N1-H116,N1,CHINA,cat-02,"成立于2010年9月，座位于广东省佛山市顺德区高科智能科技产业中心，自有厂房约9000平方米,集开发、生产销售和服务于一体的综合型弹簧五金制造企业，拥有20多年弹簧制造经验的技术团队；主要产品有涂层导管、多股传送导丝、扁丝导管、神经血管介入导丝、一次性使用介入微导管、颅内球囊扩张导管、内窥镜管簧等",https://cn.fubspring.com/,https://exhibitors.informamarkets-info.com/event/2026Medtec/en-US/exhibitor/483228/guangdong-fubang-precision-spring-co---ltd-,https://image.imconlinereg.com/mm-mtc/2026-07-31/6FBA2C721FB19CC49D352A358819FFCD.pdf;https://image.imconlinereg.com/mm-mtc/2026-07-31/8899D541E1A454074D2A174142DA59F5.pdf
常熟荣瑞灭菌技术有限公司,"Changshu Rozer Sterilization Technology Co.,Ltd.",N4-A702,N4,CHINA,cat-13,荣瑞灭菌是一家智能化综合灭菌供应商，拥有环氧乙烷灭菌、电子辐照灭菌和蒸汽灭菌等多种灭菌方法。公司创立于2014年，坐落于长三角地区，毗邻上海。公司地址：苏州市常熟古里镇白茆工业园红豆路69-71号。目前我们拥有常熟荣瑞自动化工厂及多家控股子公司：荣瑞灭菌技术（沭阳）有限公司、常熟荣瑞辐照科技有限公司、和广东亿欧医疗科技有限公司和荣瑞（马来西亚）灭菌技术有限公司。服务范围覆盖长三角，珠三角以及马来西亚全境，是一家国内领先、世界先进的综合灭菌服务供应商。,https://www.rozer.net,https://exhibitors.informamarkets-info.com/event/2026Medtec/en-US/exhibitor/483229/changshu-rozer-sterilization-technology-co--ltd-,
苏州锐方激光科技有限公司,"Suzhou Ruifang Lazer Technology Co., Ltd.",N2-F509,N2,CHINA,cat-10,苏州锐方激光科技有限公司坐落于江苏省先进制造业基地--苏州工业园区，是国内知名激光设备制造商，集研发、生产、销售于一体的国家级高新技术企业。在医疗设备生产行业拥有数年丰富经验的锐方，能针对客户的实际应用，提供先进、可靠的激光焊接和激光打标及精密激光切割等各种解决方案，满足医疗设备生产的严苛要求。主营产品包括医疗产品精密医疗器械激光焊接机、精密医疗器械激光切孔机、精密医疗管材激光打标机。,https://www.szrflaser.com,https://exhibitors.informamarkets-info.com/event/2026Medtec/en-US/exhibitor/483371/suzhou-ruifang-lazer-technology-co---ltd-,
科德宝高性能材料集团,Freudenberg Performance Materials Group,N2-D202,N2,GERMANY,cat-07,科德宝高性能材料集团是全球领先的创新型技术纺织品制造商，其产品应用于服装、汽车、建筑室内装饰、建筑材料、医疗护理、能源、滤材、鞋材和皮革制品以及特制品等广泛的市场和领域。 2025 年，公司营收超过 14 亿欧元，在全球 14 个国家和地区拥有 35 个生产基地，员工总数超过5000 人。科德宝高性能材料集团十分重视社会和生态责任，将其作为业务成功的基石。了解更多信息，请访问www.freudenberg-pm.com.cn,https://www.freudenberg-pm.com,https://exhibitors.informamarkets-info.com/event/2026Medtec/en-US/exhibitor/483375/freudenberg-performance-materials-group,
江苏赛瑞克包装机械有限公司,"Jiangsu Sierac Packaging Machinery Co., Ltd.",N4-B407,N4,CHINA,cat-13,江苏赛瑞克包装机械有限公司作为一家信息化解决方案供应商，以“自动化+数字=新质生产力”为核心理念，集聚研发和技术人才一百多人，已获得ISO9001质量体系认证，并申报成功几十项发明及实用新型专利。2024年成为北京大学新一代信息技术研究院智能制造合作企业，并与四川大学合作共建了川大·赛瑞克联合创新发展中心。经过多年发展，公司具备丰富的自动化产线设计经验，并自主研发了智能制造运营管理平台(MOM)、二维码追溯平台、质量视觉检测平台等系统，帮助客户打造智慧工厂。2023年公司作出重大战略决策，全面进军医疗器械企业，持续的技术改进和软件升级、严格的质量把控、优质的售后服务使得公司与国内外数家知名医疗器械企业建立了稳固的合作伙伴关系，目前已成为爱睿思、创英、正海生物、稳健医疗、鱼跃集团、moody、江苏视准、南京博视、驼人医疗、微泰医疗、海昌眼镜、杭州艾康、杭州世佳、上卫中亚、韩国登腾等知名企业的长期供货商。,https://www.sierac.cn,https://exhibitors.informamarkets-info.com/event/2026Medtec/en-US/exhibitor/483454/jiangsu-sierac-packaging-machinery-co---ltd-,
江苏集萃功能材料研究所有限公司,JITRI-OFMAT,N3-D403,N3,CHINA,cat-05,依托长三角国家技术创新中心，企业深耕特种功能材料及高性能导管赛道。公司配备数亿元全链条分析检测设备、近 3000㎡万级洁净生产车间、300㎡专业机加工中心，拥有 ISO9001、ISO13485双质量体系认证，拥有 60 余项发明专利，产品皆通过10993生物相容测试，及RoHS和REACH认证。依托完善软硬件实力，公司提供功能精密导管及组件「竞品结构与材料剖析—产品定制设计—精密成型加工—批量生产交付—综合降本方案」一站式服务，已累计服务国内外500余家医疗器械及相关的龙头企业，以前沿硬核材料技术助力行业高质量发展。,,https://exhibitors.informamarkets-info.com/event/2026Medtec/en-US/exhibitor/483717/jitri-ofmat,https://image.imconlinereg.com/mm-mtc/2026-05-19/A6BDA804084881F5AC08D058B05B6563.pdf
深圳市乐和医疗科技有限公司,"Shenzhen Lehe Medical Technology Co., Ltd.",N3-F508,N3,CHINA,cat-09,深圳市乐和医疗科技有限公司是一家专业的医疗器械塑胶部件生产及销售公司。公司取得GB/4206-2022/ISO13485：2016医疗器械质量管理体系认证，有专业的医疗模具制造车间、十万级注塑车间、万级组装车间及自动化车间。,,https://exhibitors.informamarkets-info.com/event/2026Medtec/en-US/exhibitor/483774/shenzhen-lehe-medical-technology-co---ltd-,
湖南依微迪医疗器械有限公司,"Hunan Endovascular Devices CO.,LTD.",N3-H508,N3,CHINA,cat-15,湖南依微迪医疗器械有限公司，成立于2011年，扎根医疗器械行业，致力于打造稳定可靠的“非血管介入”领域的微创手术医疗产品，是一家集研发、生产和推广一体化的高新技术企业，微客户提供专业、实用的临床解决方案。 厂址唯一湖南省湘乡市经济开发区，占地面积38.19亩，厂房建筑面积5180平方，拥有万级净化车间1000平方。已上市产品线涵盖了泌尿外科、消化内科、妇科、介入科、肝胆外科等：主营产品包括：亲水导丝、斑马导丝、消化道导丝、泌尿导丝、混合导丝、取石网篮、输尿管鞘、输尿管支架、经皮肾穿刺套件、输尿管球囊扩张导管、输尿管造影导管、PTCD引流导管等：公司注重与临床的医工结合，贴近临床需要。,http://www.hnevd.com,https://exhibitors.informamarkets-info.com/event/2026Medtec/en-US/exhibitor/483776/hunan-endovascular-devices-co--ltd-,
灵高超声波（上海）有限公司,"Rinco Ultrasonics (Shanghai) Co., Ltd.",N2-G707,N2,SWITZERLAND,cat-14,瑞士灵高超声波公司在研制及生产高性能的超声波焊接及切割设备已有四十年的经验.Rinco的产品用于塑料焊接、食品以及纺织品切割。除了微处理芯片控制的发生器，机架和手持焊枪外，我们还提供各种部件用于客户自制的专用设备.Rinco 有较广的产品系列，功率输出从100W至3000W，并提供几乎覆盖所有应用的系统设备.,,https://exhibitors.informamarkets-info.com/event/2026Medtec/en-US/exhibitor/483777/rinco-ultrasonics-(shanghai)-co---ltd-,https://image.imconlinereg.com/mm-mtc/2026-05-28/15951F06BC2E4EC99704BEA72E1E11EF.pdf
深圳復瑞德医疗科技有限公司,"FERVID MEDICALTECHNOLOGY CO.,LTD",N3-H310,N3,CHINA,cat-15,深圳復瑞德医疗科技有限公司成立于2014年，是专业的心血管介入耗材、泌尿外科设备及耗材生产商，国家高新技术企业、深圳市高新技术企业，深圳市专精特新企业。获得国内医疗法规规定的相关证书、ISO13485体系认证及CE证书，25个专利证书。本部厂房面积4800平米，800平米万级洁净生产车间，配备有无菌检验室、阳性对照室、微生物检验室等全流程品质管控体系。 公司主要生产一次性使用球囊扩充压力泵、桡动脉压迫止血带、手动及电动股动脉压迫止血器、尿流量检测仪、Y型连接阀、导管鞘组、环柄注射器、三通阀、连通板等系列产品，CDOM委托生产类及模具开发和医疗器械零配件生产代工等。,https://www.fervid-medical.com,https://exhibitors.informamarkets-info.com/event/2026Medtec/en-US/exhibitor/483778/fervid-medicaltechnology-co--ltd,https://image.imconlinereg.com/mm-mtc/2026-05-21/B8C60293C9EE620421390DA854716C03.pdf;https://image.imconlinereg.com/mm-mtc/2026-05-21/E7E14EE1A1186FE4E30BD624C7A34A78.pdf
北京伟恩斯技术有限公司,"Beijing Vince Technology Co.,Ltd",N1-F306,N1,CHINA,cat-08-1,北京伟恩斯技术有限公司成立于2014年1月，是一家运动控制和信息技术解决方案供应商。公司总部位于北京，在深圳设有研发公司和工厂。经过几年的深耕，公司研发的具有自主知识产权的步进电机驱动控制系列产品广泛应用在工业自动化、医疗器械、环保、军工、金融、人工智能等领域，并在展览展示、流体控制等领域都有完整的解决方案。,http://www.vincetech.com/,https://exhibitors.informamarkets-info.com/event/2026Medtec/en-US/exhibitor/483779/beijing-vince-technology-co--ltd,
上海明石医疗科技有限公司,Shanghai Brightstone Medical Technology Limited,N2-F210,N2,CHINA,cat-05,上海明石医疗科技有限公司是一家专业生产各类医用穿刺器械的制造商，拥有由资深专业人士组成的研发、制造和管理团队。公司拥有完善齐全的专业生产设备和实验、检测仪器。公司已通过ISO 13485国际质量体系认证，射频针、射频电极等旗舰产品已通过美国FDA市场准入批准和欧盟CE认证，常年出口欧美市场。 在此基础上，我们愿意为国内同行和各行各业提供各种用途的优质定制化针管、针芯和金属毛细管服务。,https://www.shbsmed.com,https://exhibitors.informamarkets-info.com/event/2026Medtec/en-US/exhibitor/483780/shanghai-brightstone-medical-technology-limited,
江苏臻安医疗科技有限公司,ZHEN AN MEDICAL,N1-B310,N1,CHINA,cat-15,江苏臻安医疗科技有限公司是专注高端介入医疗器械核心部件研发、生产及销售的创新型企业，依托自研 PTFE 涂层技术，为冠脉、外周血管、神经介入、心脏介入领域医疗器械厂商，提供高品质、定制化涂层加工服务。公司拥有 7500㎡标准化厂区与万级洁净生产车间，已取得 ISO13485 医疗器械质量管理体系认证；出厂产品均按标准开展生物相容性检测，具备规范化、规模化医用精密涂层量产交付条件。,,https://exhibitors.informamarkets-info.com/event/2026Medtec/en-US/exhibitor/483991/zhen-an-medical,
珠海隆鑫科技有限公司,"ZhuHai LongXin Technology Co.,Ltd",N1-F805,N1,CHINA,cat-02,珠海隆鑫科技有限公司，是深耕精密弹簧领域的专精特新制造企业。专业研发生产拉簧、压簧、扭簧及异形弹簧，可按需定制，适配多领域高端配套。     为国家高新技术企业，拥有百余项专利，已通过 ISO9001、IATF16949、ISO14001 体系认证，同步推进 ISO13485 医疗体系认证。配备行业领先自动化生产、检测设备，实行全流程数字化管控，产品达标环保标准，凭借专业技术与严苛品控，致力打造高端精密零部件一流智造服务商。,https://www.zhlx.cn,https://exhibitors.informamarkets-info.com/event/2026Medtec/en-US/exhibitor/483992/zhuhai-longxin-technology-co--ltd,https://image.imconlinereg.com/mm-mtc/2026-07-07/B1449F2C8B86264414CC2B34A039D6EC.pdf
佛山市 迪华科技有限公司,"Foshan Dihua Technology Co., Ltd.",N4-B210,N4,CHINA,cat-13,"佛山市迪华科技有限公司成立于2013年，是一家专注于为医疗器械生产企业提供配套服务的高新技术企业，也是广东省“专精特新""企业。公司位于佛山市三水区，生产园区为集团自有厂房，主营业务包含万级吸塑盒代工生产。--吸塑工厂配套万级洁净车间 800 平方、仓储车间 2000平方，正、负压全自动吸塑机5台，普通伺服吸塑机3台。吸塑铝模可自制，反应速度快。为生产符合医疗器械包装吸塑盒提供安全、可靠、高效率保证。厂内配套医疗检测仪器齐全的实验室，可针对各类材质医用吸塑盒从原材料、过程、成品进行检测， 让每一个产品实行可追溯性。",,https://exhibitors.informamarkets-info.com/event/2026Medtec/en-US/exhibitor/483993/foshan-dihua-technology-co---ltd-,https://image.imconlinereg.com/mm-mtc/2026-06-25/258EBFC395C32FAF801C7EB31A9BF9CC.pdf
迈锐恩精密元器件(深圳)有限公司,"Marian (Shenzhen) Co., Ltd.",N2-G604,N2,CHINA,cat-07,迈锐恩是通过ISO 9001:2015 和 ISO 13485 质量体系认证的为电子，汽车，医疗等行业的客户提供精密模切零部件的全球领先制造商。利用顶尖水平的制造技术，迈锐恩工程师们在全球的11个地区与客户紧密合作，解决复杂的制造和装配问题。我们努力为客户提供有竞争力的价格，优质的产品和卓越的服务。,https://www.marianinc.com,https://exhibitors.informamarkets-info.com/event/2026Medtec/en-US/exhibitor/484043/marian-(shenzhen)-co---ltd-,https://image.imconlinereg.com/mm-mtc/2026-07-10/1C21366716A012AE0779B668BB8FC93D.pdf;https://image.imconlinereg.com/mm-mtc/2026-07-10/363110FB92748E2166AE156550594881.pdf
东莞市益森精密五金弹簧有限公司,"Dongguan City Yisen Precision Hardware Spring Co., Ltd",N1-C805,N1,CHINA,cat-02,东莞市益森精密五金弹簧有限公司成立于2002年，公司位于广东东莞，是一家拥有2年精密弹簧研发与生产经验的精密弹簧生产企业。公司专注于医疗领域高端弹簧及精密部件的定制化生产，产品线涵盖医用导丝、探针弹簧、医疗器械弹簧、植入设备弹簧等，线径加工范围达0.03mm，满足医疗产品的严苛需求。公司通过ISO9001质量体系认证，技术团队由10余名资深工程师领衔，提供从设计、打样到量产的一站式服务凭借“有意注意，极度认真” 的理念，公司产品已应用于全球医疗、电子及精密仪器领域，致力为客户提供安全可靠的弹簧解决方案。,https://www.yssprings.com,https://exhibitors.informamarkets-info.com/event/2026Medtec/en-US/exhibitor/484044/dongguan-city-yisen-precision-hardware-spring-co---ltd,
东莞市晟起精密模具配件有限公司,"Dongguan Shengqi Precision Mould Components Co., Ltd.",N3-A103,N3,CHINA,cat-09,我司专注医疗器械与医疗模具的机械加工OEM服务，深耕植入介入器材、人工器官零部件、外科手术器械、各类医用耗材零件定制生产。具备高精度多轴加工能力，可加工钛合金、不锈钢、医用高分子等生物相容性材料，严格遵循医疗行业质量管控标准，承接样品试制、中小批量至规模化量产。我们持续为国内外医疗器械企业提供稳定可靠的零部件加工方案，支持图纸定制开发，严控尺寸精度与表面工艺，致力成为值得信赖的医疗零部件精密制造合作伙伴，热忱欢迎全球客户洽谈合作。,https://www.dgshengqi.com,https://exhibitors.informamarkets-info.com/event/2026Medtec/en-US/exhibitor/484045/dongguan-shengqi-precision-mould-components-co---ltd-,
安庆市宝洁包装有限公司,"ANQING BAOJIE PACKAGING CO., LTD",N4-A302,N4,CHINA,cat-13,安庆市宝洁包装有限公司创建于2004年4月，是中国早期医疗器械包装材料生产商之一。本公司专业生产一次性灭菌消毒袋、医用自粘袋、医用灭菌管袋、医用立体袋、医用皱纹纸、医用无纺布、医用涂胶纸、医用复合膜等医用包装材料等公司在2023年投资1.27亿元建立新厂房，占地36.89亩。现有员工100余人，专其中各专业技术人员和检验人员共计21人。5000平10万级净化车间，300平万级净化车间以及4200平普通洁净车间。公司于2010年建立起符合国际标准的质量管理体系并获得南德TUV公告机构的认证,https://www.baojiechina.com,https://exhibitors.informamarkets-info.com/event/2026Medtec/en-US/exhibitor/484046/anqing-baojie-packaging-co---ltd,https://image.imconlinereg.com/mm-mtc/2026-05-25/FABA545E4E11CE5817D0FB279A746A0C.pdf;https://image.imconlinereg.com/mm-mtc/2026-05-25/3A1B021DD6D02A7B34C160B5CC9F3E80.pdf
吉林大学,"Jilin Medhealer Technology Co., Ltd.",N3-C706,N3,CHINA,cat-14,吉林省医牧科技有限公司（Medhealer Tech），隶属吉林大学先进结构薄膜材料研究团队，专注于生物医用涂层技术，致力于突破医疗器械表面工程领域的关键技术难题，为国产高端医疗装备提供高适配、高可靠的表面功能解决方案。,,https://exhibitors.informamarkets-info.com/event/2026Medtec/en-US/exhibitor/484112/jilin-medhealer-technology-co---ltd-,
常州科斯亚自动化科技有限公司,"Changzhou kesiya Automation Technology co.,Ltd",N3-G210,N3,CHINA,cat-11,我们是一家专注于研发、生产、销售。CCD光学筛选机检测设备、产线在线检测设备及非标自动化设备生产销售的领先企业，致力于为客户提供卓越的手术机器人自动上钉系统、手术吻合器驱动控制系统。我们的使命是通过持续技术创新和服务升级，为客户创造更大的价值。,,https://exhibitors.informamarkets-info.com/event/2026Medtec/en-US/exhibitor/484113/changzhou-kesiya-automation-technology-co--ltd,https://image.imconlinereg.com/mm-mtc/2025-07-04/407A965B170313C7AAC8DD062116B4CE.pdf
江苏易实精密科技股份有限公司,EC Precision Technology (Jiangsu) Corporation,N1-B204,N1,CHINA,cat-02,江苏易实精密（北交所上市 / 专精特新小巨人）专注高端精密金属零部件研发制造。依托德奥精密成型技术，掌握精密机加、冲压、激光焊、微型弹簧成型全工艺，可加工 316LVM、钛合金、镍钛、MP35N 等医用合规材料，批量生产微创手术器械配件、介入导管支撑件、注射 / 雾化给药设备精密结构件、牙科精密弹性零部件。自有 CNAS 检测实验室，严控尺寸精度、洁净度、力学稳定性，支持研发打样、批量量产、出口合规全流程配套，适配各类一二三类医疗器械零部件定制。面向全球医疗器械企业提供一站式 OEM/ODM 精密加工服务，欢迎莅临洽谈定制合作。,https://www.ecprecision.com,https://exhibitors.informamarkets-info.com/event/2026Medtec/en-US/exhibitor/484114/ec-precision-technology-(jiangsu)-corporation,https://image.imconlinereg.com/mm-mtc/2026-05-21/383041057A7A41A98BC6148D600DF038.pdf;https://image.imconlinereg.com/mm-mtc/2026-05-21/257487D5CED8C5998EB386CE4204298E.pdf
瀚纳瑞化工（上海）有限公司,"Hanarey Chemicals (S.H.) Co., Ltd",N2-A101,N2,CHINA,cat-04,"Hanarey (瀚纳瑞) 立足于中国市场，专专业从事开发、制造并销售光固化胶粘剂、涂层和光固化设备。  为了更好地满足中国客户的需求并加快对中国市场的响应速度， 2019年，瀚纳瑞开始在上海筹备生产厂房的建设。厂房占地8,000平方米，于2020年投产。  除生产标准胶粘剂产品和光固化设备外，上海工厂还设有研发部门，以支持与客户密切沟通、了解客户需求并快速开发出最合适的产品组装、点胶和固化系统集成解决方案。",https://www.hanarey.com,https://exhibitors.informamarkets-info.com/event/2026Medtec/en-US/exhibitor/484479/hanarey-chemicals-(s-h-)-co---ltd,
氟铂斯（江苏）精密高分子科技有限公司,"Fobos Precision Polymer Tech Co.,Ltd",N2-H308,N2,CHINA,cat-05,氟铂斯（江苏）精密高分子科技有限公司生产范围：单腔管、双/多腔管、变径管、双/多排管、芯轴、超薄壁管、异型管、编织管、绕簧管、双/多层复合管，热缩管，蚀刻管，球囊导管，刻度管等管体尺寸/材料硬度/可选颜色/公差范围：定制其他服务范围：提供产品解决方案，二次加工，定制裁切，扩口外翻，表面蚀刻，变径，印刷等,https://www.fobos.cn/,https://exhibitors.informamarkets-info.com/event/2026Medtec/en-US/exhibitor/484481/fobos-precision-polymer-tech-co--ltd,https://image.imconlinereg.com/mm-mtc/2025-08-05/A609910B9BFCE5323F7489520C4C5EF5.pdf
上海昕诺医学研究有限公司,"Shanghai Xinova Medical Research Co., Ltd",N4-C501,N4,CHINA,cat-17,昕诺医学成立于 2020 年，专注为创新医疗器械研发提供临床前大动物可行性、安全性与有效性评价服务。公司实验室坐落于上海市北虹桥商务区，区位交通优越，实验场地总面积超 3000㎡。平台具备完善合规资质，持有实验动物使用许可证，并通过CNAS、AAALAC、OECD-GLP认可，试验数据可支撑国内外医疗器械注册申报。作为专业临床前大动物实验中心，公司组建成熟的动物实验技术团队，同时汇聚临床医学专家顾问，尤其深耕介入医学领域；平台配置DSA/CT心脏超声、心腔内超声、血管腔内影像学与功能学系统、胃肠镜、腹腔镜等全套高端诊疗设备。依托猪、犬、兔、羊等大动物模型，满足各学科领域创新医疗器械的临床前研究,https://www.xinovamed.com/,https://exhibitors.informamarkets-info.com/event/2026Medtec/en-US/exhibitor/484482/shanghai-xinova-medical-research-co---ltd,
苏州吉诺微精密科技有限公司,"SUZHOU JINUO MICRO-PRECISION TECHNOLOGY CO., LTD",N1-B903,N1,CHINA,cat-10,苏州吉诺微精密科技有限公司位于苏州工业园区浦田路75号恒泰智造苏州纳米城V区21栋。公司主要从事管类材料和平面材料的激光精密加工及配套OEM服务，加工产品涵盖所有金属及高分子材料，主要加工产品包括微导丝海波管，弹簧圈推送杆，超声刀内外套管，可调弯鞘管，内窥镜蛇骨，各类金属及非金属支架，非金属PI电极管，PEEK针管，钟表类平面零部件等激光加工服务。,https://www.jinuomicro.com,https://exhibitors.informamarkets-info.com/event/2026Medtec/en-US/exhibitor/484483/suzhou-jinuo-micro-precision-technology-co---ltd,https://image.imconlinereg.com/mm-mtc/2025-08-19/E10822CB00B07F1DE7575B594C108502.pdf
东莞伯旺橡塑科技有限公司,"Dongguan Bo-Won Rubber & Plastic Technology Co., Ltd",N2-B709,N2,CHINA,cat-01,"东莞伯旺成立于2023年2月, 专注于技术的卓越和创新，用于生产制造高精密高质量的液态硅胶及注塑制品，服务于消费电子,医疗及其它特殊应用等行业客户。我们致力成为优秀的LSR注塑成型解决方案提供商,包括ODM设计与制造服务；我们拥有独特LSR技术，专业从事LIM(液态注塑成型)工艺，为广大客户生产包括LSR部件、塑料、金属底材与LSR注塑成型的双组份及多组份的包胶部件等硅胶产品。",,https://exhibitors.informamarkets-info.com/event/2026Medtec/en-US/exhibitor/484582/dongguan-bo-won-rubber---plastic-technology-co---ltd,https://image.imconlinereg.com/mm-mtc/2025-09-09/C78AB343EDEACF8C300B61FC4BA39F8E.pdf;https://image.imconlinereg.com/mm-mtc/2026-02-28/1D390ABBD9F69F280831812BBB4D8A5D.pdf
海望医疗技术（苏州）有限公司,"Hai Win Medtec （Suzhou） Co.,Ltd",N2-D408,N2,CHINA,cat-05,海望医疗技术（苏州）有限公司（以下简称“海望”）成立于2022年4月，位于苏州高新区锦峰路8号江苏医疗器械产业园内，专注于医疗器械用高分子精密制品的研发与生产，为客户提供各种医用鞘管和导管的系统解决方案。 产品涵盖精密管材挤出成型、半成品复合管、成品介入鞘管导管等。成为全球医用高分子精密制品领导者，并且成为介入导管类医疗器械企业的全面合作伙伴，是海望医疗长期的战略发展方向。,https://www.haiwinmed.com/,https://exhibitors.informamarkets-info.com/event/2026Medtec/en-US/exhibitor/484583/hai-win-medtec-（suzhou）-co--ltd,https://image.imconlinereg.com/mm-mtc/2026-06-11/7D513556B62A6D0384DAE9B9114E07A7.pdf;https://image.imconlinereg.com/mm-mtc/2026-06-11/B8CEBAC067349C1B6170C9AE026D2558.pdf
金发科技股份有限公司,KINGFA,N4-C210,N4,CHINA,cat-13,金发医疗是金发科技股份有限公司（股票代码：600143）旗下专注医疗健康领域的重要业务板块，成立于2020年6月，总部位于广东省广州市，在广东清远拥有430亩的生产基地。公司专注于个人防护装备、非织造材料及医用高分子材料的研发、生产与销售，主要产品涵盖丁腈手套、口罩、防护服、超临界静电喷射非织造布、熔喷非织造布和体外诊断用硝化纤维素微孔膜等医用高分子材料。公司拥有完整的一体化产业链，从上游原材料医用高分子材料研发生产，到下游医疗健康成品制造，实现全流程自主可控，确保产品质量稳定可靠。公司已通过ISO 9001:2015质量管理体系和ISO 13485:2016医疗器械管理体系认证，产品符合国际标准，满足多元化市场需求。金发医疗连续三年获评广东省A类医疗器械生产企业，综合实力位居行业前列。,https://www.medicalkingfa.com.cn,https://exhibitors.informamarkets-info.com/event/2026Medtec/en-US/exhibitor/484584/kingfa,https://image.imconlinereg.com/mm-mtc/2025-07-23/BF2D86F39F4A5732542B8BD37CC5AB49.pdf
广东今科机床有限公司,GUANGDONG JINKE MACHINE TOOL CO.LTD,N1-A510,N1,CHINA,cat-10,今科机床总部位于粤港澳大湾区——广东江门，是一家拥有自主核心技术的机床智能制造和行业解决方案的企业。产品有五轴复合加工中心、立式/卧式五轴加工中心、精密模具加工中心、立式加工中心、数控双头镗床等，广泛应用于民用航空航天、汽车、新能源、船舶、医疗、光学仪器、贵金属、模具等行业。,https://www.jkgcnc.com,https://exhibitors.informamarkets-info.com/event/2026Medtec/en-US/exhibitor/484585/guangdong-jinke-machine-tool-co-ltd,
东莞市勤科塑胶制品有限公司,"Dongguan Qinke Plastic Co., Ltd.",N2-D508,N2,CHINA,cat-01,东莞市勤科塑胶制品有限公司成立于2007年4月1日，位于东莞市黄江镇，专业从事小型精密双色模具、精密液态硅胶模具的制造与注塑。2018年成立分公司东莞市诚科精密科技有限公司，专业从事超精密五金模具零件全加工。公司拥有30余台高精密德国阿博格、日本法那科、日精进口等精密注塑机，每年模具制造能力150套起。公司采用现代化管理模式，实行全面的质量管理和服务管理体系。拥有60余人专业团队：工模部25人、注塑生产部作业员30余人，质量控制部、采购部、市场销售部等10余人。,https://HTTP://WWW.DGQINKE.COM,https://exhibitors.informamarkets-info.com/event/2026Medtec/en-US/exhibitor/484586/dongguan-qinke-plastic-co---ltd-,
上海恢弘塑胶有限公司,"Shanghai Huihong Plastics Co., Ltd.",N2-C707,N2,CHINA,cat-01,本公司是一家专业从事塑胶着色的研发、生产型企业。公司致力于各领域材料品种和各种加工工艺的研发和生产，产品包括POM、PA、PC、PVDC、PET、PBT、ABS、PE、PP、PS、PP-R、TPE等全色谱专用色母粒，适用于注塑、吹塑、挤出、发泡、流延等各种工艺。可定做各种彩色及功能色母粒。所有产品符合欧盟ROHS条款，可根据客户的产品特性需求符合的法规，包括REACH，GB9685- 2016，EU10/2011， FDA等法规。 ISO9001:2015，GB/T24001-2016 / GB/T24001-2016 / ISO14001:2015，IATF 16949:2016,https://www.zzcy-hh.com,https://exhibitors.informamarkets-info.com/event/2026Medtec/en-US/exhibitor/484587/shanghai-huihong-plastics-co---ltd-,https://image.imconlinereg.com/mm-mtc/2026-06-24/E180572FFE3577020F48904D7365AF43.pdf
普立万聚合体（上海）有限公司,Avient Corporation,N2-B109,N2,CHINA,cat-01,"Our purpose at Avient Corporation (NYSE: AVNT) is to be an innovator of materials solutions that help our customers succeed, while enabling a sustainable world.  Our local touch and customer engagement, combined with our global presence, allows us to serve customers with agility.",https://www.avient.com,https://exhibitors.informamarkets-info.com/event/2026Medtec/en-US/exhibitor/484749/avient-corporation,
中科博脉(广东)医用新材料科技有限公司,"SINO-TECH BIOMEDICAL ADVANCED MATERIAL(GD) Co., Ltd",N2-H211,N2,CHINA,cat-01,中科博脉（广东）医用新材料有限公司，是一家可提供“一对一”的定制化解决方案的医疗器械配件制造企业。中科博脉已获得ISO13485-2016认证，十万级的洁净车间，生产技术先进，以PEEK  TPU  PEBAX  PA  POE  COC等高分子精密挤出管件、实心芯线为优势产品，主要应用于输送鞘管、导引导管、造影导管、成型芯轴等。材料硬度从35A-72D，最小壁厚0.05mm的各类型超薄管，均可快速并稳定实现量产，并提供个性化配色、添加显影，润滑以及增强改性等定制服务。,https://www.s-biomed.com,https://exhibitors.informamarkets-info.com/event/2026Medtec/en-US/exhibitor/485094/sino-tech-biomedical-advanced-material(gd)-co---ltd,https://image.imconlinereg.com/mm-mtc/2026-07-02/063FE413582D862813CF404E4452A469.pdf
北京智芯传感科技有限公司,"Beijing Smart Sensor Technology Co., Ltd.",N1-D606,N1,CHINA,cat-08-1,智芯传感成立于2018年9月，是一家由专业MEMS技术团队与京津冀国家技术创新中心联合培育的集研发、生产、销售于一体的“北京市专精特新中小企业”及“国家级高新技术企业”。控股子公司安徽京芯成立于2021年9月，是蚌埠禹会区政府签约的装备制造业双招双引重点项目，荣获“国家级高新技术企业”。公司先后通过ISO9001质量管理体系、ISO13485医疗器械质量管理体系等认证，并具备向全球医疗、汽车等行业客户提供高质量产品与技术服务的资质。同时，公司拥有自主知识产权专利百余项，且多次主导和参与MEMS行业国家标准和IEC国际标准的制定。凭借自身技术优势，公司得到行业和客户的高度认可。,https://www.isensing.cn,https://exhibitors.informamarkets-info.com/event/2026Medtec/en-US/exhibitor/485158/beijing-smart-sensor-technology-co---ltd-,https://image.imconlinereg.com/mm-mtc/2026-06-11/38A6D05A58D1C5EDB716960BA10F0321.pdf;https://image.imconlinereg.com/mm-mtc/2026-06-11/6E299E40222E945B5DFABB804B20002D.pdf
浙江脉通智造科技（集团）有限公司,"AccuPath Group Co., Ltd.",N2-D001,N2,CHINA,cat-15,脉通智造™是一家创新型高科技集团，通过先进材料和先进制造科学技术，改善人类生命健康，为客户、员工和股东创造价值。 在高端医疗器械行业，提供高分子材料、金属材料、热收缩材料、纺织材料、合成材料、CDMO和测试一体化服务，“为全球高端医疗器械企业提供全面的原材料、CDMO和测试解决方案”是我们的追求。 在中国上海和嘉兴，美国加州建有研发和生产基地，形成了全球化的研发、生产、营销和服务网络，“成为全球先进材料和先进制造高科技企业”是我们的愿景。,https://www.accupathmed.com,https://exhibitors.informamarkets-info.com/event/2026Medtec/en-US/exhibitor/485536/accupath-group-co---ltd-,
宝玛医疗科技（无锡）有限公司,"BM Medical Technology Co., Ltd.",N1-F001,N1,CHINA,cat-15,一站式智造方案：BM作为高标准医疗器械合同制造商，主打微创手术、手术机器人器械代工，业务覆盖零部件加工到成品组装。厂区拥有 ISO13485 认证、完成 FDA 注册，适配全球准入标准，布局一次性、可复用部件生产，依托一体化产能助推客户产品上市。赋能医疗创新合作：BM深度拆解客户需求与设计指标，自研原型试制中心快速制作样机用于测试；配备多款合规洁净车间，适配不同预算，选材采用医用级原料，严守质量门槛，加快产品商业化脚步。全链路品质保障体系：BM依托专业团队与丰富实操经验，兼顾制造成本优势与稳定品控，落地前沿制造技术，全程跟进合作项目，陪伴合作方完成医疗器械全周期迭代优化。,https://www.bm-medical.com,https://exhibitors.informamarkets-info.com/event/2026Medtec/en-US/exhibitor/485537/bm-medical-technology-co---ltd-,https://image.imconlinereg.com/mm-mtc/2026-07-16/676C0116D84B3395EF3ECC1C71E2EE68.jpg;https://image.imconlinereg.com/mm-mtc/2026-07-16/8A8950F0228407979F9FD67D844AE329.png
江门途景医用新材料有限公司,"Jiangmen Tujing Medical New Materials Co., Ltd.",N4-B301,N4,CHINA,cat-13,江门途景新材料（途景医包）深耕医疗无菌包装行业，专注闪蒸无纺布水性涂胶盖材国产化解决方案。核心团队拥有25-27年医疗包装资深从业经验，自研高精度气刀涂布设备与全套水性易揭胶配方，2025 年率先实现特卫强涂胶国产化量产，打破进口垄断。公司为汇垚水性热封胶授权代理商，配备万级洁净车间、ISO13485 医疗器械质量体系认证，拥有气刀涂布线、柔印机、轻涂涂布全流程产线。主营涂胶特卫强、医用涂胶纸、纸塑袋、铝箔袋、各类灭菌盖材，适配 ETO、伽马灭菌，产品抗黄变、易剥离，服务国内多家上市医疗器械企业，提供一站式无菌屏障包装定制服务。,,https://exhibitors.informamarkets-info.com/event/2026Medtec/en-US/exhibitor/485825/jiangmen-tujing-medical-new-materials-co---ltd-,
杭州鑫泽源医疗科技有限公司,"Hangzhou Xinzeyuan Medical Technology Co.,Ltd.",N3-H303,N3,CHINA,cat-02,公司成立于2015年，以精密元器件制造为基石，聚焦于医疗器械创新技术研究，建立高壁垒的研发平台，推动产业高质量协同发展。公司目前有2个研发中心及2大生产中心，配备200+套先进的加工设备以及100+位专业研发技术人员，形成了集研发创新、工程工艺转化、精密加工、自动化生产与规模化交付于一体的完善服务客户的体系。至今共计服务了海内外800+家客户，是微创医疗领域值得信赖的合作伙伴。,https://www.shinehe.com,https://exhibitors.informamarkets-info.com/event/2026Medtec/en-US/exhibitor/485826/hangzhou-xinzeyuan-medical-technology-co--ltd-,
盛禧奥(香港)有限公司,Trinseo (Hong Kong) Limited,N2-B706,N2,USA,cat-01,盛禧奥（OTCM：TSEOF）是全球领先的特种材料解决方案供应商，致力透过顶尖专业技术、前瞻性创新思维与高性能材料，以智能且可持续的方式将创意转化为实际价值，为企业与消费者创造双赢局面。从产品设计到生产制造，盛禧奥凭着数十年丰厚的材料科学底蕴，为建筑建造、消费品、医疗保健及交通运输等多元产业提供量身订制的材料解决方案，精准应对客户的复杂挑战。我们的团队足迹遍及北美、欧洲及亚太区，与全球伙伴携手前进，持续探索材料的无限可能。2025年，盛禧奥全年销售额约30亿美元。欢迎浏览 www.trinseo.com、LinkedIn、Twitter、Facebook 及 WeChat 关注我们的最新动态。,https://www.trinseo.com,https://exhibitors.informamarkets-info.com/event/2026Medtec/en-US/exhibitor/485827/trinseo-(hong-kong)-limited,https://image.imconlinereg.com/mm-mtc/2026-07-30/A7265206DB84A902EE39E0416DBEBC49.pdf
爱彼思（上海）企业管理有限公司,"ALBIS PLASTIC (SHANGHAI) CO., LTD",N2-F502,N2,GERMANY,cat-01,爱彼思（ALBIS）是全球领先的塑料分销商之一。作为独立分销商，我们为客户提供业内领先且最全面的产品组合，涵盖标准聚合物、工程塑料以及日益增长的可持续产品系列。凭借我们的专业技术知识、强大的全球及本地销售网络，以及对为客户提供最佳解决方案的热忱，我们正持续推动全球各国家和地区、各行业分销合作伙伴及客户的业务增长。深耕医疗行业，为OEM/CDMO提供合规的，安全的树脂材料。,,https://exhibitors.informamarkets-info.com/event/2026Medtec/en-US/exhibitor/485863/albis-plastic-(shanghai)-co---ltd,https://image.imconlinereg.com/mm-mtc/2026-07-17/A2C45B406AC3607F89CD2341C3F3BC86.pdf;https://image.imconlinereg.com/mm-mtc/2026-07-17/9B9B6F92C9FFFA912BF73D4F683158E6.pdf
广东精微纳米科技有限公司,"GUANGDONG EXNAN TECHNOLOGY CO.,LTD",N1-C203,N1,CHINA,cat-15,"广东精微纳米科技有限公司是深圳市精微纳米橡塑有限公司在惠州市仲恺区中韩(惠州)产业园成立的全资子公司。母公司自2004年成立以来，一直专注于医疗硅胶配件与耗材的研发与制造，与众多国内外知名医疗企业建立了长期稳定的合作关系。公司始终坚持“质量是企业的生命，员工是企业的根本”的宗旨，秉承“专注医疗硅胶，为高品质而生”的理念，在硅胶行业中不断创新、发展。欢迎新老客户来图来样,我司秉着双赢的共同目标,评估出有市场竞争力的价格!",https://WWW.EXNAN.COM.CN,https://exhibitors.informamarkets-info.com/event/2026Medtec/en-US/exhibitor/485864/guangdong-exnan-technology-co--ltd,https://image.imconlinereg.com/mm-mtc/2026-06-12/8BF1C85CAAD6EBBC3261B2D85934C824.pdf;https://image.imconlinereg.com/mm-mtc/2026-06-12/136160AFAF2AE6A8FCD32EA0ADBF525B.pdf
山东华致林医药科技股份有限公司,"Shandong Huazhilin Pharmaceutical Technology Co.,Ltd",N4-B205,N4,CHINA,cat-13,山东华致林医药科技股份公司成立于2009年5月，以“为医药企业提供医药包装及无菌耗材过程解决方案”为使命，专门从事高端医用包装、药品包装、无菌防护及生物制药用一次性耗材生产的国家高新技术企业，是中国医药包装协会、中国疫苗协会、山东省医药行业协会等会员单位。主要经营有Tyvek灭菌袋/卷膜/盖材产品系列、医药用复合膜包装产品系列、医药用低密度聚乙烯产品系列、医药用硅胶管，医药用TPE管产品系列等，同时荣获山东省“专精特新”、山东省“瞪羚”企业等荣誉称号。公司医药用低密度聚乙烯袋/无菌袋、Tyvek产品系列分别荣获“山东知名品牌”。通过了欧盟GMP、ISO9001体系等多个质量管理体系认证。,https://www.sdhuazhilin.com,https://exhibitors.informamarkets-info.com/event/2026Medtec/en-US/exhibitor/485895/shandong-huazhilin-pharmaceutical-technology-co--ltd,https://image.imconlinereg.com/mm-mtc/2026-06-22/D3315C01234C067E41DC4F3246829984.pdf;https://image.imconlinereg.com/mm-mtc/2026-06-22/F8FFDF1D65A8F17C301B2D5CAED68DD0.pdf
深圳耀影光电科技有限公司,"Shenzhen Brilliant Optics Co., Ltd.",N2-F803,N2,FRANCE,cat-04,APM Technica AG 在粘接技术与表面技术领域拥有深厚行业积淀；依托持续的创新能力，我们始终保持顶尖品质水准。公司自2002年10月成立以来，已自主研发并量产逾百款高性能胶粘剂，产品品类丰富，形成完善自有产品线。公司产品广泛应用于光学、电子、机械工程及新能源等众多行业。无论是环氧胶、丙烯酸胶、有机硅胶，还是改性硅烷（SMP）胶黏剂，APM Technica AG均可为各类粘接工况提供精准适配的专业解决方案。,http;//www.brilliantoptics.com,https://exhibitors.informamarkets-info.com/event/2026Medtec/en-US/exhibitor/485898/shenzhen-brilliant-optics-co---ltd-,https://image.imconlinereg.com/mm-mtc/2026-06-11/ABBDC14639D8E73D86A05B862A2BCF72.pdf;https://image.imconlinereg.com/mm-mtc/2026-06-11/C27D52D266DF639F3F6001C8BD2A3D1C.pdf
迪斯泰克 (上海) 自动化工程有限公司,"DESTACO (Shanghai) Automation Engineering Co., Ltd.",N3-H205,N3,USA,cat-11,公司介绍DESTACO隶属于德国斯泰必鲁斯集团，是一家成立于1915年的工业自动化专家，多年来致力于为全球制造业客户提供电气自动化的生产解决方案。目前全球约800名员工，分支机构遍布美洲、欧洲和亚洲的十几个国家。,,https://exhibitors.informamarkets-info.com/event/2026Medtec/en-US/exhibitor/485947/destaco-(shanghai)-automation-engineering-co---ltd-,
安徽赛弗特医疗器械有限公司,"AnHui Safety Medical Devices Co.,Ltd",N4-C206,N4,CHINA,cat-13,"安徽赛弗特医疗器械有限公司是一家集研发、生产与销售为一体的新型医用包装生产商。公司主营范围：热封袋、自封袋、高温平面卷袋、立体卷袋、特卫强灭菌单袋与卷袋、涂胶纸以及印刷原纸。公司一直秉持""质量、服务、感恩、分享""的文化理念，为广大客户提供高品质产品。热烈欢迎社会各界莅临公司参观指导。",https://www.safetyah.com,https://exhibitors.informamarkets-info.com/event/2026Medtec/en-US/exhibitor/485948/anhui-safety-medical-devices-co--ltd,https://image.imconlinereg.com/mm-mtc/2026-07-07/291D160417D5C1D3CB95F0938CCFBF31.pdf
明州斯睿医疗产品(上海)有限公司,Solventum,N2-D502,N2,USA,cat-04,舒万诺公司，原3M 医疗健康业务，于2024年4月正式完成从3M的拆分并在纽交所上市，成为独立的全球性医疗健康公司，专注于解决重大医疗健康挑战。  我们是一家有着70多年历史的新公司。70多年来，我们提供突破性解决方案，解决客户面临的严峻的医疗健康挑战，深受客户信赖。舒万诺全新成立后，我们将继续秉承倾听和创新这一传承，致力于实现更好、更高效、更安全的医疗健康，从而改善人们的生活。  我们的解决方案涵盖医疗外科、齿科解决方案、健康信息系统等业务领域。,https://www.solventum.cn,https://exhibitors.informamarkets-info.com/event/2026Medtec/en-US/exhibitor/485949/solventum,
东莞市金盘模具配件有限公司,DONGGUAN JINPAN MOULD  FITTINGS CO.，LTD,N3-C203,N3,CHINA,cat-01,东莞市金盘模具配件有限公司是一家专业生产加工高精密模具配件的公司，成立于2011年，位于东莞长安上沙，占地面积8200平方，全厂技术人员150人，是集设计、制造、全套非标定制的型企业，金盘凭借强大的和全面的能力，先进的技术和科学的生产管理和技术，为所有客户提供优质的产品和精致的服务。公司主要产品包括螺牙型芯，化妆品镶件，医疗器械镶件，笔模型芯，齿轮齿条，锁模扣等，还承接数控CNC车床加工、精密螺牙研磨、内外圆磨加工、镜面放电加工、CNC加工中心等。公司现在已采用ERP信息管理系统，并结合网上传输系统，实现了资源与喜户共享，信息和物流的传输更为迅捷。我司将一如既往地秉承“精心设计，精工制造，,,https://exhibitors.informamarkets-info.com/event/2026Medtec/en-US/exhibitor/485950/dongguan-jinpan-mould--fittings-co-，ltd,
添迪精密工业（广东）有限公司,"PSE PRECISION INDUSTRY (GD) CO., LTD",N1-A801,N1,CHINA,cat-09,"创立于1988年，B&E深耕高端精密智造领域三十余年，深耕分析生化与生命科学设备配套赛道。公司坐拥东莞、马来西亚双现代化生产基地，配置500余台精密加工设备，形成规模化智造产能与全球化交付体系。业务贯通压铸、精密机加工、注塑成型、成品装配全流程，可实现精密零部件定制生产到整机集成装配的一站式交付，高度匹配分析仪器、医疗设备对高精度、高稳定性、高一致性的严苛制造标准。公司已取得ISO9001、ISO13485、IATF16949，ISO14001, ISO14064,ISO45001六大权威体系认证，建立全流程标准化品质管控体系，完全满足高端仪器及医疗产品的合规生产要求。",https://www.psebe.com,https://exhibitors.informamarkets-info.com/event/2026Medtec/en-US/exhibitor/485951/pse-precision-industry-(gd)-co---ltd,
臻腾五金制品（深圳）有限公司,C T Jeton Metal Products (Shenzhen) Limited,N1-A803,N1,CHINA,cat-02,我们乐于与你灵活配合，达到你对产品最终要求，由质、量以致出货，必能符合你的标准，以一流服务回报你对臻腾的支持。臻腾不但值得你信赖的合作伙伴，亦是你真诚可靠的朋友。请即联络我们，让我们携手合作，迈向成功之路！,,https://exhibitors.informamarkets-info.com/event/2026Medtec/en-US/exhibitor/486284/c-t-jeton-metal-products-(shenzhen)-limited,https://image.imconlinereg.com/mm-mtc/2026-06-29/FC1EF44B98896BAB94AD63E8919377B8.pdf
杭州卡尔施达进出口有限公司,Hangzhou Carl Stahl Imp & Exp Co. Ltd,N1-B202,N1,GERMANY,cat-02,杭州卡尔施达进出口有限公司隶属于德国 Carl Stahl 集团。集团拥有百余年钢丝绳及绳索系统研发和制造经验，致力于为工业和医疗领域提供高品质、高可靠性的解决方案。依托德国先进的制造技术和全球化资源平台，我们专注于高性能钨丝绳及微型绳索系统的研发、生产和应用，为医疗器械行业提供解决方案。我们的产品广泛应用于手术机器人、软性及硬性内窥镜、导管系统以及其他微创医疗设备。我们的钨丝绳产品具有超高强度、优异的柔韧性、卓越的耐疲劳性能和稳定的尺寸精度，能够满足医疗器械对微型化、精准操控和长期可靠运行的严苛要求。同时，我们可根客户需求提供定制化设计和技术支持，帮助客户实现更高性能的创新医疗产品。,https://www.carlstahl.cn,https://exhibitors.informamarkets-info.com/event/2026Medtec/en-US/exhibitor/486285/hangzhou-carl-stahl-imp---exp-co--ltd,https://image.imconlinereg.com/mm-mtc/2026-07-07/8D66D55A3148DF27416610F305E8C1DF.pdf;https://image.imconlinereg.com/mm-mtc/2026-07-07/BCD53BD08161D34506EAAEBE3A77E81A.pdf
Indo-MIM Private Limited,INDO-MIM Limited,N1-H307,N1,INDIA,cat-02,Indo-MIM是世界领先的MIM技术方案提供商，在MIM材料研发、超大批量产品供应等方面具备超过20年的经验。Indo-MIM在上海浦东设立有客户服务及技术销售代表处，自2005年起即为中国的众多客户提供MIM产品。拥有20年以上经验的印度及中国工程师组成的上海团队可在48小时内提供所询零件详细的MIM可行性分析报告，亦可拜访贵司进行MIM技术宣讲以及具体部件分析。我们先进的设备同600多名技术高超的工程师、科学家、技术人员及制造人员紧密融合。工厂通过 ISO 13485 认证，同时拥有一个10等级的无尘室。,https://www.indo-mim.com,https://exhibitors.informamarkets-info.com/event/2026Medtec/en-US/exhibitor/486286/indo-mim-limited,
华模智能装备(嘉兴)有限公司,"VALMO INTELEGENCE EQUIPMENT (JIAXING) CO., LTD",N3-A102,N3,CHINA,cat-09,2007年在上海，成立上海华模精密机械有限公司；2018年搬迁至浙江省嘉兴市，成立华模智能装备（嘉兴）有限公司，生产基地面积18000㎡，公司主要研发生产高速全电动注塑机及配套自动化设备。                                    我们提供50T 到1800T 全电动注塑机的各种解决方案，包括单色，双色，多色以及转盘，转轴，PET 瓶胚系统，机械手等。灵活强大的自主软件开发配套能力使我们比同行更能提供更智能，更灵活，更具性价比的注塑自动化设备。广泛应用于塑料加工、汽车制造、电子电器、医疗等多个领域，为客户提供优质的智能装备解决方案。,https://www.walmo.co,https://exhibitors.informamarkets-info.com/event/2026Medtec/en-US/exhibitor/486287/valmo-intelegence-equipment-(jiaxing)-co---ltd,https://image.imconlinereg.com/mm-mtc/2026-07-24/C0A923A73F7CA5789DA508CFC41595E9.pdf;https://image.imconlinereg.com/mm-mtc/2026-07-24/A8BB158A0A2EF134AEC0CC86CC4BE7DF.pdf
Ingpuls Medical GmbH,Ingpuls Medical GmbH,N1-C908,N1,GERMANY,cat-02,在Ingpuls Medical，精密熔炼是全部生产的起点。我们严控合金设计到半成品加工全流程，为医疗器械行业定制高品质镍钛合金。母公司Ingpuls是德国顶尖低夹杂物形状记忆合金制造商，Ingpuls Medical为其全资子公司，专注优化医用材料品质与可靠性。依托完备冶金技术，我们提供镍钛管材、线材、板材及粉末。镍钛合金属于医疗领域工艺难度极高的特种材料。与Ingpuls Medical深度协作，可帮助客户掌握材料核心技术，赋能高性能医疗器械研发与制造。Ingpuls Medical坚守尊重、诚信、创新、品质的核心价值，持续开发高端镍钛合金，聚焦产品稳定性能，以优质材料保障患者健康。,https://ingpuls-medical.com/,https://exhibitors.informamarkets-info.com/event/2026Medtec/en-US/exhibitor/486288/ingpuls-medical-gmbh,https://image.imconlinereg.com/mm-mtc/2026-07-20/944DB7D69EDB3019AF9B0D26908AD7A9.pdf;https://image.imconlinereg.com/mm-mtc/2026-07-17/E3B1B0B2E28E4228E177573A20557136.pdf
家颖科技(苏州)有限公司,Peter's Technology(Suzhou),N3-D702,N3,CHINA,cat-15,"家颖科技(苏州)有限公司是香港PT MedTech旗下的全资子公司，创立于1982年,专注于为全球医疗器械行业提供专业的解决方案和垂直一体化的生产制造服务。公司通过了ISO13485认证，工厂在FDA注册，拥有近4000平米的10万级洁净车间和全程可追溯的质量管理体系.厂内配备各类高精度机械加工,高精密注塑,医疗级电子制造，以及洁净室内成品组装等成品医疗器械所需的全套加工能力,可极大程度的缩短医疗器械产品从研发到上市的周期并提高一次性成功率。无论是前期开发,样品试制还是批量生产交付,我们全方位的工程开发能力以及对于知识产权的严密保护能力，绝对是您在医疗器械代工制造领域的最优选择!",https://www.pt-medtech.com,https://exhibitors.informamarkets-info.com/event/2026Medtec/en-US/exhibitor/486289/peter's-technology(suzhou),
有研亿金新材料有限公司,"GRIKIN Advanced Materials Co., Ltd",N1-F202,N1,CHINA,cat-02,有研亿金新材料有限公司（简称有研亿金）成立于2000年，前身为北京有色金属研究总院稀有及贵金属材料研究所，为上市公司有研新材料股份有限公司全资子公司，总部位于昌平区科技园区超前路。拥有2家全资子公司，主要研发、生产和销售集成电路用超高纯金属靶材、稀贵金属功能材料和铂族金属业务。拥有国家火炬计划重点高新技术企业、国家技术创新示范企业、国家知识产权示范企业、北京市企业技术中心、中国半导体材料十强企业等荣誉/资质。近20年来，累计承担国家科技重大专项、工业强基工程等国家项目36项；获国家/省部级奖20项；授权专利230余项，有效专利170余项；制修订国家/行业标准65项，国际标准2项。,http://www.grikin.com/,https://exhibitors.informamarkets-info.com/event/2026Medtec/en-US/exhibitor/486298/grikin-advanced-materials-co---ltd,https://image.imconlinereg.com/mm-mtc/2025-07-03/C75BD72521E1956603941B5710DD0BC8.pdf
昆山恒友音达机械科技有限公司,Hyusonic mechanical technology co.ltd,N3-G212,N3,CHINA,cat-14,本公司主营超音波熔接、成型、切割、破碎技术应用  热熔熔接、切割、成型技术应用  旋转摩擦熔接技术应用及相关自动化焊接，切割，热熔设备  来自德国原厂技术，更能满足客户需求,https://hyusonic@hyusonic.com,https://exhibitors.informamarkets-info.com/event/2026Medtec/en-US/exhibitor/486299/hyusonic-mechanical-technology-co-ltd,https://image.imconlinereg.com/mm-mtc/2026-07-14/726F36CB25115B6E3DEFC7BBC80B17B4.pdf
智健医疗科技 (嘉兴) 有限公司,智健医疗科技 (嘉兴) 有限公司,N1-A212,N1,,,,,https://exhibitors.informamarkets-info.com/event/2026Medtec/en-US/exhibitor/486346/智健医疗科技-(嘉兴)-有限公司,
展旺塑胶（重庆）有限公司,"ZHANWANG Plastic (Chongqing) Co., Ltd.",N3-F406,N3,CHINA,cat-09,展旺塑膠（重慶）有限公司為台資企業，位於重慶市榮昌區，占地面积约2.7万平方米，專注於高品質塑膠製品的開發與製造，擁有逾三十年塑膠產業經驗，具備從模具設計與製造、精密注塑成型，到印刷、鐳雕、噴塗、裝配等一體化生產能力。,,https://exhibitors.informamarkets-info.com/event/2026Medtec/en-US/exhibitor/486362/zhanwang-plastic-(chongqing)-co---ltd-,https://image.imconlinereg.com/mm-mtc/2026-07-02/5F50E24EF4C56B7339D386CACAA33791.pdf
汉高乐泰(中国)有限公司,Henkel LOCTITE (中国) Co Ltd,N2-D802,N2,GERMANY,cat-04,汉高凭借其品牌、创新和技术，在全球工业和消费品领域中拥有领先的市场地位。汉高粘合剂技术业务部是全球粘合剂、密封剂和功能性涂层市场的领导者。可持续发展在汉高有着悠久的传统，公司确立有明晰的可持续发展战略和具体目标。汉高成立于1876年，如今，汉高在全球范围内约有5万名员工，在强大的企业文化、共同的价值观与企业目标“Pioneers at heart for the good of generations”的引领下，融合为一支多元化的团队。,https://www.tryloctite.cn,https://exhibitors.informamarkets-info.com/event/2026Medtec/en-US/exhibitor/486363/henkel-loctite-(中国)-co-ltd,https://image.imconlinereg.com/mm-mtc/2026-06-17/CC1FB54AC7907A196AD2D1AC15FB518B.pdf
深圳市亚迪威科技有限公司,"SHENZHEN ADWANTEK TECHNOLOGIESCO., LTD",N4-G111,N4,CHINA,cat-17,深圳市亚迪威科技有限公司创立于 2005 年，深耕精密塑料管材检测领域，专注为医用精密管材行业提供在线测量设备与成套工艺解决方案，产品主要用于介入医疗导管、医用高分子管材挤出生产。面向医疗管材严苛的尺寸管控与合规要求，亚迪威提供一体化在线检测方案。核心 X-RAY 厚度偏心仪采用无损检测，精准获取导管外径、壁厚、同心度与偏心数据；配套红外测径仪、凹凸仪，实现管材外径、圆度及表面缺陷非接触连续监测，适配各类微创导管挤出产线。凭借稳定的设备、高性价比方案与全球化技术服务，亚迪威客户遍及亚、欧、美、非。我们持续优化医疗管材测控技术，助力企业严控公差、提升良品率。欢迎莅临展位，共同探讨。,,https://exhibitors.informamarkets-info.com/event/2026Medtec/en-US/exhibitor/486412/shenzhen-adwantek-technologiesco---ltd,
惠州市麒星麟医疗科技有限公司,Huizhou Qixinglin Medical Technology Co,N2-H401,N2,CHINA,cat-05,"惠州市麒星麟医疗科技有限公司成立至今已有二十年,专注于精密挤出导管研发，生产，代工与销售，深耕医疗，食品，电子，汽配，等领域。致力于为国内外客户提供安全，精准，创新的导管解决方案。公司目前有15条高精密挤出生产线,配备有十万级洁净车间和万级洁净车间，完善的导管后期加工设备（包括印刷，打孔，熔头，尖端处理，加热定型）以及精密检测实验室，严格遵循ISO13485医疗器械质量管理体系。主要产品有医用TPU管材，医用PEBAX导管，医用硅胶导管，TPU超薄管，超薄变径管，多腔显影引流管定制，按摩理疗仪器连接管，手术切口扩张器型材,血压计连接管以及袖带管,食品级管材等等!",https://www.qxlmedical.cn,https://exhibitors.informamarkets-info.com/event/2026Medtec/en-US/exhibitor/486534/huizhou-qixinglin-medical-technology-co,https://image.imconlinereg.com/mm-mtc/2025-08-04/1CD6151FD695689385C3F5884D21E24B.pdf
上海丝彩兆维科技有限公司,"Shanghai Stratroy Technology Co., Ltd",N1-D805,N1,USA,cat-10,"上海丝彩兆维科技有限公司系厦门象形三维科技有限公司全资子公司，厦门象形三维科技有限公司位于美丽的海滨城市鹭岛厦门，成立于2010年1月7日，注册资本人民币1000万元。厦门象形公司公司深耕 3D 打印行业10年，主营增材制造相关业务，承接3D打印设备的销售和订单，为现有客户提供3D部件和服务，是中国知名的3D打印应用解决方案提供商，在行业内享有高度认可的口碑与声誉。厦门象形公司一直在不断探索推动 3D 打印在各行业的深入应用,客户遍布全国 60 多个城市，群体涵盖了诸多行业，如航空航天、新能源汽车等等.",,https://exhibitors.informamarkets-info.com/event/2026Medtec/en-US/exhibitor/486535/shanghai-stratroy-technology-co---ltd,https://image.imconlinereg.com/mm-mtc/2026-06-30/9AA782327752B19BB84A1DBBB927B2D6.pdf
阿米斯科自动化元件（深圳）有限公司,"AMISCO AUTOMATIC COMPONENTS (SHENZHEN)CO.,LTD",N1-G602,N1,ITALY,cat-08-2,Amisco微型医疗电磁导航线圈制造商，Amisco公司在微型医疗电磁导航领域取得了重大技术突破，成功开发出超细微型线圈技术，将线圈直径压缩至0.008mm-0.2mm，仅为人类头发直径的1/5。2026年全球精密电磁元器件龙头意大利 Amisco 旗下全资子公司阿米斯科自动化元件（深圳）有限公司，正式对外发布成熟量产型<5D磁定位导航传感器>实现高密度的线圈绕制，同时保持极高的精度和可靠性。微型线圈应用领域：血管植入影像，耳鼻喉导航传感器，电磁导航传感器，电磁导管位置传感器，电生理传感线圈、内窥镜定位线圈 。 电磁线圈扮演着至关重要的角色，,https://www.amisco.cn,https://exhibitors.informamarkets-info.com/event/2026Medtec/en-US/exhibitor/486536/amisco-automatic-components-(shenzhen)co--ltd,https://image.imconlinereg.com/mm-mtc/2025-05-29/2C410550DB1F4D8EC413BA3F05EF11E3.jpg;https://image.imconlinereg.com/mm-mtc/2026-07-02/74CA04E5548CE5165047CA012E40E344.png
海南医创科技股份有限公司,"Hainan Earchon Technology Co.,Ltd.",N4-F701,N4,CHINA,cat-02,海南医创科技股份有限公司是贯通镍钛原料至微创器械全产业链的高新医疗企业。主营医用镍钛丝、毛细管、编织绳、记忆板材四大基材，符合 ASTM F2063 医用标准，支持参数定制；自有完整加工产线与专利技术，承接打样量产。公司自研内镜摄像系统、微创及等离子手术设备，依托自贸港优势，对内供应原料、内镜整机与 OEM 代工，对外拓展东南亚出口。旗下脑轻松智能声学手机融合通讯与康养功能，借助声学技术改善耳鸣、失眠、偏头痛，适配各类有头部睡眠困扰人群，持续深耕医疗健康领域。,https://www.earchon.com,https://exhibitors.informamarkets-info.com/event/2026Medtec/en-US/exhibitor/486537/hainan-earchon-technology-co--ltd-,
博乐特殊钢(上海)有限公司,博乐特殊钢（上海）有限公司,N3-B206,N3,AUSTRIA,cat-02,博乐（BOHLER），1870年诞生于奥地利，是全球先进工模具钢、高速钢和特种钢材的专业生产和供应商，拥有国内外300多项专利，生产超过200余种钢种，为冲压、压铸，塑胶以及切削刀具、3D打印等广泛的工业应用领域提供专业支持。今天，博乐的服务网络辐射中国大江南北，以上海为母公司，在成都、沈阳、佛山三地设立分公司，同时也在天津、苏州、大连设立办事处，旨在为全中国的客户提供世界一流的工模具钢材料、钢材加工增值服务和技术咨询服务。,,https://exhibitors.informamarkets-info.com/event/2026Medtec/en-US/exhibitor/486538/博乐特殊钢（上海）有限公司,
深圳市浩毅丰科技有限公司,"Shenzhen Haoyifeng Technology Co., Ltd.",N1-A703,N1,CHINA,cat-02,深圳浩毅丰科技，是一家成立于2013年专注于医疗器械零部件的技术型生产企业，员工90余人，拥有现代化厂房（建筑面积约6000平方米）和国际一流的CNC加工及检测设备。公司秉承“专业、专注、精益求精”的企业理念，不断提升自身的技术水平和管理水平，以为客户提供品质优良的产品和服务为己任。,https://www.hyf66.com,https://exhibitors.informamarkets-info.com/event/2026Medtec/en-US/exhibitor/486539/shenzhen-haoyifeng-technology-co---ltd-,
北京希来科网络技术有限公司,"silex technology China, Inc.",N1-H807,N1,JAPAN,cat-08-3,"Silex Technology, Inc.（总部：日本京都府精华町）是一家以无线技术（Wi-Fi）为核心，提供将设备与网络连接的硬件、软件的研究开发型企业。 我们通过为需要可靠连接的设备（如工业机械、医疗设备和显示设备）提供利用网络和无线技术的产品来扩展我们的业务范围。 为了保持严格的质量标准，京阪奈总部整合了设计、开发、生产、质量保证等一系列流程。公司在北美、欧洲、中国和印度设有分公司，主要业务范围：深度接洽海外合作伙伴、开拓新兴市场、行业信息调研与前沿技术研发等全球化布局工作。",https://www.silex.com.cn,https://exhibitors.informamarkets-info.com/event/2026Medtec/en-US/exhibitor/486540/silex-technology-china--inc-,
广州市卓越精密技术有限公司,"Guangzhou Excellent Precision Technology Co., Ltd.",N4-B702,N4,CHINA,cat-02,广州卓越致力于用科技推动医疗行业发展，持续研发世界前沿的一次性使用医用“针”“刀”系列器械，为微创外科治疗领域提供更多解决方案。团队成员均有15年以上医疗器械研发和生产经验。公司拥有2000M生产车间/万级实验室/十万级GMP净化车间，提供一次性使用“针”系列、“刀”系列、电外科系列、神经电生理系列产品的研发和代工生产，拥有全球顶尖的精密加工制造能力和完善的质量管理体系。广州卓越一直秉承仁爱、求索、篤行、和美的价值观，真正做到关爱生命、锐意创新、诚实守信、精诚合作。同时不断升级我们的技术能力、产品解决方案和服务水平，为合作伙伴赢得未来，为全球客户带来持续增长的价值。,,https://exhibitors.informamarkets-info.com/event/2026Medtec/en-US/exhibitor/486541/guangzhou-excellent-precision-technology-co---ltd-,https://image.imconlinereg.com/mm-mtc/2026-06-22/4C8980B125535DAA0DC3EB4C41D4BE00.pdf
Fischer Connectors,Fischer Connectors,N1-G508,N1,SWITZERLAND,cat-08-2,Fischer Connectors于1954年在瑞士成立，致力于给有数据、信号和电源就地转移和管理需求的生态系统设计、开发和部署端对端互连解决方案。自从公司创始人开发了世界上首个高质量密封圆形连接器以来，我们瑞士总部公司已经从一个连接器供应商发展为连接行业提供全方位服务的合作伙伴。Fischer Connectors是Conextivity技术集团的一部分。Conextivity集团在全球范围内有将近600名员工、四个研发中心、六个制造基地和两个商务公司（Fischer Connectors和Wearin’）。集团提供高性能连接解决方案，用以管理电源和数据无缝地从传感器和设备传输到云和人工智能，促进了新型可扩展生态系统的兴起。,https://www.fischerconnectors.com,https://exhibitors.informamarkets-info.com/event/2026Medtec/en-US/exhibitor/486596/fischer-connectors,
湖南欧德科新材料技术有限公司,"HUNAN OUDEKE NEW MATERIAL TECHNOLOGY CO., LTD",N2-C907,N2,CHINA,cat-05,湖南欧德科新材料技术有限公司位于湖南长沙，公司专注于医用精密导管和配件的研发、生产和服务，产品广泛应用于心血管、泌尿、消化、骨科和重症监护等科室。公司由医用耗材制造的技术精英联合创立，依托技术人才优势，致力于将公司打造为从原料到成品全产业链闭环的科研型企业。公司现有2500平米生产厂房，建有1500平米万级洁净车间，150平米实验室和500平米仓储区，配置了净化空调系统、纯化水制备系统、洁净工艺气体系统，并通过了ISO 13485质量体系认证。,,https://exhibitors.informamarkets-info.com/event/2026Medtec/en-US/exhibitor/486597/hunan-oudeke-new-material-technology-co---ltd,https://image.imconlinereg.com/mm-mtc/2026-06-29/3A5C7AD4F8A0B621422E91137BEA5FCD.pdf
浙江戴圣思医疗科技有限公司,"Diagsensor Medical Technology Co., Ltd",N1-G501,N1,CHINA,cat-08-4,"戴圣思致力于设计研发精准医疗所需的传感器及应用系统，超微型磁定位、温度等传感器、压力传感器集成封装。并可以在微小体积内，复杂装配结构下，系统解决传感器的集成问题。公司可以为客户提供传感器定制,并提供微创器械辅助设计、样品制作、批量生产等全流程合同制造服务。在高密度标测导管、射频/脉冲消融导管、超声导管、一次性内窥镜、等有源介入类产品方面具有丰富的经验。公司在广东深圳设有研发中心,在浙江台州拥有5000平米的符合FDA/GMP标准的制造基地,并通过IS0-13485体系认证,可以提供具有国际水准的产品和服务,助力介入类微创器械智能化产业升级。",https://www.diagsensor.com,https://exhibitors.informamarkets-info.com/event/2026Medtec/en-US/exhibitor/486598/diagsensor-medical-technology-co---ltd,
上海恒方大高分子材料科技有限公司,"Hopefinder Polymer Sci.&Tech. Co., Ltd.",N2-F202,N2,CHINA,cat-01,恒方大始创于 1993 年，深耕医用高分子材料领域三十余年，是亚太地区规模领先的医用 PVC 粒料制造商之一。公司在深圳、常州建有大型生产基地，在上海、深圳、常州设立子公司，构建集研发、生产、销售于一体的完整产业链，年总产能超过 70000 吨。恒方大以医用级 PVC 粒料为核心，拓展 TPE 材料、医用薄膜、导管、袋体、医用注塑配件及功能高分子材料，提供从医用原料到医用制品的一站式解决方案，服务全球超过500 家医疗器械企业，与多家国际顶级厂商达成长期战略合作。恒方大坚持质量和安全第一，秉承至诚至精、携手共赢的理念，努力成为一流的医用高分子材料供应商。,,https://exhibitors.informamarkets-info.com/event/2026Medtec/en-US/exhibitor/486599/hopefinder-polymer-sci--tech--co---ltd-,
杭州玖月捌传动科技有限公司,"HANGZHOU XZB PRECISION DRIVE TECH CO.,LTD",N3-G201,N3,CHINA,cat-06,新坐标总部位于美丽的杭州。这座城市拥有五千多年的悠久历史，以闻名世界的西湖和丝绸文化发源地而著称。秉持创新进取的精神，新坐标始终践行“绿色发展 引领行业 回报社会”的使命。自成立以来，新坐标始终专注于技术创新、成本控制、设计优化和卓越品质，并坚持采用环境友好的制造方式。我们致力于推动所处行业的持续升级。     公司于2017年2月在上海证券交易所挂牌上市，股票代码：603040。     2025年成立杭州玖月捌传动科技有限公司，充分利用新坐标精密冷成形技术为顾客提供优质丝杠类产品。,,https://exhibitors.informamarkets-info.com/event/2026Medtec/en-US/exhibitor/486653/hangzhou-xzb-precision-drive-tech-co--ltd,https://image.imconlinereg.com/mm-mtc/2026-07-10/CA5596C6B58AA04170E02C118583A165.pdf;https://image.imconlinereg.com/mm-mtc/2026-07-10/9DF2030572FD4660BA6522EC12AE6F57.pdf
威海瑞天医疗科技有限公司,"WEIHAI RUITIAN MEDICAL TECHNOLOGY CO.,LTD",N3-B111,N3,CHINA,cat-02,威海瑞天医疗科技有限公司坐落于山东威海市，是一家专注于医用针具研发、生产及医用金属精密加工的高新技术企业，医疗器械特种针制造专家、具有丰富的医用特种针的生产研发经验。核心骨干日资企业和国内大型医疗器械公司从事20多年的医用特种针的生产技术工作，并专赴日本针厂进修行学习。经国内外多家大型医疗器械商使用，产品质量已达到国际领先水平。公司年生产能力达1亿支以上，拥有完善生产检测设备。主营生产销售各类针具，包括活检针，美容针，内瘘针，留置针，胰岛素针，采血针，神经探针，取卵针和各种骨穿刺消融针，乳腺旋切针，定位导丝，痔疮针，弯曲针以及各种特殊工艺的针具,,https://exhibitors.informamarkets-info.com/event/2026Medtec/en-US/exhibitor/486654/weihai-ruitian-medical-technology-co--ltd,https://image.imconlinereg.com/mm-mtc/2026-07-31/0F806D23C3B06203DD5E6C73CD68FA93.pdf
海洋光学,Ocean Optics,N1-H804,N1,USA,cat-08-4,海洋光学始于1989年，是微型光纤光谱仪发明者、应用光谱解决方案供应商。海洋光学模块化光谱仪小巧轻便，检测快速，非常适合在线、原位测量。公司拥有多年行业应用经验和批量生产能力，为工业客户提高效率、降低风险和成本提供强有力的支持。 海洋光学现已将先进的光谱技术延伸至医疗与生物制药领域，可为医疗设备开发提供可集成的光谱传感解决方案。从生物标志物和病原体检测、分子诊断、血液诊断到即时诊断（POC），海洋光学的光纤光谱仪可高效提取光谱数据，助力实现更快、更准确的诊断。,https://oceanoptics.cn/,https://exhibitors.informamarkets-info.com/event/2026Medtec/en-US/exhibitor/486655/ocean-optics,
基恩士(中国)有限公司,"KEYENCE(中国)CO.,LTD.",N4-F106,N4,CHINA,cat-17,作为传感器、测量系统、激光刻印机、显微系统以及单机式影像系统的全球知名供应商，基恩士不断推动工厂自动化的创新与发展。我们一直致力于开发具有创新性的可靠产品，从而满足各类制造业中客户的需求。 除了创新的产品之外，基恩士还提供全方位的服务，从而进一步为客户提供帮助。接受过专业技术培训的顾问式销售团队，不仅能解决难以处理的客户应用问题，还能为客户提供更有效的解决方案。此外，我们的快速交货服务，可以帮助客户尽快改善他们的工作流程。 基恩士专注于通过技术与技术支持相结合来为客户提供附加值。,,https://exhibitors.informamarkets-info.com/event/2026Medtec/en-US/exhibitor/486656/keyence(中国)co--ltd-,
深圳市荟浚实业有限公司,"SHENZHEN HUIJUN INDUSTRIAL CO.,LTD.",N1-A110,N1,KOREA,cat-02,深圳荟浚实业是KOS WIRE在中国的代理商。KOS WIRE是一家韩国专业制造各种精细不锈钢丝的知名企业，创办于1977年。我们公司专业提供不锈钢丝(304V/316LVM)、超精密细线钢丝、镍钛合金记忆钢丝、真直线钢丝、细扁线、扭矩钢丝绳。产品广泛用于医疗行业，如导丝、导管、采血针、针灸针、麻醉针、缝合针、内视镜医疗器具、过滤编织网等行业。另外可按客户要求提供各种规格的定制产品。,https://www.huijuncn.com,https://exhibitors.informamarkets-info.com/event/2026Medtec/en-US/exhibitor/486657/shenzhen-huijun-industrial-co--ltd-,https://image.imconlinereg.com/mm-mtc/2025-06-09/3A9AE72F099862C11FE35327B07C776B.pdf
常州爱唯康精密机械科技有限公司,"Changzhou AiWeiKang Precision Machinery Technology Co.,Ltd",N3-H301,N3,CHINA,cat-11,常州爱唯康精密机械科技有限公司位于江苏常州，是一家集研发、制造、销售为一体的腔镜吻合器零配件及其装配的专业化公司，汲取国内外先进的医疗器械制造理念和经验，不断地开拓创新，技术能力达到同行业领先水平，赢得了国内专家和业内人士的高度评价。公司拥有强大的专业运营团队，包括研发、生产、质量控制、物流、销售等高能力、高素质人才。公司追寻精细化管理，为确保产品的精益求精，公司配备了精密冲压、CNC、激光焊接、超声波焊接机、自动装钉设备等精密加工生产设备，精密的检测设备，并配有符合GMP标准的十万级净化车间等硬件设施，组成一条高精度，高效率，高产能，高起点的产品生产链。,,https://exhibitors.informamarkets-info.com/event/2026Medtec/en-US/exhibitor/486658/changzhou-aiweikang-precision-machinery-technology-co--ltd,
喜和香港有限公司,ZIM HONG KONG LTD,N1-G701,N1,"Hong Kong,S.A.R.,China",cat-08-1,喜和香港有限公司（以下简称“喜和”）以产品营销及供应链服务为核心业务，主营存储产品，为上下游合作伙伴提供产品推广、供应链管理、解决方案、技术支持及售后服务。公司总部位于香港、深圳，在北京、上海设有办事处，包括沈阳、成都、广州均有驻地业务人员。我们已推出自有存储品牌 - 闪洐客，同时陆续获得多家知名品牌的产品代理，如东芝、铠侠、建兴、广盛、长江存储、忆恒创源等。并与中国大陆众多产品制造商、行业客户、渠道经销商、线上客户保持长期紧密的合作关系，涵括几乎所有中国知名的IT品牌厂商及用户。为客户持续创造价值，在合作中获得共赢和成长，是我们与客户合作的基准原则。,https://www.zimhk.com,https://exhibitors.informamarkets-info.com/event/2026Medtec/en-US/exhibitor/486699/zim-hong-kong-ltd,
Interface Catheter Solutions,Interface Catheter Solutions,N1-C102,N1,USA,cat-11,Interface专注于球囊导管制造与测试设备领域，作为导管应用开发的重要合作伙伴，享有行业盛誉。其设备具有高精度、高可靠性和高效能，确保生产过程中的卓越质量控制与灵活性，符合严格的行业标准。Interface BFM-4410 3x球囊成型机可实现三倍的生产效率，单个周期内完成传统需要三台机器的工作。它能够一次性同时成型1、2或3个球囊，极大节省了时间和资源，并显著减少了操作过程中的空间占用，从而提升了生产效率和空间利用率。更多信息请联系：加拿大HnG医学技术 电话：025-58062060/0571-28887099。,https://www.interfacemachines.com,https://exhibitors.informamarkets-info.com/event/2026Medtec/en-US/exhibitor/486710/interface-catheter-solutions,https://image.imconlinereg.com/mm-mtc/2026-07-15/190A240E0FE9074D2BBBBE089C411362.pdf
"RBP Chemical Technology, Inc.","RBP Chemical Technology, Inc.",N1-C102,N1,USA,cat-14,"RBP Chemical Technology, Inc.创立于1954年，专注为镍钛合金、钴铬、钛和不锈钢等植入医疗器械提供安全可靠的表面处理化学剂。通过预清洗、去氧化、电抛光和酸洗钝化，确保器械表面洁净、无缺陷，显著提升产品美观度，实现超平滑表面，增强生物相容性和耐腐蚀性。提供无氢氟酸(HF-Free)替代方案，减少毒性风险，提升生产安全性和环保合规性；创新常温电抛光技术更突破了传统低温工艺的操作限制，兼具高效性与稳定性。产品广泛应用于血管支架、心脏瓣膜、金属导管、义肢、牙科植入体等关键医疗领域。了解更多请联系：加拿大HnG医学技术 025-58062060/0571-28887099。",https://www.rbpchemical.com,https://exhibitors.informamarkets-info.com/event/2026Medtec/en-US/exhibitor/486711/rbp-chemical-technology--inc-,https://image.imconlinereg.com/mm-mtc/2026-07-30/C7864734E767DD3CAA2475612BA59ABC.pdf
MINITUBES,MINITUBES,N1-H402,N1,FRANCE,cat-02,Minitubes提供定制的精密金属管材和管状部件，规格从0.05毫米到40毫米不等。可提供100多种合金，包括不锈钢和钴铬、钛、钽和贵重合金。管材广泛应用于支架、心脏瓣膜、内窥镜、诊断探针、电极、导管、手术器械......我们从原型设计到商业化量产支持你们的研发项目。,https://www.minitubes.com/?lang=en,https://exhibitors.informamarkets-info.com/event/2026Medtec/en-US/exhibitor/486712/minitubes,
Pulse Technologies Inc.,Pulse Technologies Inc.,N1-C102,N1,USA,cat-15,Pulse公司专注于植入类医疗器械领域，具有卓越非凡的加工能力：CNC微加工及组装，电极涂层，绕簧电极，激光焊接与雕刻，纳米雕刻，钛阳极氧化，表面无痕处理，合金定制开发，精密铣削机加工，精密表面加工与打标，PVD涂层，用于刺激感应电极的特殊PACT涂层、TiN涂层等。产品主要应用于心脏、血管、骨科、脊柱及四肢、神经刺激、特殊器械市场（如耳蜗植入和眼科植入）等领域。公司已通过了ISO 9001，ISO 13485，AS9100的认证。了解更多请联系：加拿大HnG医学技术 025-58062060/0571-28887099。,https://www.pulsetechnologies.com,https://exhibitors.informamarkets-info.com/event/2026Medtec/en-US/exhibitor/486713/pulse-technologies-inc-,https://image.imconlinereg.com/mm-mtc/2025-06-25/14EB4F7BDD174B5F52503170915DD5FE.pdf
AdvanSource Biomaterials,AdvanSource Biomaterials,N1-C102,N1,USA,cat-01,ASB是一家ISO质量体系认证的高分子材料公司，专业为各种长、短期植入提供医用级热塑性高分子材料。ASB供应的材料符合USP VI质量标准，既可供应标准产品，也可根据客户要求进行配制。ASB公司供应：聚氨酯、热塑性硅胶/橡胶、液态高分子材料和医用涂层。产品具有良好的生物兼容性、生物稳定性、生物持久性，易于加工，可用于注塑和挤出。广泛应用各种短期及长期植入产品，主要应用于心血管、外周血管、放射介入、神经介入、脊柱产品、人工心脏瓣膜，人造血管、药物输送、内窥镜检查、糖尿病护理、骨科、肿瘤科、肠胃科、泌尿科等多个领域，可应用的典型产品有：中心静脉导管，透析导管，造影导管，引流管，球囊等。,https://www.advbiomaterials.com,https://exhibitors.informamarkets-info.com/event/2026Medtec/en-US/exhibitor/486714/advansource-biomaterials,https://image.imconlinereg.com/mm-mtc/2026-07-30/BCC952B15294958226D2F623FE9AB957.pdf
Medical Manufacturing Technologies,Medical Manufacturing Technologies,N1-C102,N1,USA,cat-11,Medical Manufacturing Technologies（MMT）专注为医疗器械行业提供创新高效的一站式智造解决方案，依托深厚技术积淀与行业经验，覆盖工艺开发、设备制造、售后全流程服务，旗下拥有Interface、Glebar、Engineering By Design、MPT Europe、R&D Engineerin等多个品牌。MMT的核心竞争力在于提供定制化技术解决方案与精准高效的技术支持。设备涵盖导丝磨床、球囊成型加工与检测设备、球囊焊接设备、球囊折叠机、支架压握机、显影环安装设备、热缩管剥离器、覆膜设备、缠簧机等，以高精度、高赋能特性，助力客户高效产出高品质医疗器械产品。,https://www.mmt-inc.com,https://exhibitors.informamarkets-info.com/event/2026Medtec/en-US/exhibitor/486715/medical-manufacturing-technologies,https://image.imconlinereg.com/mm-mtc/2026-07-15/D5FFEB912E7427DD3046291A129066CF.pdf
常州德大康成医学科技有限公司,"Changzhou Deda Kangcheng Medical Technology Co., Ltd.",N4-C302,N4,CHINA,cat-16,德大医学自2014年成立以来，始终专注于医疗器械上市前的法规与技术咨询服务。其主营业务覆盖产品全生命周期，核心包括国内外产品注册、临床试验与同品种评价、质量体系建立与维护。此外，公司还提供技术转移、医工转化及研发支持等延伸服务。通过为不同品种器械定制个性化方案，德大致力于帮助客户降低注册风险，加速产品合规上市。德大医学坚持客户为中心，以“产业管家”的新模式面向医械同仁，促进医械产业服务健康发展。,https://www.dedacrao.com/,https://exhibitors.informamarkets-info.com/event/2026Medtec/en-US/exhibitor/486716/changzhou-deda-kangcheng-medical-technology-co---ltd-,
富莱顺（苏州）精密橡胶制品有限公司,"Flexan (Suzhou) Precision Rubber Products Co., Ltd",N1-C102,N1,USA,cat-01,Flexan深耕植入级精密医用硅胶，拥有20年植入器械项目经验，不做标准成品，从项目设计阶段介入，攻克精密密封、长期植入核心难题。聚焦微创介入、血管通路赛道，微密封公差＜0.03mm，植入材料长效稳定。配备ISO7级洁净车间，掌握无飞边LSR注射、多层共挤、微量注塑工艺，搭配AI视觉分拣、在线闭环尺寸检测，精度管控行业领先。定制微导管、导鞘、透析管、内窥镜管路、植入密封件、电极封装、PICC鞘管、助听器配件，覆盖心脑血管、神经介入、电生理、手术机器人、脑机接口、血糖监测等领域。一站式提供材料定制、DFM 设计、模具开发、快速打样、验证量产、自动装配、全项检测与医疗法规全链条服务。,https://www.flexan.com,https://exhibitors.informamarkets-info.com/event/2026Medtec/en-US/exhibitor/486717/flexan-(suzhou)-precision-rubber-products-co---ltd,https://image.imconlinereg.com/mm-mtc/2026-07-28/87CF6D159C9AE94F0F1417AA7DB0D6ED.pdf
"Machine Control Specialists, Inc.","Machine Control Specialists, Inc.",N1-C102,N1,USA,cat-11,MCS专注于精密弹簧和线圈生产设备的研发与制造。公司拥有一支经验丰富的专家团队，持续为客户提供创新的产品和技术支持，使客户在其行业领域中占有竞争优势。产品广泛应用于心血管介入、神经介入等精密医疗器械及航空航天用精密传感器。设备采用全自动数控技术，可缠绕多股弹簧（最多12股）、分层弹簧、变节距弹簧，同时具备精密长度切割功能。高速、高精度、操作简便、超强可靠性。更多信息请联系：加拿大HnG医学技术  www.hngmedical.com 电话：025-58062060/0571-28887099,https://www.mcsinc.com,https://exhibitors.informamarkets-info.com/event/2026Medtec/en-US/exhibitor/486718/machine-control-specialists--inc-,https://image.imconlinereg.com/mm-mtc/2026-07-15/A883464E03CEAE4E426D623E4E97568E.pdf
Cobalt Polymers,Cobalt Polymers,N1-C102,N1,USA,cat-05,Cobalt Polymers专业供应Pebax和Polyolefin医用热缩管，产品柔韧耐用、性能稳定，适用于神经介入、结构性心脏等高端医疗领域。Pebax材料对聚合物、金属基材附着力优异；Polyolefin材料兼具超薄壁厚、高柔韧性与抗压强度，可满足设备电气绝缘、减压防护需求。国内常备现货，支持2:1、4:1热缩比，可按需定制颜色、硬度和长度。自2001年起拥有ISO 13485:2016医疗体系认证，品质合规可靠。了解更多请联系：加拿大HnG医学技术 025-58062060/0571-28887099。,https://www.cobaltpolymers.com,https://exhibitors.informamarkets-info.com/event/2026Medtec/en-US/exhibitor/486719/cobalt-polymers,https://image.imconlinereg.com/mm-mtc/2026-07-15/76EEDD79FC9F2F710A73FF7C329D417D.pdf
Kanematsu Corporation,Kanematsu Corporation,N1-C908,N1,JAPAN,cat-02,兼松株式会社携手德国镍钛合金厂商Ingpuls Medical联合参展。Ingpuls Medical严控生产环节全流程，从合金配方设计、熔炼到材料加工，为医疗领域供应高品质镍钛原材料。公司产品系列涵盖管材、丝材、板材与金属粉末，产品纯度高、性能品质稳定可靠。除原材料供应外，兼松可在医疗器械开发前期阶段为客户提供全方位支持，配套包含产品设计、成型加工优化在内的整套解决方案。本次展会，我们将协同展出Ingpuls Medical高端镍钛材料，并展示兼松配套的产品研发服务能力。,https://www.kanematsu.co.jp/business/steel_materials_plant/specialty_steel_foreign_trade/shape_memory_alloy,https://exhibitors.informamarkets-info.com/event/2026Medtec/en-US/exhibitor/486720/kanematsu-corporation,https://image.imconlinereg.com/mm-mtc/2026-07-17/EFBB603E6F9CB574FA6B60EF4564C14E.pdf
Motion Dynamics Corporation,Motion Dynamics Corporation,N1-C102,N1,USA,cat-02,Motion Dynamics专业提供精密弹簧、线圈及金属丝部件。公司致力于为各种医疗器械应用提供高品质的金属丝组件的设计、生产和装配。公司在产品研发和生产工艺等方面经验丰富，并为客户提供更短的生产周期。产品包括：医用线圈，医用导丝组件，导管线圈，定制弹簧，定制金属丝成型，微型金属丝成型，微压缩弹簧，微扩展弹簧，微扭转弹簧，镍钛金属丝成型，精密导线组件，扭矩电缆，医用闭合弹簧，卡紧弹簧，探测弹簧。了解更多请联系：加拿大HnG医学技术 www.hngmedical.com 电话：025-58062060/0571-28887099。,https://www.motiondc.com,https://exhibitors.informamarkets-info.com/event/2026Medtec/en-US/exhibitor/486721/motion-dynamics-corporation,https://image.imconlinereg.com/mm-mtc/2026-07-15/BBC3097891BAF90373375973B0711B4E.pdf
"LaserLinc, Inc.","LaserLinc, Inc.",N1-C102,N1,USA,cat-17,LaserLinc专注于精密激光与超声波测量技术的研发与创新，可精密测量直径、内/外径、椭圆度、壁厚、偏心度和同心度。应用领域：导管、导丝、管材、单丝（如缝合线）、光纤、电线、电缆、软管和无心研磨产品的测量和过程控制。核心产品包括激光测径仪和超声壁厚测量仪。FlawSense缺陷检测仪非常适合在线精确测量和缺陷检测。UltraGaug+系列超声壁厚测量传感器可测量包括塑料、橡胶、玻璃和镍钛和不锈钢等材料的厚度。同时配备Total Vu软件和与Windows兼容的接口，以满足您多样化的需求。了解更多请联系：加拿大HnG医学技术 025-58062060/0571-28887099。,https://www.laserlinc.com,https://exhibitors.informamarkets-info.com/event/2026Medtec/en-US/exhibitor/486722/laserlinc--inc-,https://image.imconlinereg.com/mm-mtc/2026-07-15/4458F800EE31A1DF0BE37A2A96BC1CCA.pdf
Nordson Medical,Nordson Medical,N1-C102,N1,USA,cat-05,Nordson公司产品包括：多层管、多腔管、编织网管、PTFE复合管、薄壁管、微型管、异形管、条纹管、锥形管；PET热缩管；球囊及球囊管（顺应性/半顺应性/非顺应性）；聚酰亚胺管（PI管）、及成品导管等。加工材料涵盖所有热塑性高分子材料，及PEEK等。广泛应用于心血管介入、外周介入、神经介入、电生理、骨科椎体成型术、药物输送、取物器械、胃肠道器械、光纤等。更多信息请联系：加拿大HnG医学技术 025-58062060/0571-28887099。,https://www.nordsonmedical.com,https://exhibitors.informamarkets-info.com/event/2026Medtec/en-US/exhibitor/486723/nordson-medical,https://image.imconlinereg.com/mm-mtc/2026-07-16/2F5419B2D3B54680A7E5BBFBDB90BB1A.pdf
Corza Medical Biomedical Textiles,Corza Medical Biomedical Textiles,N1-C102,N1,USA,cat-15,Corza Medical是专业生物医用纺织品制造商，核心能力覆盖精密编织、针织及缝合技术，产品广泛应用于心血管、骨科及软组织修复等植入级医疗领域。拥有ISO13485认证、FDA注册生产场地、ISO7级洁净车间，1400余台编织设备，主营产品包括编织缝合线、介入导管编织增强网管、覆膜支架、骨科软组织修复补片及各类定制纺织结构件，适用于冠脉介入、可撕裂鞘、运动医学等多种临床场景。我们提供从概念设计到量产的全链条OEM服务，并设有创新实验室，加速产品开发进程，持续为全球医疗器械企业提供稳定、合规的生物纺织组件，赋能植入与介入类器械创新。,https://corza.com,https://exhibitors.informamarkets-info.com/event/2026Medtec/en-US/exhibitor/486724/corza-medical-biomedical-textiles,
深圳市斯邦吉新材有限公司,"Shenzhen Sponge New Material Co., Ltd.",N3-C602,N3,CHINA,cat-07,公司常年致力于研发、生产、销售医用类吸液止血高分子海绵材料、一次性取样海绵拭子、电子光学仪表仪器医疗器械用海绵产品、海绵棉签，承接OEM订单。,https://www.china-sponge.com,https://exhibitors.informamarkets-info.com/event/2026Medtec/en-US/exhibitor/486750/shenzhen-sponge-new-material-co---ltd-,https://image.imconlinereg.com/mm-mtc/2026-06-27/DD8C1F34C397F668033DCDC70592D9FF.pdf
深圳市精铸模具有限公司,"SHENZHEN GENZOO MOULD CO., LTD",N4-A507,N4,CHINA,cat-02,深圳市精铸模具有限公司成立于2002年3月，是国家高新技术企业、专精特新企业，通过 ISO9001、ISO13485 体系认证，公司专注于高精度与微纳加工技术，深耕行业多年，可提供从研发打样到规模量产的全链条精密制造解决方案。主营三大核心业务：1，电铸模具与光学模具：适配高精度外观和特殊纹理结构，及各类球面与非球面光学模仁；2， CNC五轴精密加工：凭借精良设备赋能高端制造，产品广泛应用于光学、航空航天、新能源、医疗器械等高端领域。3，注塑模具制造与量产：专注医疗微流控芯片的一体化交付，缩短交期、保障品质。公司以高效，稳定，洁净，精致为核心优势，致力于成为您信赖的长期合作伙伴。,https://www.genzoo.com,https://exhibitors.informamarkets-info.com/event/2026Medtec/en-US/exhibitor/486751/shenzhen-genzoo-mould-co---ltd,
三洲（浙江）医疗器械有限公司,"Sanzhou (Zhejiang) Medical Equipment Co., Ltd.",N1-D801,N1,CHINA,cat-15,三洲（浙江）医疗器械有限公司（简称“三洲医疗”)，成立于2021年，是一家快速成长的专业医疗器械合同制造企业，具有国际先进水平的制造能力。公司以市场为导向，致力于提升核心竞争力，为客户提供专业的精密制造和封装服务。三洲医疗已通过ISO 13485和ISO 9001认证，保证产品质量和生产流程的标准化。,https://www.sanzhoumedical.com,https://exhibitors.informamarkets-info.com/event/2026Medtec/en-US/exhibitor/486752/sanzhou-(zhejiang)-medical-equipment-co---ltd-,
苏州美脉医用材料有限公司,"MEI Medical Technologies, Inc.",N2-F705,N2,CHINA,cat-05,苏州美脉医用材料有限公司是医用植入级ePTFE材料及OEM/ODM服务的解决方案提供商。美脉医用材料提供多种植入级高性能膨体聚四氟乙烯（ePTFE）材料以及定制化服务，以满足客户的特定需求。我们全面的技术支持覆盖从概念设计到量产的全流程，助力客户加快其医疗器械产品的上市进程。,https://www.meimedtech.com/    （海外版）,https://exhibitors.informamarkets-info.com/event/2026Medtec/en-US/exhibitor/486808/mei-medical-technologies--inc-,
科碧恩,Corbion Biomaterials,N1-B702,N1,NETHERLANDS,cat-01,"Corbion Biomaterials 公司在全球用着PURASORB® 品牌开发，生产和推广可吸收聚合物和单体。我们的产品和服务能支持您所展开的项目,从初期研发到市场开发和大型商业供应. 快来了解我们如何用这40年所累计的经验帮住您的业务。",https://www.corbion.com/biomedical,https://exhibitors.informamarkets-info.com/event/2026Medtec/en-US/exhibitor/486809/corbion-biomaterials,
上海春名金属材料有限公司,SIMWIRE,N1-G106,N1,CHINA,cat-02,上海春名金属材料有限公司创立于2000年，是国际高端医疗金属材料专业库存商。专业供应医疗级精密线材：304、304V、316LVM、KOSPLUS等包括导管编织用超薄扁线、精密不锈钢丝、高精度真直线钢丝、镍钛合金丝、高强度手术针用丝线、扭矩钢丝绳及外科植入钛棒。广泛应用于医用导丝、心脏支架、手术缝合针、医用圈套器、内窥镜器械及导管编织网等医疗领域。产品符合ASTM 医疗级标准，拥有FDA认证、CE认证，MSDS等权威认证，可提供特殊规格、抗拉强度、表面处理和不同包装定制要求。公司拥有三大仓储中心与智能物流体系，支持定制化需求，提供全国48小时快速交付服务。,https://www.springming.cn,https://exhibitors.informamarkets-info.com/event/2026Medtec/en-US/exhibitor/486810/simwire,https://image.imconlinereg.com/mm-mtc/2025-06-04/5B92B59FF4AA6F036342F71552ED3BC2.pdf;https://image.imconlinereg.com/mm-mtc/2026-07-20/3E9CFBFE22FA8A76F86EB55B85430766.pdf
上海毕科电子有限公司,"Shanghai BIX Electronics Co.,Ltd.",N1-F402,N1,CHINA,cat-08-3,毕科主要从事电信号连接器的设计、生产与销售，产品包括小圆形插拔自锁连接器、圆形光电、矩形连接器、玻璃烧结连接器等数十个产品系列，应用于手术类、诊断类医疗电子设备，适用于一次性内窥，支持单个病人使用，产品可在清洁车间装配。 毕科在上海和宁波有3个工厂，拥有机加工、模具、注塑、电镀、玻璃烧结和组件装配等全套关键生产工艺，以及可靠性实验室测试手段，以满足生产高质量、高精度连接器的要求。 毕科是工信部第三批专精特新“小巨人”企业，拥有ISO9001、ISO14001、ISO45001、ISO13485、IATF16949等多项质量管理体系，以及RoHS、Reach、FDA、CA65等产品出口认证标准。,https://www.bix-china.com/,https://exhibitors.informamarkets-info.com/event/2026Medtec/en-US/exhibitor/486949/shanghai-bix-electronics-co--ltd-,https://image.imconlinereg.com/mm-mtc/2026-07-10/6CEA0CF45B1E4921A1B4C67983C7BD8F.pdf;https://image.imconlinereg.com/mm-mtc/2026-07-10/3F97AE69329131F45FED59AE82F064FE.pdf
MWS Precision Wire Industries Inc,MWS Wire Industries,N1-F106,N1,USA,cat-08-3,MWS线材工业成立于1968年，致力于通过卓越的服务和始终如一的质量承诺赢得客户的信任和忠诚。我们不断探索创新的方法来解决各行业客户面临的产品挑战，从而成为全球最具定制化和专业化的细线制造商之一。 2014年，MWS加入了Elektrisola集团——一家国际化的细线和超细线生产商。这使得MWS能够获得业内顶尖的原材料和工艺技术。,https://mwswire.com/medical-wire/,https://exhibitors.informamarkets-info.com/event/2026Medtec/en-US/exhibitor/486955/mws-wire-industries,https://image.imconlinereg.com/mm-mtc/2026-07-09/F05B545D95222FBC2CD03D416F94B49A.pdf;https://image.imconlinereg.com/mm-mtc/2026-01-15/BE8978D64E066C2ED58B175CDB98D5FD.pdf
安歌思保护工业部件（江苏）有限公司,Caplugs,N2-C405,N2,CHINA,cat-01,安歌思拥有70余年橡塑防护件研发制造经验，江苏总部设橡塑一体化产线、两间10万级洁净车间，持有 ISO13485、IATF16949 权威认证，服务雅培等全球头部医疗企业。公司储备4万余种标准目录件，覆盖医用器械保护帽、透气堵头、透明医用管材、硅胶防护套、流体管路配件等全系列医疗耗材，适配环氧乙烷、伽马、高压灭菌多种灭菌工况，可完成IQ/OQ/PQ全流程验证。依托智能化全流程管控与365天24小时全链路品控，既可快速提供现货标准件，也可承接医用定制注塑、硅胶成型开发，一站式解决手术器械、流体管路、实验室耗材的防尘防护、无菌包装需求，为医疗设备厂商高性价比合规配套方案。,http://www.caplugs.cn/,https://exhibitors.informamarkets-info.com/event/2026Medtec/en-US/exhibitor/486956/caplugs,https://image.imconlinereg.com/mm-mtc/2026-07-06/CD1E1CE03848EA7AE02967F5A6C4D028.pdf;https://image.imconlinereg.com/mm-mtc/2026-07-01/32279C90387DCD235D1F4E413B122D1A.pdf
钛玛科技（深圳）有限公司,TAYMER China Inc.Ltd,N2-B508,N2,CHINA,cat-17,作为全球领先的线缆、管材及管道行业智能制造设备供应商，Taymer 致力于为客户提供高效、可靠的生产线解决方案，通过技术创新帮助企业提升产品质量、优化生产效率并降低制造成本。凭借在长度测量、在线质量检测、线缆标识打印等领域的深厚积累，Taymer 不断拓展应用领域，持续研发先进技术，助力全球制造企业解决生产过程中的质量管控难题，满足智能化、高品质生产的发展需求。,https://www.taymer.com,https://exhibitors.informamarkets-info.com/event/2026Medtec/en-US/exhibitor/486957/taymer-china-inc-ltd,https://image.imconlinereg.com/mm-mtc/2026-07-28/5591B36656B9D4257F01707FD7B4D12F.pdf;https://image.imconlinereg.com/mm-mtc/2026-07-28/4D60B3F5551D41E583EA4321FF1808FE.pdf
瑞士赛瑞玛锐精瓷公司,Ceramaret SA,N3-G510,N3,SWITZERLAND,cat-15,"瑞士赛瑞玛锐精瓷公司根据顾客图纸加工精密部件。材质有高纯度氧化铝、氧化锆、氮化硅、碳化硅、及红、蓝宝石等硬质材料，具有生物兼容性。可用于手术器械或植入部件所需绝缘件，例如：内窥镜设备、手术外科和解剖器械用绝缘件、植入神经刺激器用馈通和外壳封装件、以及牙种植体。根据客户需求，我们可以对产品的机械性能做耐用可靠性测试。公司凭借百年以上悠久历史提供优质服务。质量体系经ISO9001, ISO14001, ISO45001 和 ISO13485 国际标准认证。",https://www.ceramaret.com,https://exhibitors.informamarkets-info.com/event/2026Medtec/en-US/exhibitor/486958/ceramaret-sa,https://image.imconlinereg.com/mm-mtc/2025-07-24/44802339C4A2FBBEE3947DC6860FC279.pdf;https://image.imconlinereg.com/mm-mtc/2026-07-14/9450DF1FE8C0AED12108DDCD52FE2D31.pdf
常州忆隆信息科技有限公司,"Changzhou Elong  Information Technology Co., Ltd",N4-B502,N4,CHINA,cat-16,常州忆隆信息科技有限公司坐落于江苏省常州市，自2018年以来，专注高端有源医疗产品的ODM和OEM。公司拥有一支在医疗器械研发方面经验丰富的技术团队，与高校、研究院具有密切的合作关系。忆隆的产品包括：有源设备OEM和ODM服务、配套有源设备的耗材零配件生产及组装、注册送检服务、生产体系建立服务。目前拥有超声刀、微波消融、低温等离子消融、射频消融设备的核心技术，同时具有相应耗材的开发代工能力。,,https://exhibitors.informamarkets-info.com/event/2026Medtec/en-US/exhibitor/486959/changzhou-elong--information-technology-co---ltd,https://image.imconlinereg.com/mm-mtc/2026-07-10/388E2B1C912198FC0C6B06C133A4E82F.pdf;https://image.imconlinereg.com/mm-mtc/2026-07-10/CCC8ABCD8A00E06C1D2CD74774D14F31.pdf
深圳市皓星伟业科技有限公司,Baocheng Precision Mould Industrial Limited,N3-C205,N3,CHINA,cat-09,"专注于开发精密塑胶模具、压铸模具，硅胶模具，五金模具，匹配塑料产品注塑生产，为客户提供集设计、开发、制造、生产加工，装配一站式服务的公司。 在医疗器械塑料部件注塑成型具有15年生产经验，24台进注塑机生产高温材料，医疗级材质：PEEK, PPSU, PSU, PSU+GF120, PEL, PPA, PA6(66)+50GF ,PC等。 为医疗设备，麻醉机，呼吸机，肾透析，VID，血液透析机，内窥镜手术机器人，手术缝合器，等一类，二类，三类医疗器械零部件产品，同时具有原材料生物相容性报告，专为医疗类产品匹配10万级无尘车间。 为客户提供可行性分析报告并结合产品整机组装产品优化方案提高生产力理念",https://www.bcp-mould.com,https://exhibitors.informamarkets-info.com/event/2026Medtec/en-US/exhibitor/486960/baocheng-precision-mould-industrial-limited,https://image.imconlinereg.com/mm-mtc/2025-07-12/64533C8D3D2768C67092C0B4FBA9B84C.pdf;https://image.imconlinereg.com/mm-mtc/2026-07-24/AA894669870BA9495D88FDDEA81D53FB.pdf
莱诺生物材料(苏州)有限公司,"Nanos Biomaterial (Suzhou) Co., Ltd.",N1-A602,N1,CHINA,cat-02,"莱诺生物材料(苏州)有限公司成立于2016年6月。坐落在中国.江苏医疗器械科技产业园。厂房面积1100m2，拥有万级和十万级GMP车间500m2以上，及专业的理化和微生物实验室。公司引进日本先进PTFE涂层技术，并在此基础上自研、精进涂层技术及相关配套工艺，并获得几十项相关知识产权。是国内首批做PTFE涂层及海波管产品的制造商。公司秉承""注重品质，执行体系，顾客至上，持续改善""的质量方针，并通过ISO13485认证。公司核心产品包括：医用海波管、导丝、芯轴等",https://www.nanos-biomaterial.com,https://exhibitors.informamarkets-info.com/event/2026Medtec/en-US/exhibitor/486961/nanos-biomaterial-(suzhou)-co---ltd-,https://image.imconlinereg.com/mm-mtc/2026-07-23/839900D37F40086E3DA6AB9C3CAD897A.pdf;https://image.imconlinereg.com/mm-mtc/2026-07-23/F3274BF0A2907085276F7CD3B702A8CA.pdf
海天塑机集团有限公司,HAITIAN INTERNATIONAL HOLDINGS LIMITED,N3-A001,N3,CHINA,cat-09,海天国际控股有限公司，主导精密高效、节能环保的注塑机产品，集注塑机的生产及销售于一体。年产量3万9千多台注塑机，远销130多个国家和地区——使我们的各项经济指标在全球同行中名列前茅。海天国际以技术强企，旗下有“长飞亚”、“海天”两大品牌，可覆盖塑料加工行业的各个领域。,https://www.haitianinter.com,https://exhibitors.informamarkets-info.com/event/2026Medtec/en-US/exhibitor/486962/haitian-international-holdings-limited,
峰锐精密工业(苏州)有限公司,"Fengrui Precision Industry (Suzhou) Co., Ltd",N3-A001,N3,CHINA,cat-09,峰锐精密工业（苏州）有限公司成立于2016年8月8日，公司坐落在江苏省苏州市吴中区甪直镇联东U谷国际企业港10B，公司专业制作各类塑料包装注塑模具，广泛应用于医药、生物、食品、化妆品、日用、化工等领域。公司拥有先进的精密加工设备（FAUNC加工中心、韩国斗山加工中心、沙迪克火花机、迪蒙火花机，斗山车铣复合机床，斗山数控车床，精密内外圆磨，精密深孔加工中心，以及配套铣床磨床）；高精度检验设备（三次元检测仪，2.5次元检测仪，影像投影仪，高精度高度和轮廓测量仪，硬度计，各种三丰千分尺和卡尺）；匹配的研发测试试模设备（电动注塑机）；公司汇聚了行业中资深经验的各类专业人员，组建了年轻的精英团队。为您提供全面的注塑模具解决方案。,https://www.fr-mold.com,https://exhibitors.informamarkets-info.com/event/2026Medtec/en-US/exhibitor/486963/fengrui-precision-industry-(suzhou)-co---ltd,https://image.imconlinereg.com/mm-mtc/2025-08-13/8613ACE93B121718173D51BADA215119.pdf
江苏横瑞医疗器械科技有限公司,"Jiangsu Hengrui Medical Device Technology Co.,Ltd.",N2-A603,N2,CHINA,cat-15,"江苏横瑞医疗器械科技有限公司是一家专注于为客户提供医疗器械研发、生产及OEM服务的高新技术企业，致力于为全球客户提供高品质、定制化的医疗耗材及核心部件解决方案。公司深耕微创介入与外科手术器械领域，产品有：ligasure,引流管，注射针、电圈套器、黏膜切开刀等成品。核心优势与加工能力：精密制造技术拥有万级洁净车间1000平，十万级车间1000平，拥有完整的医疗器械代工生产线，设计制造人员，具备完全自主的产品设计开发能力，以及生产设备自主开发能力，拥有完整的导管生产线，硅胶挤出线、硅胶制品生产线，电外科医疗器械耗材生产线。",https://www.medhenry.com,https://exhibitors.informamarkets-info.com/event/2026Medtec/en-US/exhibitor/487056/jiangsu-hengrui-medical-device-technology-co--ltd-,
浙江鑫祥印业有限公司,"Zhejiang Xinxiang Printing Co., Ltd",N2-A706,N2,CHINA,cat-13,浙江鑫祥印业有限公司座落于享有中国印刷城之称的龙港，企业创建于2007年10月，注册资金3280万元，总资产达1.5亿元，公司占地11000平方米，总建筑面积25000平方米。公司系浙江省高新企业，已拥有浙江省职工职业技能自主认定资格，并已通过浙江制造（品字标）认证、ISO9001质量管理体系认证、FSC森林认证，绿色产品印刷认证、环境管理体系认证、职业健康管理体系等认证，包装印刷设备先进，技术精良。公司主要印制药盒、礼品盒、酒盒、金银卡盒、瓦楞彩箱、食品盒、书刊精装画册、广告画页和手提袋、不干胶商标等包装印刷系列制品。是一家集设计、研发、生产、销售、服务一体化的专业印刷包装企业。,,https://exhibitors.informamarkets-info.com/event/2026Medtec/en-US/exhibitor/487057/zhejiang-xinxiang-printing-co---ltd,
苏州忻泰欧精密科技有限公司,"SuZhou Xintaiou Precision Technology Co., Ltd.",N1-A117,N1,CHINA,cat-10,苏州忻泰欧精密科技有限公司，坐落于苏州昆山张浦，公司拥有专业从军医疗器械微纳、极小零部件加工技术团队，专注于医疗产品从设计－研发－销告为一体整套生产工艺解决方案提供商，涉及医疗外周／神经／冠脉／外科／消化道／内窥镜等领域。 产品种类有医疗医疗海波管、血管支架、蛇骨管、Pi管、滤器、显影环、镍钛微导丝、拉线环、PTFE涂层等精密合金管生产加工，始终把客户利益放在第一位，永远以高度的责任感和不懈的专业追求，为客户解决品质、效率、成本的难题。,,https://exhibitors.informamarkets-info.com/event/2026Medtec/en-US/exhibitor/487106/suzhou-xintaiou-precision-technology-co---ltd-,https://image.imconlinereg.com/mm-mtc/2025-08-12/E4CB5FD543B5A1025A20951F7B825856.pdf
浙江嘉翔氟塑料有限公司,"ZHEJIANG JIAXIANG FLUOROPLASTIC CO., LTD.",N2-G105,N2,CHINA,cat-01,浙江嘉翔氟塑料有限公司，成立于2013年，主营高性能氟塑新材料、高性能纤维、工程塑料、密封制品、电线电缆等领域，集研发、生产、销售与技术服务于一体。公司主要材料涵盖：PTFE、PFA、FEP、PEEK、PI、PCTFE、PVDF、ECTFE、ETFE、UHMWPE等。主要产品包括：用于工业污水过滤的聚四氟乙烯中空纤维（膜）管；应用于汽车及自动化设备的工程自润滑产品，如无油润滑轴承、滑块、导轨及各类自润滑关节轴承贴膜；用于电线电缆的聚四氟乙烯绕包带及微孔膜绕包管、带；适用于半导体设备的膨化聚四氟乙烯隔热护套、无尘高柔性护套线缆、花篮、清洗槽、接头、阀、密封垫；以及聚四氟乙烯管、棒、板、膜、带等,https://www.jiaflon.cn,https://exhibitors.informamarkets-info.com/event/2026Medtec/en-US/exhibitor/487449/zhejiang-jiaxiang-fluoroplastic-co---ltd-,
安徽佳禾机床科技有限公司,"Anhui Jiahe Machine Tool Technology Co., Ltd.",N1-H110,N1,CHINA,cat-10,安徽佳禾机床科技有限公司成立于2023年（原名称为安徽佳禾精密制造有限公司），公司坐落于安徽泾县长三角开发区，交通极为发达。厂房面积达一万三千多平方米，拥有自己的加工中心以及专业的研发团队。是一家专注于高精度无心磨床研发、生产、定制、改造和销售的高新技术企业。公司主营各类磨床，包括高精度无心磨床、高精度静压无心磨床、高精度复合内圆磨床、高精度数控无心磨床和医疗导丝专用磨床。其中，数控无心磨床采用先进的数控系统，具备自动上下料、自动测量、自动补偿等功能，能够实现高精度、高效率的磨削加工。我们秉持“创新、品质、服务、共赢”的企业文化，致力于为客户提供高品质的产品和服务。,,https://exhibitors.informamarkets-info.com/event/2026Medtec/en-US/exhibitor/487451/anhui-jiahe-machine-tool-technology-co---ltd-,https://image.imconlinereg.com/mm-mtc/2026-07-06/D75F87EA6B25E9CBFB7DC6FDCCBB3FB3.pdf
北京弘海微创科技有限公司,"Beijing HongHai Microtech Co., Ltd",N1-A808,N1,CHINA,cat-15,北京弘海微创科技有限公司成立于 2017 年 11 月份，是一家以植/介入医疗器械研发、生产、销售于一体的创新型平台公司，聚焦于神经、外周、消化、泌尿、呼吸等植/介入领域的医疗器械研发，为医患提供完整的治疗方案。公司拥有全球独创的工艺技术，通过自主研发的设备，开发出具有卓越性能的植/介入医疗器械。 现有 2000 平方米的研发和生产基地，建有专业的研发和检测实验室。已获得国内外质量体系认证（无菌/植入质量体系、ISO13485、ISO9001），公司的生产加工平台专用于植/介入器械的加工制造，同时可为全球客户提供 ODM（原始设计制造商）服务。,https://www.leadmicrotech.com,https://exhibitors.informamarkets-info.com/event/2026Medtec/en-US/exhibitor/487452/beijing-honghai-microtech-co---ltd,
上海三束实业有限公司,"Shanghai Sanshu Industrial Co., Ltd.",N3-B307,N3,CHINA,cat-10,上海三束实业有限公司成立于2013年，目前公司在上海和浙江设有生产基地，场地总面积超5000㎡，上海公司位于G60科创走廊泗泾镇，浙江基地平湖市新埭镇，公司是国内为数不多垂直于塑料激光焊机研发、生产、制造为一体的国家级高新技术企业，以塑料激光焊接为主导，协同多类型高分子材料、复合材料焊接技术、多门类型激光装备共发展模式；     创始团队具有十多载激光与智能制造背景，深刻理解和熟练掌握关键技术及其实践应用。公司技术涵盖门类有：激光控制、激光光学、电气自动化、图像处理、AI算法、工艺技术、 机械设计、上位机工艺控制系统软件、运动控制、材料等多学科技术知识，多个领域都拥有自主知识产权、发明专利、在高端产品应用开创了多项国内第一，产品和解决方案比肩行业内世界一流企业，产品类型有：同步塑料激光焊接机、轮廓塑料激光焊接机、准同步塑料激光焊接机、掩膜塑料激光焊接机、复合材料高分子激光焊接系统、液流储能激光焊接系统、金属激光焊接机系列、精密激光打标机系列、半导体激光微加工设备、非标激光自动化设备，以、高精度、高可靠性、高效率、高性价比、为客户提供激光加工技术支持与服务，更好的服务于市场。,,https://exhibitors.informamarkets-info.com/event/2026Medtec/en-US/exhibitor/487453/shanghai-sanshu-industrial-co---ltd-,
苏州圣普亚智能科技有限公司,Suzhou Surpintech Intelligent Technology Ltd.,N4-D101,N4,CHINA,cat-13,苏州圣普亚(Surpintech)是一家专业的包装设备及自动化包装线体供应商，拥有专业的包装技术研发团队及丰富的行业经验，致力于为医疗、食品、日化及电子元器件等多个行业的客户提供包装解决方案和技术支持。产品种类主要包括吸塑包装机、吸塑盒封装设备、在线印刷及喷码设备、并针对不同客户量身定制自动化解决方案。 所有的合作产品和技术皆遵循高质量标准，且经过严格审核， 以确保为客户提供高品质的包装方案。,https://www.surpintech.com,https://exhibitors.informamarkets-info.com/event/2026Medtec/en-US/exhibitor/487454/suzhou-surpintech-intelligent-technology-ltd-,https://image.imconlinereg.com/mm-mtc/2025-09-10/6067EADE7CB1C009FA9CF6D5FDFFF8C7.pdf
上海香海编织机械制造有限公司,"shanghai xianghai braiding machine co.,ltd",N1-C607,N1,CHINA,cat-11,上海香海编织机械制造有限公司，一直致力于优质高效的编织机械研发、设计与制造，为医疗行业提供优质系列化的编织机设备和专业的技术咨询服务。  编织机系列的主体包括：编织主机、牵引系统、润滑系统、智能控制系统。全机采用PLC台湾永宏智能控制系统，中、英双语触摸屏控制界面，三菱伺服驱动电机，全机医疗级不锈钢主材，铝镁合金框架结构符合医疗设备的供应标准。设备编织性能精密稳定，伺服张力力矩收线恒定，收线平稳，自循环医用级全自动环过滤润滑系统，自主开发全功能编织工艺控制程序。用于手术缝合线的编织，人工韧带植入线材编织，植入式骨科绷带编织，内窥镜取石蓝的编织等功能，适用于外科、骨科、运动医学等其他可适用手术。,http://www.xiang-hai.com/,https://exhibitors.informamarkets-info.com/event/2026Medtec/en-US/exhibitor/487455/shanghai-xianghai-braiding-machine-co--ltd,
常州博康特材科技有限公司,"Changzhou Bokang Special Material Technology Co., Ltd.",N1-B308,N1,CHINA,cat-02,常州博康特材科技有限公司成立于2017年12月，系沈阳中核舰航特材科技有限公司全资子公司，公司深耕高端医用钛合金、镍钛合金领域，并与中国科学院金属研究所、东北大学做了多年的课题研究及工艺改进，同时拥有CNAS/CMA检测实验室及各工序的专业技术团队。作为一家全流程生产企业，我们在整个制造过程中对质量和生产实施了全面控制，使我们能够提供稳定性好、疲劳寿命长的高端客户定制产品，应用端如：超声刀中心杆材料、吻合器钉仓钛钉材料、骨科齿科高强植入材料等....,https://www.bktitanium.com/,https://exhibitors.informamarkets-info.com/event/2026Medtec/en-US/exhibitor/487456/changzhou-bokang-special-material-technology-co---ltd-,https://image.imconlinereg.com/mm-mtc/2026-07-16/44EADCA3383E05E2F881F353D963BDD1.pdf;https://image.imconlinereg.com/mm-mtc/2026-07-16/310864CB9BCC2ECFB565AFDBC9A3CFD1.pdf
深圳市联科翰微医疗科技有限公司,"Shenzhen Hainwise Medical Technology Co., Ltd.",N3-G508,N3,CHINA,cat-08-3,"深圳市联科翰微医疗科技有限公司成立于2022年1月,主要是一家专注于研发、生产和销售介入医疗相关器械的高科技企业。公司由材料科学院士和一线临床医师共同创建,致力于为客户提供优质的服务。业务范围为大介入医疗产品,涉及神经血管、心血管及外周血管介入类器械等。公司本着诚实守信,以民为本的原则;坚信“品牌创造价值,创新成就未来”。以优秀的企业文化,先进的管理理念,尽善尽美的品质追求,超越期望的服务宗旨为目标。",https://www.hainwise.com,https://exhibitors.informamarkets-info.com/event/2026Medtec/en-US/exhibitor/487457/shenzhen-hainwise-medical-technology-co---ltd-,https://image.imconlinereg.com/mm-mtc/2025-08-28/262944D7733FBFB52ABC622DFB6BBB5E.pdf
江苏建忠新材料发展有限公司,"Shanghai Jianzhong Medical Packaging Co.,Ltd",N4-D105,N4,CHINA,cat-13,上海建中医疗器械包装股份有限公司创始于一九八八年，自建立以来建中矢于研制广泛的软性包装系列，同时在医疗器械的纸塑、铝箔等功能性材料加工而成的功能性包装应用方面，为业界提供了实用的解决方案。凭借安全性的研究，优质、精细、专业的服务，使得企业逐步壮大。尤其是提出灭菌后保护的理念深得客户认同。三十年来建中付出了非凡的努力，销售额逐年递增，年销售额已超过两亿。未来，建中将一如继往向前。相信建中会成为您愿为之奋斗，坚持不懈的初心。  建中集团现有员工二百多名，日产包装袋约700多万只的生产能力。现有高速制袋机器50余台，柔版、凹版印刷设备十余台以及复合、淋膜、涂层、分切多条流水线，专业生产适应各种灭菌,https://www.jsongmed.com,https://exhibitors.informamarkets-info.com/event/2026Medtec/en-US/exhibitor/487458/shanghai-jianzhong-medical-packaging-co--ltd,https://image.imconlinereg.com/mm-mtc/2026-07-07/F106D52AB52D8CA536338F2170730C6E.pdf
Appliedplastics,Applied plastics,N2-D606,N2,USA,cat-14,Applied plastics公司创立于1953年，是PTFE 涂层解决方案的领先供应商，服务于先进的导管系统。能够为您提供专业的工程支持资源和优质的产品。产品提供：PTFE涂层芯轴、PTFE拉线和PTFE导丝以及涂层加工服务等.,https://www.appliedplastics.com,https://exhibitors.informamarkets-info.com/event/2026Medtec/en-US/exhibitor/487487/applied-plastics,https://image.imconlinereg.com/mm-mtc/2025-07-14/170E97CAF6ED8E19BDCDDE8A5864CCC8.pdf
RoyalMaster,皇家磨床,N2-D606,N2,USA,cat-10,Royal Master: 为客户提供精密导丝的磨削设备（磨床）包括基本变径磨削、多段变径磨削、自动磨削等一系列无心系列磨床.磨削应用：导丝磨削，导管磨削，医用针磨削磨削直径范围：0.05mm-38mm导丝应用：冠脉，神经，外周，瓣膜多种定制化无心磨床（centerless）,,https://exhibitors.informamarkets-info.com/event/2026Medtec/en-US/exhibitor/487488/皇家磨床,https://image.imconlinereg.com/mm-mtc/2025-07-14/0563B2EAB8233E5140E936DBBA476B1D.pdf
Compounding Solutions,Compounding Solutions,N2-D606,N2,USA,cat-01,"Compounding Solutions主要是生产医疗级改性塑料、医用色母粒，分销医用塑料原料。主要应用于注塑和挤出成型。*氟塑料、TPU/PEBAX的显影改性，显影剂有BaSO4, Bi2O3, (BiO)₂(CO₃)氯氧化铋，钨粉等。*Purtone Rx 医疗级色母，可以5磅起订*ReZalloy Rx 低硬度Peba 和TPU合金。硬度可以低至35 Shore A*Mobilize 润滑改性助剂，TPU, PEBAX, NYLON PE 等都可以使用，减少摩擦力*MasterMark: 用来改善激光打标效果的医疗级改性剂*Rezilok: 复合薄膜、复合管的粘接中间层",https://www.compoundingsolutions.net,https://exhibitors.informamarkets-info.com/event/2026Medtec/en-US/exhibitor/487489/compounding-solutions,https://image.imconlinereg.com/mm-mtc/2025-07-14/4F352FDC86584849127A2DD4E616D382.pdf
Microlumen,Microlumen Inc,N2-D606,N2,USA,cat-05,Microlumen公司成立于1987年，公司95%以上业务服务于医疗设备市场，主要提供各类医用精密导管，包括编织加强管、PI管、PTFE liner；公司已通过ISO13485：2016认证.,https://Microlumen.com,https://exhibitors.informamarkets-info.com/event/2026Medtec/en-US/exhibitor/487490/microlumen-inc,https://image.imconlinereg.com/mm-mtc/2025-07-14/D8FA4DD9CC2AAB7BC295BAB46E5F0988.pdf
German Pavilion c/o LMl Leipziger Messe intemational GmbH,"High tech Co., Ltd.",GP,,CHINA,cat-16,戴斯克高新科技有限公司是特种高性能塑料行业先行者，专注聚醚醚酮（PEEK）、聚酰亚胺（PI）等高性能特种工程塑料的生产、应用及研发，产品涵盖线缆、光纤等多种型材及制品。公司以 “高标准、精技术、多元化、促共赢” 为经营理念，组织架构完善，拥有多部门及事业部。其产品应用于军工、航空航天等多领域，生产设备先进，能快速交付新品。合作客户包括心脉医疗、华为等，未来将持续推动产品升级与应用拓展。,https://medtec.german-pavilion.com/zh-chs/sites,https://exhibitors.informamarkets-info.com/event/2026Medtec/en-US/exhibitor/487505/high-tech-co---ltd-,
谱莱新材料（广东）有限公司,"Pulai Advanced Material(Guangdong)Co.,LTD",N1-B106,N1,CHINA,cat-02,谱莱新材（PLAM）设有广州、无锡两大生产基地，创始团队深耕精密金属材料领域多年。PLAM拥有全球顶尖全自动化精密金属圆丝及扁丝生产线、无尘现代化车间与训练有素的高效运营团队，已通过ISO13485认证，持有多项专利，2025年获评高新技术企业。公司可量产医疗器械领域各类精密微丝，其中圆丝规格覆盖0.0127mm至0.5mm，扁丝厚度最薄达0.0127mm、宽度最窄至0.0254mm。PLAM系国内首家可生产极高等级精密丝材的本土企业，品质领先同业。我们始终坚持品质为先、创新为核的理念，致力于为下游客户提供稳定可靠的高端精密丝材产品。,https://www.plam.com.cn,https://exhibitors.informamarkets-info.com/event/2026Medtec/en-US/exhibitor/487506/pulai-advanced-material(guangdong)co--ltd,
海思（广东）超声技术股份有限公司,"HaiSi (Guangdong) Ultrasound Technology Co., Ltd.",N3-G308,N3,USA,cat-10,HS SONIC成立于美国加州，专注于超声塑焊技术、超声核心件和超声塑焊设备研发的创新型科技品牌。运营中心在中国东莞，品牌全球化布局工业、医疗、家用三大超声应用领域。HS SONIC为全球客户提供高效、专业的超声塑料焊接解决方案。HS SONIC全球化服务支撑体系，品牌服务网络已覆盖美国、德国、日本、中国、越南等国家。,https://www.hssonic.cn,https://exhibitors.informamarkets-info.com/event/2026Medtec/en-US/exhibitor/487507/haisi-(guangdong)-ultrasound-technology-co---ltd-,https://image.imconlinereg.com/mm-mtc/2026-05-20/329C616EA78980934375DB887F10BDCD.pdf;https://image.imconlinereg.com/mm-mtc/2026-05-20/62FAA8033AFCB41CA0EB2C350558C809.pdf
上海长郡医疗科技有限公司,"Shanghai Changemed Technology Co.,  Ltd",N1-F210,N1,CHINA,cat-05,上海长郡深耕泛血管介入器械OEM、ODM定制生产，覆盖冠脉、外周血管、取栓耗材、反搏球囊等产品。凭借成熟工艺体系与稳定量产实力，合作国内众多知名设备厂商，严格遵循行业合规标准，以高性价比的可靠产品助力合作伙伴开拓市场。,,https://exhibitors.informamarkets-info.com/event/2026Medtec/en-US/exhibitor/487508/shanghai-changemed-technology-co----ltd,
杭州雷铂科技有限公司,"HANGZHOU LEIBO TECHNOLOGY CO., LTD",N3-A311,N3,CHINA,cat-11,杭州雷铂科技有限公司是专业研发、生产医疗包装多层共挤吹膜机的科技型技术企业，深耕医用薄膜设备领域多年，专注研发符合国家药包材标准、ISO‑11607、GMP洁净生产要求的医用吹膜成套设备。我司专业制造医疗包装专用吹膜机和多层共挤吹膜机，设备适配十万级洁净厂房，整机部件采用不锈钢加工，无卫生死角，方便清洗消杀。可生产三层至五层高阻隔医用共挤膜，用于医疗器械灭菌袋、医用输液膜、无菌耗材包装膜生产，膜厚精度高。设备采用变频控制系统，运行稳定节能，支持非标定制；提供上门安装调试、原料工艺调试、操作人员培训，完善质保及配件供应服务，设备大量供应国内医疗包装工厂，同时承接外贸订单，出口多国。,,https://exhibitors.informamarkets-info.com/event/2026Medtec/en-US/exhibitor/487509/hangzhou-leibo-technology-co---ltd,
柏中紧固件（上海）有限公司,"Bossard Fastening Solutions (Shanghai) Co., Ltd.",N1-F303,N1,SWITZERLAND,cat-02,"柏中(Bossard)集团始创于1831年总部位于瑞士楚格，是一家全球性紧固和装配技术解决方案提供商。凭借超过百万种标准件、非标件和品牌件，以及工程技术服务和智能工厂解决方案在业界独树一帜。柏中不仅通过紧固解决方案提升客户的核心竞争力，还通过优化装配流程和智能工厂物流，帮助客户实现可持续的生产力，并被誉为智能工厂和工业4.0的先驱。集团于1987年在瑞士证券交易所上市，在全球33个国家的81个地区拥有超过3,000多名员工，2025年销售额达10.7亿瑞郎。柏中于1999年进入中国市场，总部位于上海，目前已在中国开展紧固产品解决方案、工程技术服务、智能工厂物流及智能工厂装配四大业务。",https://www.bossard.com.cn,https://exhibitors.informamarkets-info.com/event/2026Medtec/en-US/exhibitor/487662/bossard-fastening-solutions-(shanghai)-co---ltd-,https://image.imconlinereg.com/mm-mtc/2026-07-28/31CF202D9DC5E7CD96879AE1D24DACD9.pdf
EUROFLEX GmbH,EUROFLEX GmbH,N1-D201,N1,GERMANY,cat-05,"EUROFLEX是全球领先的高精度管材、丝材、板材以及医疗技术零部件供应商。公司成立于1993年,隶属于G.RAU集团,目前在全球约有2200名员工。我们的产品• 无缝管 (镍钛合金, 钴基合金, 不锈钢, 各类金属合金)• 小规格冷轧金属薄板• 小规格及超小尺寸产品• 镍钛HCF-SE级别的 丝材 以及合成材料• 医疗零部件",https://www.euroflex.de,https://exhibitors.informamarkets-info.com/event/2026Medtec/en-US/exhibitor/487664/euroflex-gmbh,https://image.imconlinereg.com/mm-mtc/2025-08-13/43238EF7A1164B5504FF8385C7E0A687.pdf;https://image.imconlinereg.com/mm-mtc/2026-07-14/E9DA16A68A59895F5EE268A22DE5E38D.pdf
EM Microelectronic-Marin SA,EM Microelectronic,N1-F301,N1,SWITZERLAND,cat-08-1,EM微电子是一家专注于为电池供电和射频场信号供电应用设计制造超低功耗、低电压集成电路（IC）的半导体企业，业务覆盖消费电子与汽车工业等多个领域。EM微电子不仅提供标准集成电路和专用集成电路（ASIC），更致力于开发系统解决方案和模块化产品，应用场景涵盖：门禁控制、射频识别、移动通信设备、大众消费电子产品、安防报警系统、公共事业与供暖计量装置、传感器信号处理、智能控制、汽车防盗系统、电子汽车子系统等众多领域。,https://www.emmicroelectronic.com/,https://exhibitors.informamarkets-info.com/event/2026Medtec/en-US/exhibitor/487665/em-microelectronic,
新东先进陶瓷,Sinto Advanced Ceramics,N1-D203,N1,GERMANY,cat-03,新东先进陶瓷（前身为博世先进陶瓷）专门提供3D打印技术陶瓷服务。我们生产高精度陶瓷部件，服务机械设备工程、航空航天、医疗技术、能源系统、半导体制造及其他技术驱动型行业的定制化需求。我们凭借先进的立体光固化技术以及深厚的陶瓷专业知识，交付具备优异材料性能、复杂几何形状和表面质量俱佳的部件，涵盖从快速原型制造到高质量的批量生产。,http://www.sinto-csk.cn/home/material/index.html,https://exhibitors.informamarkets-info.com/event/2026Medtec/en-US/exhibitor/487666/sinto-advanced-ceramics,https://image.imconlinereg.com/mm-mtc/2026-07-16/CE1100C8D6DFF5F2136A8FF1BFD25194.pdf;https://image.imconlinereg.com/mm-mtc/2026-07-16/9391241576F8CB8E14793D1A8DE11414.pdf
ADMEDES GmbH,ADMEDES GmbH,N1-C202,N1,GERMANY,cat-10,20 多年来，ADMEDES作为全球领先的自膨胀镍钛合金医疗器械部件合同制造商. 我们生产各种形式 (管材、线材、板材、坯料）及多种金属 （镍钛合金、钴铬合金、不锈钢、钛​​合金等）的医疗器械部件. ADMEDES采用最先进的工艺 （激光切割、机械加工、编织、线材成型、定型、表面处理）每年生 产超过一百万个医疗器械部件. ADMEDES在全球三个国家设厂 - 德国、美国、哥斯达黎加 – 皆拥有同等设备和工艺.,https://www.admedes.com/en,https://exhibitors.informamarkets-info.com/event/2026Medtec/en-US/exhibitor/487668/admedes-gmbh,
Diener electronic GmbH & Co. KG,Diener electronic GmbH & Co. KG,N1-B206,N1,GERMANY,cat-14,"我们是等离子体技术领域的创新公司，同时还是低压等离子设备、等离子体高频发生器和常压等离子体生产领域的国际市场领先者。我们的技术极其成熟，而且取得了巨大的成功，从而保证了持续性全球化扩张。我们每年建造约 700 套等离子系统，在全球范围内已经销售了约 11,000 套系统。  低压等离子系统  等离子高频发生器  大气压等离子系统  定制真空腔体  真空系统  等离子指示卡/剂  Parylene 聚对二甲苯真空涂层系统",https://www.plasma.com,https://exhibitors.informamarkets-info.com/event/2026Medtec/en-US/exhibitor/487671/diener-electronic-gmbh---co--kg,
奇石乐精密机械设备（上海）有限公司,Kistler Innovative Technology China Ltd.,N1-D304,N1,SWITZERLAND,cat-17,奇石乐是动态测量技术领域的全球领导者，可测量压力、力、扭矩和加速度。其尖端技术为奇石乐集团的模块化解决方案奠定了基础。作为经验丰富的开发合作伙伴，奇石乐帮助客户在工业、研发等领域优化产品和流程，以持续保持其竞争优势。位于全球60多个地区的2000多名员工会针对各种应用提供定制化服务。2025 年，奇石乐集团获得了4.24 亿瑞郎的销售额，其中9%用于研发和技术。,https://www.kistler.com.cn/CN/zh/,https://exhibitors.informamarkets-info.com/event/2026Medtec/en-US/exhibitor/487672/kistler-innovative-technology-china-ltd-,https://image.imconlinereg.com/mm-mtc/2026-07-17/725117E23482F28FBCDC1CCEAB15D673.pdf;https://image.imconlinereg.com/mm-mtc/2026-07-17/A86B4651571DFA52037231B7D5A28F5E.pdf
Herzog GmbH,HERZOG GmbH,N1-C302,N1,GERMANY,cat-12,HERZOG 是一家拥有悠久传统的公司，同时也是最具创新精神的高端编织和卷绕设备制造商之一。我们制造的机器使我们的客户获得成功 --- 在任何类型的编织医疗应用领域，例如：体内支架、缝合线、封堵器和扁带等等。作为全球技术和市场的领导者，我们生产600多种不同类型的机器，用于各种不同应用的编织和卷绕。而且，在这里 - 德国奥尔登堡，我们能够为您专门定制生产机器，以满足您的需求。,https://www.herzog-online.com,https://exhibitors.informamarkets-info.com/event/2026Medtec/en-US/exhibitor/487673/herzog-gmbh,https://image.imconlinereg.com/mm-mtc/2026-07-21/EDD5F2E0E8ED4C749E3E5450A36DC953.pdf
Vascotube GmbH,Vascotube,N1-D305,N1,GERMANY,cat-02,Vascotube位于德国西南部巴登符腾堡州比肯菲尔德（Birkenfeld），临近汽车之城斯图加特， 地理位置得天独厚，处于德国汽车工业、机械和医疗行业的 中心。Vascotube在镍钛合金管生产领域有着极其丰富的经验。公司创始人乌韦∙塞勒先生曾于1991年制作出德国第一根无缝镍钛合金管。Vascotube专注于制作高质量、严格公差的特种合金管，主要产品是专门用于微创可永久植入级医疗设备（如：心脏瓣膜、神经血管支架、外周血管支架等）的镍钛管(Nitinol）和 钴铬管（MP35N）。Vascotube提供三条产品线：Fast Tubes List库存管；R&D研发管及客户定制管。,https://www.vascotube.com/,https://exhibitors.informamarkets-info.com/event/2026Medtec/en-US/exhibitor/487674/vascotube,
Noanix Corporation,Noanix Corporation,N3-F510,N3,KOREA,cat-14,Noanix Corporation 专注于医疗器械涂层设备及涂层解决方案的研发与制造，主要产品包括喷涂设备、浸涂设备及超声波喷嘴系统。公司提供药物洗脱、亲水、疏水、抗菌及抗血栓等涂层技术，并根据客户需求提供定制化解决方案。自2009年成立以来，公司持续拓展全球市场，已获得 FDA、CE、ISO 等国际认证，并拥有多项专利技术。,https://noanix.com/,https://exhibitors.informamarkets-info.com/event/2026Medtec/en-US/exhibitor/487690/noanix-corporation,https://image.imconlinereg.com/mm-mtc/2026-07-31/85412EB5D9FAE9894AD29F23D3918979.pdf
CorTec GmbH,CorTec GmbH,N1-D301,N1,GERMANY,cat-15,CorTec总部位于德国弗莱堡，是有源植入式医疗器械的研发与制造合作伙伴。我们陪伴客户完成从可行性研究、原型开发、产品验证到最终制造的全过程。电子与系统团队专注于微型化电子器件、信号采集硬件、闭环固件与软件。电极导线产品涵盖外周神经、脑皮层、脊髓及深脑应用。凭借硅胶加工专业能力，我们在内部完成完整植入系统的生物相容性封装。监管与质量专业知识贯穿每个项目。自研的Brain Interchange™完全植入式闭环脑机接口平台已获FDA突破性医疗器械认定，目前作为研究性器械在美国和欧洲开展脑卒中康复临床试验。一个合作伙伴，从概念到最终产品。,https://cortec-neuro.com/,https://exhibitors.informamarkets-info.com/event/2026Medtec/en-US/exhibitor/487792/cortec-gmbh,
"MAi Automation Technology (Nanjing) Co.,Ltd.","MAi Automation Technology (Nanjing) Co.,Ltd.",N1-C306,N1,GERMANY,cat-13,艾玛意自动化技术（南京）有限公司隶属于德国M.A.i GmbH & Co.KG全资子公司，是ESTUN集团成员之一。 我们致力于开发、生产高度复杂的非标定制自动化设备， 提供医疗包装行业自动化产线，注塑成型自动化产线、装配线与测试线、半自动化工作站、机械加工行业的机器人搬运产线、精通于视觉和电气测量技术、过程数据记录与追溯系统。,https://www.m-a-i.cn,https://exhibitors.informamarkets-info.com/event/2026Medtec/en-US/exhibitor/487794/mai-automation-technology-(nanjing)-co--ltd-,https://image.imconlinereg.com/mm-mtc/2025-08-11/1B83F6502C108F5584301D54229BE350.pdf;https://image.imconlinereg.com/mm-mtc/2026-07-15/356A04F00A0E8B14338159ACD7A7D688.pdf
Tectri SA,Tectri SA,N1-F305,N1,SWITZERLAND,cat-15,Tectri 是專注於複雜幾何形狀侵入式器材專業加工的專家。我們結合最先進的CNC車床和對各種材料的深入了解，能夠為高科技產業提供從小批量到大批量的精密零件。,https://tectri.com/,https://exhibitors.informamarkets-info.com/event/2026Medtec/en-US/exhibitor/487795/tectri-sa,
"Sanner Pharmaceutical & Medical Packaging Materials (Kunshan) Co.,Ltd","Sanner Pharmaceutical & Medical Packaging Materials (Kunshan) Co.,Ltd",N1-D205,N1,GERMANY,cat-01,Sanner集团成立于1894年。Sanner的总部位于德国本斯海姆，在德国、法国、匈牙利和中国均设有一流的生产基地，逐渐发展成为医疗技术和诊断、制药和消费者保健领域中备受欢迎的客户定制化解决方案的提供商。如今，我们已拥有1000多家客户公司。我们在试纸的干燥剂包装领域发挥着主导作用，尤其是在亚洲市场，在医疗技术领域进行创新以提高大众生活质量，并实现高于平均水平的增长，及可持续发展。,,https://exhibitors.informamarkets-info.com/event/2026Medtec/en-US/exhibitor/487796/sanner-pharmaceutical---medical-packaging-materials-(kunshan)-co--ltd,
"Mikron Switzerland AG, Division Tool",Mikron Tool,N1-D306,N1,SWITZERLAND,cat-14,米克朗刀具（Mikron Tool）成立于1998年，前身为自动线组合机床制造商米克朗公司（Mikron SA Agno）旗下的工具部门。新公司依托数十年来在为这类机床研发和制造各类钻头方面的丰富经验。1998 年独立之初公司仅有 25 名员工，如今已发展为全球领先的整体硬质合金刀具供应商，总部位于瑞士提契诺州阿格诺，在德国罗特韦尔设有集销售与生产于一体的分公司，同时在美国和中国也设立了销售分支机构。250名员工每天致力于满足客户的需求；覆盖全球的销售网络及合作伙伴确保了我们与各地客户的紧密联系。,https://mikrontool.cn/index.php?lang=ch,https://exhibitors.informamarkets-info.com/event/2026Medtec/en-US/exhibitor/487797/mikron-tool,
GETEC PARK.SWISS AG,GETEC PARK.SWISS AG,N1-F307,N1,SWITZERLAND,cat-08-3,GETEC 在歐洲各關鍵地點開發、融資、建設及營運工業園區，企業可藉此受益於我們在可靠能源供應、廢水處理、設施管理、物流等領域的全方位解決方案。GETEC PARK.STEIN 是一座專業的生命科學園區，戰略性地坐落於瑞士巴塞爾與蘇黎世之間。作為中歐生命科學產業創新與成長的領先生態系統，這座頂尖園區能協助企業加速產品上市時程、優化核心業務並降低營運成本。企業可充分利用現有的基礎設施與即用型建築，配合靈活的規劃方案，確保業務能在短時間內順利展開。這類群聚式的綠地開發區鄰近頂尖的生命科學、營養保健品、細胞療法及高科技企業，不僅促進知識交流，更能協助企業實現永續成功,https://www.getec-energyservices.com/en/industrial-parks,https://exhibitors.informamarkets-info.com/event/2026Medtec/en-US/exhibitor/487798/getec-park-swiss-ag,https://image.imconlinereg.com/mm-mtc/2026-07-28/C1D485EA7CA96146F3B11CEEA5755786.pdf
苏州纳仕丰医疗科技有限公司,"Suzhou NASF Medical Technology Co., Ltd.",N2-H603,N2,CHINA,cat-01,苏州纳仕丰医疗科技有限公司创建于2024年，位于苏州市张家港市，是一家专注于聚氨酯弹性体（TPU）材料应用开发的企业。公司主要产品有血糖监测（CGM）生化膜溶液及覆膜设备、动静脉变径插管、复用内窥镜覆膜溶液及设备、支架覆膜溶液及设备、导丝显影覆膜溶液及设备。公司为客户提供微米级的TPU覆膜解决方案，根据客户产品功能需求，提供定制化的覆膜溶液、工艺及设备。公司溶液可以在CGM电极针覆膜，动静脉插管（导管类）、镍钛合金支架（支架类）、镍钛或不锈钢导丝上进行5-100微米的均匀覆膜。公司溶液可以在聚氨酯或PTFE等高分子材料、不锈钢或镍钛合金等金属材料上进行均匀覆膜。,https://www.sznasf.com,https://exhibitors.informamarkets-info.com/event/2026Medtec/en-US/exhibitor/487880/suzhou-nasf-medical-technology-co---ltd-,https://image.imconlinereg.com/mm-mtc/2026-07-14/5CAEBD7C90A2BA64D195C6F98C23608A.pdf;https://image.imconlinereg.com/mm-mtc/2026-07-14/BE92BD8B2909BF5067B29B97191D133C.pdf
昆山和志正医疗科技有限公司,"KUNSHAN HERZZ MEDICAL TECHNOLOGY CO.,LTD",N1-C702,N1,CHINA,cat-10,昆山和志正医疗科技有限公司拥有成熟完备的医疗器械生产研发所需工艺链体系，从前期的激光切割、激光焊接、激光打标等激光微加工工艺，辅以热处理、研磨喷砂、超声清洗、抛光等后续深度加工处理工艺。能为客户提供一站式加工服务。主要应用于介入式医疗器械（神经介入支架、冠脉支架、瓣膜支架等）、内窥镜蛇骨（泌尿镜蛇骨、肛肠镜蛇骨等）、外科手术器械（超声刀内外套管、针管、脑颅固定片等）等精密医疗器械领域。同时提供专业技能人才培养、加工母机与测试系统研制、开放式加工工程与测试实验室，并具备完善的质量管理体系及灯塔车间高效运转机制。公司从新工艺、工程技术创新服务体系出发，为医疗器械预研设计、工程验证提供闭环，缩短医疗器械研制周期。先后获得国家高新技术企业、苏州市医疗器械高端制造系统及工艺工程技术研究中心、苏州市医疗器械产业重点企业、昆山市科技研发中心、昆山专精特新企业、中国内镜产业（医疗激光微加工系统）最佳供应商等荣誉，拥有ISO9001、IATF6949、ISO13485等质量体系认证，致力打造高端医疗器械精密制造系统创新服务平台。,,https://exhibitors.informamarkets-info.com/event/2026Medtec/en-US/exhibitor/487881/kunshan-herzz-medical-technology-co--ltd,
USON中国/亚太,USON China/Asia Pacific,N4-D108,N4,USA,cat-17,Uson是医疗设备、汽车、电动汽车和包装等行业泄漏测试解决方案的全球领先供应商。自1963年以来，Uson采用NASA开发的技术，广泛应用于各种自动化装配应用。我们的高端泄漏测试从最初起即满足客户的特定应用需求，确保精确度和可靠性。‌Uson隶属于PAC集团。PAC通过设计、制造先进的实验室和在线分析仪器，并构建实时分析的数字平台，为全球跨行业客户提供创新解决方案，全面提高其效率。,https://www.uson.com,https://exhibitors.informamarkets-info.com/event/2026Medtec/en-US/exhibitor/487882/uson-china-asia-pacific,https://image.imconlinereg.com/mm-mtc/2026-07-23/0775730402FF856971DCA84E871712EE.pdf;https://image.imconlinereg.com/mm-mtc/2026-07-23/593AB89351CF334F102BCDB34CD73C98.pdf
深圳海医达高分子科技有限公司,"Shenzhen Haiyida Polymer Technology Co.,LTD.",N2-A709,N2,CHINA,cat-05,1)内窥镜插入管、钳道管及配套超薄TPU管   • 2)PEEK管、PEEK机加及PEEK注塑	3)    造影导管（可配合注册人）	4)导引鞘、负压导引鞘（可配合注册人）   5)压力传感器（可配合注册人） 6)输尿管支架、引流导管套装、泌尿导丝（可配合注册人）  7)其他产品OEM定制,https://www.sea-medical.com,https://exhibitors.informamarkets-info.com/event/2026Medtec/en-US/exhibitor/487883/shenzhen-haiyida-polymer-technology-co--ltd-,https://image.imconlinereg.com/mm-mtc/2025-08-06/D9552F7D3DAAFED139FF9CB3243C1DD4.pptx
German Pavilion c/o LMl Leipziger Messe intemational GmbH,"High tech Co., Ltd.",N1-C208,N1,CHINA,cat-16,戴斯克高新科技有限公司是特种高性能塑料行业先行者，专注聚醚醚酮（PEEK）、聚酰亚胺（PI）等高性能特种工程塑料的生产、应用及研发，产品涵盖线缆、光纤等多种型材及制品。公司以 “高标准、精技术、多元化、促共赢” 为经营理念，组织架构完善，拥有多部门及事业部。其产品应用于军工、航空航天等多领域，生产设备先进，能快速交付新品。合作客户包括心脉医疗、华为等，未来将持续推动产品升级与应用拓展。,https://medtec.german-pavilion.com/zh-chs/sites,https://exhibitors.informamarkets-info.com/event/2026Medtec/en-US/exhibitor/487884/high-tech-co---ltd-,
MeKo Manufacturing e.K.,MeKo Manufacturing e.K.,N1-D206,N1,GERMANY,cat-15,MeKo® 是一家全球公认且通过 ISO 认证的合同制造商，专注于医疗领域的激光材料加工。凭借 35 年的专业经验，该公司在激光切割支架、心脏瓣膜支架以及由镍钛合金（Nitinol）、316L/316LVM 和 L605 等金属或镁和聚合物等生物可吸收材料制成的其他各种医疗产品方面表现卓越。此外，MeKo® 还提供一系列精加工工艺，包括电解抛光、退火和机械加工.,https://www.meko.de/medtech,https://exhibitors.informamarkets-info.com/event/2026Medtec/en-US/exhibitor/488311/meko-manufacturing-e-k-,https://image.imconlinereg.com/mm-mtc/2026-07-16/47A8E2162B4BE421B7A591263D447BBD.pdf
Ideal-tek SA,Ideal-tek SA,N1-D302,N1,SWITZERLAND,cat-15,Ideal-tek 不仅是一家总部位于瑞士的高精密手工工具与仪器制造商和供应商，更是全球众多行业企业值得信赖的合作伙伴，涵盖医疗器械制造、显微与实验室技术、电子与半导体，以及制表等领域。公司在提契诺的工厂内设计并生产各类专业镊子、剪钳、钳子及定制工具。Ideal-tek 始终秉持最高的道德标准，持有 ISO 9001 和 ISO 13485 认证，确保其所有生产流程均符合严格的质量控制标准。,https://www.ideal-tek.cn,https://exhibitors.informamarkets-info.com/event/2026Medtec/en-US/exhibitor/488347/ideal-tek-sa,
威海威鑫塑胶制品有限公司,"Weihai Weixin Plastics & Rubber Products Co., Ltd.",N2-B604,N2,CHINA,cat-01,威海威鑫塑胶制品有限公司 成立于2009年，专业研发、制造、销售各类医用橡胶制品。公司专注医用肝素帽橡胶垫、注射器胶塞、输液器胶塞、药用丁基胶塞与垫片等精密橡塑配件，是国内较早布局该细分领域的厂家，长期致力于异戊二烯橡胶配方、穿刺密封核心工艺，配备医用标准炼胶、硫化洁净生产线。可按需定制耐穿刺、低析出、生物相容性达标的胶垫，适配输液耗材、留置针组件，同步提供材料研发、模压成型、仓储配送一体化配套服务。公司地处威海医用耗材产业集聚带，毗邻威高工业园，上下游产业链配套完善。聚焦医用橡塑赛道，持续迭代工艺与质量管控体系。,,https://exhibitors.informamarkets-info.com/event/2026Medtec/en-US/exhibitor/488358/weihai-weixin-plastics---rubber-products-co---ltd-,
西安中钛金属有限公司,"Xi'an Sino Titanium Metals Co.,Ltd",N1-A508,N1,CHINA,cat-02,"西安中钛金属有限公司成立于2018年,公司位于陕西省西安市，工厂位于陕西省宝鸡市中国钛谷钛及新材料产业园，占地面积3600多平。我司专注于医疗器械应用领域的钛及钛合金(棒材、盘、板材、丝材等)材料的生产和销售,产品远销美国、德国、韩国、意大利，加拿大以及中东国家,在医疗等领域得到客户的广泛认可,并依靠自己的技术创新,自主研发了一套国际领先的生产工艺流程,产品质量达到国际先进水平,是集科研、开发、生产、贸易、销售、服务为一体的综合型企业。我司通过了IS09001、IS013485:2017体系认证，并获得国家医疗器械二类生产注册证及许可证。另外，我司还取得医疗类国际认证CE,FDA证书。",https://www.ztmetal.com/,https://exhibitors.informamarkets-info.com/event/2026Medtec/en-US/exhibitor/488359/xi'an-sino-titanium-metals-co--ltd,https://image.imconlinereg.com/mm-mtc/2026-07-14/EB09A967BF427BFE7728B23BA4E8C584.pdf;https://image.imconlinereg.com/mm-mtc/2026-07-14/52B665DE21EF1C532C15329B99158874.pdf
凯柏胶宝®,KRAIBURG TPE,N1-C209,N1,GERMANY,cat-01,凯柏胶宝®（KRAIBURG TPE，www.kraiburg-tpe.cn）是全球知名的定制化热塑性弹性体（TPE）制造商，隶属于德国克莱伯格集团。公司于德国、美国及马来西亚设有生产基地，在中国上海、香港及北京、沈阳、武汉、广州等地建立销售网络。产品广泛应用于医疗、汽车、工业及消费品等领域，提供创新、安全、可靠且可持续的TPE材料解决方案，为全球客户创造更高价值。,https://www.kraiburg-tpe.cn,https://exhibitors.informamarkets-info.com/event/2026Medtec/en-US/exhibitor/490590/kraiburg-tpe,https://image.imconlinereg.com/mm-mtc/2026-07-14/38E40E5C39C74E99E2E1DEE174A7EC68.pdf;https://image.imconlinereg.com/mm-mtc/2026-07-14/8C9C9C82B66EB70A344E95704C571F68.pdf
维世科,ViscoTec,N1-C205,N1,GERMANY,cat-11,ViscoTec 维世科是源自德国巴伐利亚的精密计量技术专家，产品百分百德国进口。基于自主研发的无限循环螺杆泵技术，旗下品牌preeflow可实现低至0.25微升的微量出胶，计量范围覆盖微升级至升/秒，满足制药、食品、化妆品等行业严苛的计量灌装需求。含固体成分、研磨性或剪切敏感性物料均能实现高精度、低剪切灌装。食品医疗级符合FDA标准，接液组件可高压灭菌，支持CIP在线清洗与SIP在线灭菌。泵体紧凑，可轻松集成至已有产线，适用于半自动和全自动输送作业。,https://www.viscotec.com/applications/medical-technology/,https://exhibitors.informamarkets-info.com/event/2026Medtec/en-US/exhibitor/490591/viscotec,https://image.imconlinereg.com/mm-mtc/2025-08-08/9603CD8BCC2BF6192BFE5ED86A89771D.pdf
佐技机电设备（上海）有限公司,"ZOTEC Machinery (Shanghai) Co., Ltd.",N1-C204,N1,GERMANY,cat-14,佐技机电设备（上海）有限公司（ZOTEC）是精密表面处理与清洗设备的制造商。自成立近二十年来，公司通过与业内享有盛誉的欧洲企业—德国OTEC和Elma以及瑞士iepco的合作，以欧洲成熟的专业技术为依托，以德国标准实验室为平台，提供成套（去毛刺/抛光、喷砂、清洗）表面处理解决方案。我们提供给客户的不仅仅是一台或一套设备，而是结合每个客户的实际情况而制定的一整套包括设备、辅助产品和加工工艺的解决方案。急用户所急、想用户所想，是我们一直以来贯彻的经营理念。,http://www.zotec-china.com.cn/,https://exhibitors.informamarkets-info.com/event/2026Medtec/en-US/exhibitor/490592/zotec-machinery-(shanghai)-co---ltd-,https://image.imconlinereg.com/mm-mtc/2026-07-21/D133E26D304FB2DFEAEF9E2DEB70A848.pdf;https://image.imconlinereg.com/mm-mtc/2026-07-21/569F98E6B27FDC1F77BF088876E1C6C4.pdf
"Multivac (Shanghai) Trading Co., Ltd.","MULTIVAC (Shanghai) Trading Co., Ltd.",N1-D207,N1,GERMANY,cat-13,莫迪维克成立于1961年，总部位于德国，是全球知名的加工及包装解决方案供应商之一，在全球设立有85家分公司和分支机构，16家生产基地，共计约7800名员工。产品涵盖加工、包装、贴标、打印、检测、机械手等自动化方案，广泛应用于食品、医疗、工业制品、消费品及金融等多个行业。我们凭借创新的先进技术、全面的产品组合及丰富的专业知识和项目经验，为客户提供定制化的解决方案和全面的服务。作为全球50家可持续发展及气候领导者之一，莫迪维克不断探索创新，为客户提供多样化的可持续解决方案，协助客户实现其可持续发展目标。,https://www.multivac.cn,https://exhibitors.informamarkets-info.com/event/2026Medtec/en-US/exhibitor/490593/multivac-(shanghai)-trading-co---ltd-,https://image.imconlinereg.com/mm-mtc/2026-07-24/2F6103CE6A8E443DF430D6BA2E1A9D91.pdf;https://image.imconlinereg.com/mm-mtc/2026-07-24/412EB9F085041F76208D9C600494CACF.pdf
"LPKF Shanghai Co., Ltd.","LPKF Shanghai Co., Ltd.",N1-D303,N1,GERMANY,cat-10,德国LPKF Laser & Electronics SE 成立于1976 年，总部位于加布森，SDAX 上市企业，专注创新激光方案，覆盖电子、半导体、汽车、光伏、医疗等行业。中国管理中心设在上海，拥有乐普科天津（2000 年）、乐普科上海（2021 年）两家全资子公司，上海、苏州、天津、深圳多地驻点，就近提供销售、工艺研发与售后技术服务。其中激光塑料焊接，适配汽车、医疗、消费类电子塑件密封焊接；快速 PCB 样品制作设备，满足医疗行业柔性电子研发快速打样需求。另外布局精密电子激光加工、光伏激光划线设备，面向工厂、科研院所、院校提供全套定制激光加工解决方案。,https://www.lpkf.cn,https://exhibitors.informamarkets-info.com/event/2026Medtec/en-US/exhibitor/490594/lpkf-shanghai-co---ltd-,https://image.imconlinereg.com/mm-mtc/2025-08-06/B16188959919DC54AE44F38F85165B41.pdf;https://image.imconlinereg.com/mm-mtc/2026-07-20/A1669DD24C76134EF7477760DEBDF70A.pdf
"Hoenle UV Technology (Shanghai) Trading Co., Ltd.","Hoenle UV Technology (Shanghai) Trading Co.,Ltd",N1-C304,N1,GERMANY,cat-04,德国上市集团好乐公司是国际领先的紫外光源系统供应商之一。 好乐胶粘剂作为集团旗下专业的高端工业粘合剂供应商，已具有50多年的历史，是全球最早从事UV胶水研发的公司之一、也是全球最早把环氧类型UV胶实现商业化的公司。好乐长期致力于消费电子、医疗、汽车、光电以及航空航天等多领域的工业粘合剂的研发、生产和销售，产品线十分丰富，尤其研发生产的UV胶、环氧结构胶和导电胶，以其卓越的品质，独特的性能而享誉全球。,https://www.hoenle.cn,https://exhibitors.informamarkets-info.com/event/2026Medtec/en-US/exhibitor/490595/hoenle-uv-technology-(shanghai)-trading-co--ltd,https://image.imconlinereg.com/mm-mtc/2025-07-10/2FD4868A56C2E667A039B200780C65F3.pdf;https://image.imconlinereg.com/mm-mtc/2026-07-15/F087153F6474015F95A1B2AA1A06C8C6.pdf
KH Unikun Plastics (Suzhou) Co.Ltd.,KH Unikun Plastics (Suzhou) Co.Ltd.,N1-C206,N1,GERMANY,cat-15,KH是一家专注于一次性医疗器械定制生产的专业服务商，可提供覆盖全流程的一体化工程技术支持，核心产品线涵盖一次性内窥镜、眼科、牙科及神经外科相关医疗器械产品，目前已在德国、捷克、中国、墨西哥布局生产基地，拥有丰富的全球化生产运营与跨国项目管理经验，其生产体系通过ISO13485医疗器械行业质量管理体系认证，厂区内配套7级、8级标准洁净车间，能够为客户提供从产品初期构思、研发设计到最终量产上市的全周期陪伴式服务，是医疗器械领域值得信赖的长期合作伙伴。,https://www.kh-medical.de/en/,https://exhibitors.informamarkets-info.com/event/2026Medtec/en-US/exhibitor/490596/kh-unikun-plastics-(suzhou)-co-ltd-,https://image.imconlinereg.com/mm-mtc/2026-07-27/25A84515BFCF349DD7D546CC09A4228A.pdf;https://image.imconlinereg.com/mm-mtc/2026-07-27/CF34D482EFCA1726F8AE573B60CD903D.pdf
HAHN Automation Group Engen GmbH,HAHN Automation Group,N1-D209,N1,GERMANY,cat-11,HAHN Automation Group是工厂自动化的全球解决方案合作伙伴，在全球20多个地区拥有1600多名员工，凭借30多年的丰富经验以及工业特定领域的创新能力，为医疗技术制造商提供定制自动化设备——专注于塑料注塑产品自动化、组装与测试，以及机器视觉。凭借全球覆盖和丰富经验，我们通过提供符合最高质量和监管标准的定制系统，帮助制造商扩大复杂医疗器械的生产规模。,https://www.hahnautomation.group,https://exhibitors.informamarkets-info.com/event/2026Medtec/en-US/exhibitor/490597/hahn-automation-group,https://image.imconlinereg.com/mm-mtc/2026-07-21/DF47A086C81607F20700C757682221FE.pdf;https://image.imconlinereg.com/mm-mtc/2026-07-21/E1F11A080A4AF757FCE7007359F81D9D.pdf
北京卓远信诚工业技术有限公司,"Beijing Zhuoyuan Xincheng Industrial Technology Co., Ltd.",N2-B705,N2,JAPAN,cat-01,"北京卓远信诚工业技术有限公司，是一家全球性的塑胶原料解决方案提供商，在医疗领域有10年的开发经验，公司总部位于北京，分公司位于苏州，广州。仓库位于北京，苏州，上海，东莞，方便服务于全国各地的医疗客户，不用被医疗材料的交货期困扰。公司供应帝人医疗级PC，品种齐全，原厂染色，认证齐全；奥世达医疗级TPE,TPU，巴塞尔及北欧化工医疗级PP,PE，英力士苯领医疗级ABS，公司各区域销售诚挚欢迎与各地方客户深度合作。",,https://exhibitors.informamarkets-info.com/event/2026Medtec/en-US/exhibitor/490642/beijing-zhuoyuan-xincheng-industrial-technology-co---ltd-,
瑞士驻华大使馆贸易与投资处,Swiss Business Hub China,N1-D302,N1,SWITZERLAND,cat-08-2,瑞士贸易与投资处 (Swiss Business Hub，简称SBH) 是瑞士驻华大使馆的一个下属部门。它为瑞士和列支敦士登的中小企业在中国的业务发展提供支持，并为中国公司提供有关瑞士作为商业驻地的资讯。瑞士贸易与投资处还代表瑞士官方贸易与投资促进机构，即瑞士贸易与投资署。瑞士贸易与投资处在瑞士驻上海总领事馆和瑞士驻广州总领事馆设有分部。瑞士贸易与投资署 (Switzerland Global Enterprise，简称S-GE) 是瑞士官方贸易与投资促进机构。凭借独特的全球网络，S-GE 每年为 5500 多家瑞士公司的国际业务提供支持，并帮助创新型外国公司在瑞士投资落户。鉴于此，自 1927 年以来，S-GE一直代表瑞士联邦和各州行事以确保瑞士对外贸易的实力和瑞士的繁荣。,https://www.s-ge.com,https://exhibitors.informamarkets-info.com/event/2026Medtec/en-US/exhibitor/490643/swiss-business-hub-china,
东莞市肯泰医疗用品有限公司,"Dongguan Convertek Medical Products Co., Ltd.",N1-G705,N1,CHINA,cat-07,肯泰2004年成立于深圳，是一家为客户提供医疗级贴合解决方案及精准加工服务的专业化公司。公司与全球领先的医用原材厂商合作，业务领域涉及生物电极传感器、手术薄膜、伤口护理耗材、医疗器械组件、医用胶带等。,https://www.convertek.cn,https://exhibitors.informamarkets-info.com/event/2026Medtec/en-US/exhibitor/490644/dongguan-convertek-medical-products-co---ltd-,
欧瑞康巴尔查斯涂层（苏州）有限公司,"Oerlikon Balzers Coating (Suzhou) Co., Ltd.",N3-B502,N3,CHINA,cat-14,通过先进的表面处理技术，金属和塑料加工行业中所用到的精密部件与工具能够实现其性能和耐用性的显著提升，而Oerlikon Balzers (欧瑞康巴尔查斯)正是提供该先进技术的世界领先供应商之一。Oerlikon Balzers (欧瑞康巴尔查斯)是世界领先的表面技术供应商之一，其先进的表面处理技术，可以显著提升金属和塑料加工行业中所用到的精密零部件和工具的性能和耐用性。以 BALINIT 与 BALIQ 为品牌的超薄特硬涂层可减少摩擦与磨损。BALDIA 金刚石涂层产品组合在加工非常具有挑战性的材料时也能展现顶级性能。以 BALITHERM 品牌为开端，为客户提供了更加广泛的热处理服务范围。而拥有全套典雅色彩的 BALTONE 涂层，则能够满足客户的装饰性需求。BALORA 可在超高温度的环境中为零部件提供有效的保护，使其免受氧化和腐蚀的侵害。BALIMED 薄膜涂层具有耐磨、生物兼容、抗菌、化学惰性的特点，专门针对医疗领域而开发。借助技术品牌 BALIFOR，公司引进了专为汽车市场定制解决方案而使用的科技。,https://www.oerlikon.com,https://exhibitors.informamarkets-info.com/event/2026Medtec/en-US/exhibitor/490645/oerlikon-balzers-coating-(suzhou)-co---ltd-,
百超罗芬,Bystronic rofin,N1-C110,N1,SWITZERLAND,cat-10,Bystronic正在引领工业制造的未来。作为板材与材料加工领域的领先解决方案提供商，公司成功将激光切割技术、折弯机、自动化及软件技术，与面向新材料新工艺的创新激光应用相结合。从打标、微加工到复杂切割与焊接，Bystronic正在全球范围内为互联与可持续生产开创全新格局。Bystronic总部位于瑞士，在德国、西班牙、意大利、中国和美国设有研发和生产基地。,,https://exhibitors.informamarkets-info.com/event/2026Medtec/en-US/exhibitor/490646/bystronic-rofin,
常熟致圆微管技术有限公司,"Changshu Microtube Technology Co.,Ltd.",N1-C603,N1,CHINA,cat-05,常熟致圆微管技术有限公司成立于2009年，现有生产面积3800平，员工70余人。公司产品均为定制加工，以小规格、高精度管材为主，涵盖304/304L/316/316L不锈钢及镁、铜、钛、铝等多种金属材料，可以进行管材异型结构、折弯、扩缩口、变径、激光切割打标等多种组合加工。公司拥有ISO 9001:2015和ISO 13485:2016质量体系双认证，服务于医疗器械等高新技术领域。,https://www.zymicrotube.com,https://exhibitors.informamarkets-info.com/event/2026Medtec/en-US/exhibitor/490647/changshu-microtube-technology-co--ltd-,https://image.imconlinereg.com/mm-mtc/2026-07-15/7D54E5B26239D0F9A18D3145AC66767A.pdf;https://image.imconlinereg.com/mm-mtc/2026-07-15/B02A74263838C6290083F9BE204460C2.pdf
紫外科技（深圳）有限公司,AWELLCURE,N3-F206,N3,CHINA,cat-04,紫外科技（深圳）有限公司，作为全球紫外线光固化设备领域的领先供应商，始终以技术创新为引擎，以精工制造为基石，深耕行业近二十载。创始团队凭借深厚的技术积淀与前瞻视野，将创新基因深度融入产品全生命周期，构建起从核心技术研发到规模化生产的完整能力体系。目前，公司在上海、深圳布局两大研发与制造基地，以上海、深圳、苏州为核心辐射全国的销售服务网络，形成了UV-LED光固化设备与传统汞灯固化设备双线并行的稳定供应能力，可全方位响应全球客户的多样化需求。产品足迹已遍布美国、德国、韩国、日本、新加坡等数十个国家和地区，通过全球多地的代理商与服务点，构建起高效的本地化服务生态。,https://www.tech-uv.com,https://exhibitors.informamarkets-info.com/event/2026Medtec/en-US/exhibitor/490648/awellcure,https://image.imconlinereg.com/mm-mtc/2026-07-20/979C0D151AB47E5DB7F684B6BA17AEF3.pdf;https://image.imconlinereg.com/mm-mtc/2026-07-20/7A94BC4A7BBC28A7ABFEF0410F4FE08F.pdf
上海亚敏模型有限公司,"Shanghai YaMin Model Co., Ltd",N1-F702,N1,CHINA,cat-10,上海亚敏模型成立于2008年6月，是以高新技术为依托的快速成型设计制作公司，专注于医疗器械设备的设计、生产、小批量制作服务。公司拥有十多项专利技术，以一流的水准服务于医疗行业。业务涉及医疗手术机器人、实验仪器设备、生化仪器、基因检测设备、超声波磁共振设备、消毒机器人、内窥镜、康复保健仪器、体外诊断仪器等一系列的医疗器械设备。 公司有技术人员30余人，马扎克进口五轴一台，马扎克进口数控车床一台、立式加工中心30台（含5台日本马扎克，3台美国哈斯，三菱系统4轴、5轴各一台），海克斯康3坐标一台。拥有资深CNC编程师、结构设计工程师，结合ERP生产系统，尽我们所能为客户的新产品开发提供最优质的服务。,https://www.999yamin.com,https://exhibitors.informamarkets-info.com/event/2026Medtec/en-US/exhibitor/490650/shanghai-yamin-model-co---ltd,https://image.imconlinereg.com/mm-mtc/2026-07-10/CD2EF89675EE104E323DBE0D5D94BE1F.pdf
无锡市远洋精密工具厂,Wuxi Yuanyang Precision Tool Works,N1-G209,N1,CHINA,cat-02,无锡市远洋精密工具厂创建于1997年，有着二十多年磁性工具和支架产品的生产研发经验。      对产品品质的不懈追求，使我们制定了严苛的生产标准以更好地服务于全球客户。      我们不断改良现有产品，研发新产品以满足不同客户的需求。,https://yuanyang1997.1688.com,https://exhibitors.informamarkets-info.com/event/2026Medtec/en-US/exhibitor/490936/wuxi-yuanyang-precision-tool-works,
吴江市拓研电子材料有限公司,"WUJIANG TUOYAN CO., LTD",N2-H602,N2,CHINA,cat-05,苏州吴江市拓研电子材料（拓研医疗）占地面积18000平方，吴江工厂员工150+人，在东莞，宁波，苏州均设有工厂。公司主要生产波纹管，PVC套管，医疗异型管，医疗多腔管，热缩管，氟橡胶热缩管，玻璃纤维套管，铁氟龙扎带，尼龙扎带，编织套管，纺织套管等配线套管及器材，主要应用于汽车，医疗，高铁，通讯，电机，消费电子等多种高端行业。公司拥有进出口权，产品出口至美国，俄罗斯，加拿大，西班牙等国际市场，可为客户提供OEM和ODM服务。公司拥有自主研发设计团队，公司通过IATF16949(汽车)、ISO13485(医疗)、ISO9001(质量)、ISO14001(环境)、ISO45001(职业健康)五个管理,https://www.tuoyanpx.com,https://exhibitors.informamarkets-info.com/event/2026Medtec/en-US/exhibitor/490937/wujiang-tuoyan-co---ltd,https://image.imconlinereg.com/mm-mtc/2026-07-24/9643F3B64539DFB27CBFCE42D9E22EAB.pdf;https://image.imconlinereg.com/mm-mtc/2026-07-24/2830108F2E8C116179DF13ACDFBC3DDE.pdf
昆山允可精密工业技术有限公司,"Kunshan Yunco Precision Co. ,Ltd",N1-C702,N1,CHINA,cat-10,昆山允可精密工业技术有限公司创立于2012年，在东莞设有华南分公司。是专业从事精密激光微加工系统、精密测量系统、精密自动化系统、关键功能模组研发、生产、销售、售后及高端器械加工服务的国家高新技术企业。已通过ISO9001、IATF6949、ISO13485等质量体系认证。 可为客户提供各类医疗器械的激光微加工系统解决方案及配套后处理等一站式加工服务，如切割、钻孔、焊接、打标及酸洗、电化学抛光、研磨、热定型等。主要应用于介入式医疗器械（如神经介入支架、冠脉支架、瓣膜支架等）、内窥镜蛇骨（泌尿镜蛇骨、肛肠镜蛇骨等）、外科手术器械（超声刀内外套管、针管、脑颅固定片等）等领域。,https://www.yunco.cn,https://exhibitors.informamarkets-info.com/event/2026Medtec/en-US/exhibitor/491237/kunshan-yunco-precision-co---ltd,
苏州赫格智能科技有限公司,"Suzhou HG-Innovation Intelligent Technology Co., Ltd.",N1-F706,N1,CHINA,cat-16,赫格创新，是一家深耕于机器人、医疗设备、仪器仪表及高端智能装备领域的产品创新设计与技术整合服务商。我们提供从研发咨询、工业设计、结构设计、电控开发到样机验证及中小批量制造的创新全链服务，致力于通过专业高效的嵌入式”协作模式，成为客户创新流程中的战略型伙伴。赫格创新，自成立以来便不断探索，通过共性技术的研发、共享工厂的建设、共性资源的整合，为产品创新过程赋能，让客户能更加专注于核心技术研发与市场开拓。赫格，让创新更简单！,,https://exhibitors.informamarkets-info.com/event/2026Medtec/en-US/exhibitor/491238/suzhou-hg-innovation-intelligent-technology-co---ltd-,
无锡雅兰特精密科技有限公司,"WUXI YALANTE PRECISION TECHNOLOGY CO.,LTD",N1-B407,N1,CHINA,cat-02,无锡雅兰特精密科技有限公司创立于2007年，位于江苏省无锡市东大门羊尖镇，园区占地10亩，被评为江苏省高新技术企业、江苏省民营科技企业，通过ISO13485认证、ISO9001认证、ISO14001认证、IATF16949和知识产权管理体系。公司创立之初便生产医疗器械开放式吻合器精密冲压配件，是国内最早一批生产此类配件的厂家之一，并在医疗器械零配件领域深耕近二十年，拥有发明专利6件和实用新型专利40余件，致力于实现“成为一家受尊敬的医疗器械制造商”的公司远景。目前，雅兰特主要生产冲压钣金件、机加工件、注塑件、激光切割件、激光焊接组件、各类材质圆管件等，主要应用于各类医疗器械领域、汽车和电子领域。,https://www.wxylt.com,https://exhibitors.informamarkets-info.com/event/2026Medtec/en-US/exhibitor/491239/wuxi-yalante-precision-technology-co--ltd,https://image.imconlinereg.com/mm-mtc/2026-07-16/0E0D287A6A180A7060847A4836983045.pdf
宿迁保和祥医疗科技有限公司,"Suqian Baohexiang Medical Technology Co., Ltd.",N4-A111,N4,CHINA,cat-09,宿迁保和祥医疗科技有限公司坐落于江苏泗洪，是一家专注于创新型医用包装材料与高端医用管材研发、生产的高新技术企业。公司深耕医疗器械配套领域多年，主营Pebax、PA、TPU、PP、PE、PC、PEEK等全系列医用级管材及配套包装衬材，产品广泛适配介入器械、微创设备、监护耗材、医用精密配件等医疗场景。企业可承接从常规防护包装到高端精密医用导管配套的全层级生产需求，所有产品对标国际医用材料标准，适配各类灭菌工艺，可满足严苛的临床使用环境。公司专注为全球医疗器械客户提供高品质全系配套产品及一站式定制化合规解决方案。,http://baohexiang.hjyhy.com,https://exhibitors.informamarkets-info.com/event/2026Medtec/en-US/exhibitor/491240/suqian-baohexiang-medical-technology-co---ltd-,https://image.imconlinereg.com/mm-mtc/2026-07-16/5B373B1436C8FC00006D797049F63805.pdf
浙江晶耀光电科技有限公司,ZHEJIANG GLISTER PHOTONICS.. LTD.,N1-C108,N1,CHINA,cat-08-4,浙江晶耀光电科技有限公司创立于2022年12月，由拥有20余年超快激光经验的行业知名专家顾新华博士领衔，汇聚多名硕博精英组建核心研发团队。公司专注皮秒、飞秒等超快激光器及精密加工整体解决方案的研发、生产与销售。主营红外/绿光/紫外皮秒激光器，兼顾飞秒、纳秒产品，以超高稳定性与长寿命著称，广泛应用于医疗、工业制造、科研等领域。我们秉持“产品稳定、技术领先、服务周到”理念，致力与客户共赢，赋能激光精密加工更高效！,,https://exhibitors.informamarkets-info.com/event/2026Medtec/en-US/exhibitor/491241/zhejiang-glister-photonics---ltd-,
湖南德视智能科技有限公司,"HUNAN DSHI INTELLIGENT TECHNOLOGY CO.,Ltd.",N3-D205,N3,CHINA,cat-11,湖南德视智能科技有限公司成⽴于 2017年，作为⼀家国家⾼新企业，深耕⼯业⾃动化与机器视觉领域多年。公司专注于为客⼾提供条码识别追溯系统、视觉检测系统、⾮标⾃动化设备及⼯业控制整体解决⽅案，核⼼业务涵盖协作机器⼈上下料、在线实时贴标应⽤及信息化采集等板块。⽬前，公司服务⽹络已覆盖制造业、医疗、物流等多个⾏业，通过先进的技术与专业的服务，助⼒企业提升⽣产效率与质量管理⽔平，推动⾏业智能化升级。,,https://exhibitors.informamarkets-info.com/event/2026Medtec/en-US/exhibitor/491242/hunan-dshi-intelligent-technology-co--ltd-,
赛韧科技有限公司,Cynexty Technology Limited,N1-F208,N1,"Hong Kong,S.A.R.,China",cat-02,香港赛韧科技有限公司是一家专注于医用级不锈钢丝材研发、生产与销售企业。我们致力于为全球医疗器械制造商提供符合国际标准的精密丝材解决方案。依托先进的生产设备和万级洁净车间，我们实现了从原材料熔炼到成品出库的全产业链控制。在微创医疗高速发展的今天，丝材的精度决定了器械的性能。赛韧科技专注于攻克高难度、高标准的医用级不锈钢丝材的加工瓶颈。企业提供直径0.015mm以上全系列医用不锈钢涂层丝（316L/304/304V），库存充足，交货期短，支持定制盘丝或直条。我们严格遵循ASTM、ISO13485及GMP规范，确保材料具备优异的生物兼容性、耐腐蚀性、高回弹性和高疲劳强度。凭借特殊的高精度拉丝工艺，,,https://exhibitors.informamarkets-info.com/event/2026Medtec/en-US/exhibitor/491243/cynexty-technology-limited,
涌续生物科技（上海）有限公司,"FOVAMB Bioscience(Shanghai) Co.,Itd",N1-D106,N1,CHINA,cat-02,"近二十年专营介入植入医疗器械领域，部分技术与服务经验涵盖: 1.各种进口医用原料颗粒;  2.医用色母粒（PEEK,FEP, ML21,ML24,L25,TR90,PEBAX,TPU,可降解 等）; 3.医用显影材料（BaSO4,Bi2O3，BiOCl,(BiO)2CO3•1/2H2O，WU 等）； 4.特殊医用材料：超软TPU（硬度40A到70A), 抗老化，导丝包覆钨材料，超薄热缩管用色母，抗静电,导电等5.其它专门定制需求   备注：1.第三方权威检测认证万级十万级净化生产;    2. 第三方权威检测医用报告;       3.近二十年积累技术质量系统;",https://www.fovamb.com,https://exhibitors.informamarkets-info.com/event/2026Medtec/en-US/exhibitor/491244/fovamb-bioscience(shanghai)-co--itd,https://image.imconlinereg.com/mm-mtc/2026-07-16/C6D9D2598E762D8BA82DDD126FEA4755.pdf
威科检测集团有限公司,"WEIKE INSPECTION GROUP CO.,LTD.",N4-G101,N4,CHINA,cat-16,威科检测集团有限公司总部位于广东•中山，实验室立足广东，辐射北京、江苏、重庆和上海，专注医疗器械检测、大动物实验、生物相容性、化学表征等检测服务，致力于医疗器械检测服务创新平台，助力生物医药产业发展。,https://www.veckinc.com,https://exhibitors.informamarkets-info.com/event/2026Medtec/en-US/exhibitor/491245/weike-inspection-group-co--ltd-,
重庆凯磁医疗技术有限公司,"Chongqing Kaici Medical Technology Co., Ltd",N1-G801,N1,CHINA,cat-08-4,凯磁医疗是高新技术企业、专精特新中小企业，致力于全磁悬浮技术在生命科学领域核心部件的开发和应用。公司汇聚国内外全磁悬浮技术领域顶尖科研人才与产业团队，融合基础研究、应用开发与新品研制，持续深耕全磁悬浮平台技术创新与产业化突破。公司核心布局全磁悬浮人工心脏及体外血泵产品，主要应用于重症心力衰竭治疗、器官灌注、细胞治疗等临床场景。凭借技术优势，产品临床表现优异，有效降低术后并发症，显著提升重症患者救治成功率与生存质量。凯磁医疗依托成熟的技术平台、完善的工程化体系及产业化经验，可提供核心技术、关键部件及定制化研发赋能，助力合作企业突破技术壁垒，共同推动高端医疗设备国产化创新与行业高质量发展。,https://www.kaicimed.com,https://exhibitors.informamarkets-info.com/event/2026Medtec/en-US/exhibitor/491246/chongqing-kaici-medical-technology-co---ltd,
天津市富集科技有限公司,"TIANJIN FUJI SCIENCE & TECHNOLOGY Co., LTD.",N2-A705,N2,CHINA,cat-06,天津市富集科技有限公司是一家专业生产过滤耗材的生产企业，公司成立于1993年。是一家专门生产小型滤器的生产厂家，公司自有10万级净化车间1000平方米，滤器相关的各类全自动生产线及检测设备10套。所有产品均在净化车间完成，产品种类包括，针头滤器，吸头滤芯，体外诊断用滤器三个大类。,https://www.fujikj.com,https://exhibitors.informamarkets-info.com/event/2026Medtec/en-US/exhibitor/491247/tianjin-fuji-science---technology-co---ltd-,
杭州睿笛生物科技有限公司,"Hangzhou Ruidi Biotechnology Co.,Ltd.",N4-C503,N4,CHINA,cat-17,杭州睿笛生物科技有限公司成立于2014年，由英美海归科学家创办，是一家聚焦脉冲电场能量平台并致力于微创介入高端医疗器械创新的国家高新技术企业，同时推动脉冲电场技术的生物医药转化应用。睿笛生物目前已布局研发了肿瘤、房颤、慢性脑病等多个产品管线，并进入了创新医疗器械特别审批通道。其生产研发基地位于杭州未来科技海创园，拥有按照GMP标准设计的万级洁净车间、高标准组装车间以及完备的检测实验室，且已通过ISO13485质量管理体系认证。    睿笛生物凭借全球领先的下一代脉冲电场消融技术平台及硬件软件协同开发能力，已连续斩获十多项国家自然科学基金及多个国家重大科技专项支持，并与浙江大学医学院附属第一医院携手联合共建了脉冲电场技术医学转化省级重点实验室。公司已申请专利近两百件，PCT专利面向欧美国际市场，启动产品CE认证。同时，睿笛生物已经被认定为“浙江省专精特新中小企业”，“杭州市准独角兽企业”，“杭州市企业高新技术研发中心”，“杭州市博士创新站”。,http://www.r-ablation.com/,https://exhibitors.informamarkets-info.com/event/2026Medtec/en-US/exhibitor/491248/hangzhou-ruidi-biotechnology-co--ltd-,https://image.imconlinereg.com/mm-mtc/2025-08-04/C5DEE7B160513E9C3725F363706CD947.pdf
沈阳吉恩特新材料开发有限公司,"SHENYANG JNT NEW MATERIALS DEVELOPMENT CO.,LTD.",N1-G111,N1,CHINA,cat-02,沈阳吉恩特新材料开发有限公司成立于2017年，地处东北中心城市沈阳市沈抚高新区，是一所集研发、生产、销售于一体的现代化企业，取得ISO9001质量体系、欧盟RoHS等权威资质，掌握核心工艺。  公司生产的生物医疗用镍钛形状记忆合金产品技术领先，质量可靠，已得到国内国际用户认可，生产的产品销售到全国各地，应用于人体齿科治疗、女性避孕环、胸罩、各种手术器材、高端眼镜、电子产品用芯线等行业。  公司秉持“以长远的战略眼光审视，倡导创新的产品与服务”经营理念，打造行业国际先进水平的高新技术企业，我们正在努力前行以挑战者的精神进行创新，努力为我们的客户提供高质量产品和高水平服务。,http://syjiente.com/,https://exhibitors.informamarkets-info.com/event/2026Medtec/en-US/exhibitor/491249/shenyang-jnt-new-materials-development-co--ltd-,
苏州镭扬激光科技有限公司,"Suzhou Toflylaser Technology Co.,Ltd",N1-F302,N1,CHINA,cat-14,主营微加工激光设备： 激光焊接机、激光打孔机、激光蚀刻机、激光打标机、深耕医疗器械行业。医疗器械客户群：   微创医疗、 康德莱、瑛泰医疗、苏州木渎特钢、 南微医学、康基医疗、安杰思、珠海优尔医疗、康誉医疗、微创医疗苏州骨科、上海明基医疗器械、 家颖科技、宁波韦科医疗、苏州科塞尔医疗、上海小鱼医疗、苏州海望医疗、上海埃蒙迪、 苏州塞纳思医疗、 上海倍力曼医疗、  常州飘迈医疗、苏州翊曼生物科技、苏州泽恒精密、昆山普适医疗、珠海神平医疗、宁波琳盛医疗…、泰州健朗.......  设备可加工产品：介入编织网、导管导丝、封堵器、复合导管、复合鞘管、介入导丝、圆形编织网、扁形编织网、毛细管对接焊、封堵器、显影环、精密不锈钢零部件、多股导丝、活检钳、血管支架、球囊、不锈钢管、复合导管、高分子材料管材等,https://www.toflylaser.com,https://exhibitors.informamarkets-info.com/event/2026Medtec/en-US/exhibitor/491250/suzhou-toflylaser-technology-co--ltd,
惠质检测技术(常州)有限公司,惠质检测技术(常州)有限公司,N4-B120,N4,,cat-13,,,https://exhibitors.informamarkets-info.com/event/2026Medtec/en-US/exhibitor/491251/惠质检测技术(常州)有限公司,
苏州海普瑞生物科技有限公司,"Suzhou HaiPuRui Biotechnology Co.,Ltd.",N1-B302,N1,CHINA,cat-02,苏州海普瑞生物科技有限公司位于江苏省太仓市沙溪镇七溪生物园区 内，注册资本1000万元人民币，厂房面积约4000余平方米，是由政 府重点引资的一家高新技术企业，公司以客户高端产品为导向，专注 于医用海波管、精密合金管、导丝芯丝、芯轴、异型管件等其它医疗 部件的研发、制造、销售和服务。以先进的经营体系和完善的管理制 度为保障，向用户提供满意的产品与服务，为广大客户和医疗行业做 出应有的贡献。,https://www.szhprswkj.com,https://exhibitors.informamarkets-info.com/event/2026Medtec/en-US/exhibitor/491252/suzhou-haipurui-biotechnology-co--ltd-,
东莞市奥翔医疗科技有限公司,"DongguanAoxiangMedicalTechnologyCo,Ltd",N1-F206,N1,CHINA,cat-02,创立于2020年1月10日，注册资金2000万人民币，位于东莞市虎门镇雅瑶高新区。拥有完整、科学的质量管理体系及优秀的生产技术团队。精密零件加工部：制造超高精密金属细微零部件，主要用于半导体行业，光学行业，医疗行业等。导丝耗材部:常规金属导丝、涂层导丝、斑玛导丝、微导丝及神经导丝，主要用于血管通路。,,https://exhibitors.informamarkets-info.com/event/2026Medtec/en-US/exhibitor/491253/dongguanaoxiangmedicaltechnologyco-ltd,
常州市依漫生物科技有限公司,"Changzhou Emanmed Biotechnology Co., Ltd",N4-B120,N4,CHINA,cat-13,公司成立于2018年，主要致力于打造高度合规的第三方灭菌服务中心，公司占地30亩，建筑面积约18000平方米，建成的灭菌中心，总投入600m³灭菌柜，日产能可达到1000立方米，年产能达到36万m³；依漫生物将提供从验证、灭菌、解析、检验、仓储、物流运输等一站式专业化服务。尊重生命，敬畏规则，简单高效是依漫的企业精神，我们深知我们的灭菌技术是为人类健康服务，必须追求质量零缺陷；同时我们也深知客户痛点，快速反应及一站式服务是我们的追求，我们力求让客户用最简单的操作，达成更满意的结果。,https://www.emanmed.com,https://exhibitors.informamarkets-info.com/event/2026Medtec/en-US/exhibitor/492210/changzhou-emanmed-biotechnology-co---ltd,https://image.imconlinereg.com/mm-mtc/2025-07-31/AC5024696EC6FCB57A374B785F33AAB0.pdf
常州恒寿精密机械有限公司,"Changzhou Hengshou Precision Machinery CO.,Ltd.",N4-B120,N4,CHINA,cat-15,常州恒寿精密机械有限公司深耕精密柔性智造领域，面向行业客户提供从精密零部件到高标准半成品全链条配套服务。公司搭建自有一站式零部件配套体系，并针对客户产品注册、量产差异化需求推出柔性半成品解决方案，可按需交付 CKD 全散件、SKD 半散件及预灭菌半成品，方便客户自主规划后续组装与灭菌流程，高效适配合规生产与批量交付需求。,,https://exhibitors.informamarkets-info.com/event/2026Medtec/en-US/exhibitor/492211/changzhou-hengshou-precision-machinery-co--ltd-,https://image.imconlinereg.com/mm-mtc/2026-07-23/E1AC96DCA0451351E2F30818ED4AC4F6.pdf;https://image.imconlinereg.com/mm-mtc/2026-07-23/5E9BBE66BBE9F142139B74C7023D2F13.pdf
常州市千钧科技有限公司,"Changzhou Qianjun Technology Co., Ltd.",N4-B120,N4,CHINA,cat-13,常州市千钧科技有限公司是一家集研发、设计、制造、测试、技术支持于一体的综合性医疗无菌包装企业。公司位于常州西太湖科技产业园，拥有12000平方米现代化综合厂房，配备3500平方米洁净车间，符合ISO 9001、ISO 13485质量体系，设置物理测试实验室、化学实验室、微生物实验室。我们以“守护包装内的医疗器械，从而守护生命健康”为已任，打造医疗包装产业链，致力于为医疗企业提供一站式包装服务，努力成为无菌医用包装的领航者。,https://www.czqjkj.com,https://exhibitors.informamarkets-info.com/event/2026Medtec/en-US/exhibitor/492212/changzhou-qianjun-technology-co---ltd-,https://image.imconlinereg.com/mm-mtc/2026-07-23/4D699592254CA5E7AEDABFE8A9C1A8B0.pdf
常州诺菲新材料科技有限公司,NorkFic New material Co.Ltd,N4-B120,N4,CHINA,cat-01,自 2012 年成立至今，我司产品应用覆盖通讯、可穿戴设备、电子电器、医疗器械、包装、交通出行等众多行业。公司软硬胶材料品类齐全，面向客户提供全方位配套服务：实时行业行情资讯、专业市场分析研判、新材料应用联合研发与技术落地，同时拥有丰富原料选型，支持个性化改性定制。从材料选型、定制研发、合规文件办理到试样寄送全流程配备专业服务，有效帮助客户压缩研发进度与资质注册周期，为产品落地筑牢保障。,,https://exhibitors.informamarkets-info.com/event/2026Medtec/en-US/exhibitor/492213/norkfic-new-material-co-ltd,
Univac Precision Engineering Pte Ltd,"Univac Precision Plastics (Suzhou) Co., Ltd.",N1-D210,N1,SINGAPORE,,Univac 成立于 1980 年，总部位于新加坡，是一家专注于精密工程的领导企业，专长于高精度组件、模具及耗材的设计与制造。自起步于塑料精密模具以来，Univac 已发展成为全球公认的创新与制造卓越伙伴，广泛服务于制药、医疗、生命科学、消费品与汽车等关键行业。公司在东南亚和中国设有完善的营运基地，并在北美、欧洲和印度设有产品设计与市场中心。我们的全球多元化团队通过持续学习、技术专长与创新驱动，致力于提供以客户为中心的解决方案。作为 Venture Corporation Ltd 全资子公司，Univac 提供从产品设计、工程开发，到制造与交付的一体化价值链，同时依托强大的战略合作网络，为客户创造最大价值。🔗 了解更多关于母公司信息，请访问：www.venture.com.sg,https://www.univac.com.sg/about-us/default.html,https://exhibitors.informamarkets-info.com/event/2026Medtec/en-US/exhibitor/493170/univac-precision-plastics-(suzhou)-co---ltd-,
SP Manufacturing Pte Ltd,SP Manufacturing Pte Ltd,N1-D212,N1,SINGAPORE,cat-15,SPM总部位于新加坡，在印度尼西亚巴淡工厂拥有十余年的制造经验。我们专注于PCBA、线束组装以及关键任务行业的整机装配。我们擅长高混合/低中等批量制造，服务于工业、医疗、汽车、半导体设备和航空航天等行业。印度尼西亚工厂占地10万平方英尺，此外在马来西亚还有4.5万平方英尺的生产面积。我们在德国、波兰和中国也设有制造基地，能够满足全球本地化生产需求。,https://www.sp-manufacturing.com,https://exhibitors.informamarkets-info.com/event/2026Medtec/en-US/exhibitor/493171/sp-manufacturing-pte-ltd,https://image.imconlinereg.com/mm-mtc/2026-07-23/F0F679515459978B7102B7D7DBED1FC5.pdf;https://image.imconlinereg.com/mm-mtc/2026-07-23/5C70E2FA82D10F76350F3D8EED5276BF.pdf
Rega Technologies Pte Ltd,Rega Technologies Pte Ltd,N1-F209,N1,SINGAPORE,cat-01,"锐嘉科技-一家专为高精密部件和组件提供弹性体与高分子聚合材料的端对端设计及研发解决方案的提供商。通过与来自产品的概念、产品和模具设计、材料的开发及生产流程的定制与客户密切协作；锐嘉科技竭诚为客户提供优质定制化的解决方案。我们是您成功的伙伴。锐嘉科技产品主要应用于医疗耗材，医用可穿戴部件，医疗电子等行业。我们的材料配方满足ISO 10993， USP CLASS VI, FDA等对材料和工艺的相关要求，公司超3000平的洁净室，也可以满足各类产品对洁净度的要求。自有的DI（去离子水），WFI（注射用水）水系统，充分保证了客户对产品应用的严苛要求。",https://www.regatechnologies.com,https://exhibitors.informamarkets-info.com/event/2026Medtec/en-US/exhibitor/493172/rega-technologies-pte-ltd,https://image.imconlinereg.com/mm-mtc/2025-07-28/E56CE66231791312E56ED99A2F4C8C74.pdf
Dou Yee Technologies Pte Ltd,Dou Yee Technologies Pte Ltd,N1-F207,N1,,,,,https://exhibitors.informamarkets-info.com/event/2026Medtec/en-US/exhibitor/493173/dou-yee-technologies-pte-ltd,
Yangbum Engineering Pte. Ltd.,Yangbum Engineering Pte Ltd,N1-D206,N1,SINGAPORE,,为客户提供定制超高精密金属切削和部件加工，应用于医疗器械，航空精密仪器，储存器及发动机领域。,https://www.yangbum.com,https://exhibitors.informamarkets-info.com/event/2026Medtec/en-US/exhibitor/493174/yangbum-engineering-pte-ltd,
小奕科技（惠州）有限公司,"Xiaoyi Technology (Huizhou) Co., Ltd.",N1-G105,N1,CHINA,cat-02,小奕科技是专业医疗器械技术企业，在惠州仲恺潼侨、陈江设有两大生产基地。公司自主生产，为客户提供高品质、低成本、短交期的精密零部件。主营二、三类心脑血管、消化内科微创介入、植入类器械，以及重复 / 一次性电子内窥镜微精密零件，涵盖超声、射频、电极导管、植入传感器、镍钛网篮、骨科、血管缝合、心脏封堵、心室构件、手术机器人配套零部件。我们与国际特种材料供应商长期合作，稳定供应镍钛记忆合金、镁合金及各类高温合金。厂区配备百级、千级净化车间，引进高端数控与检测设备，搭配专业技术团队，全方位保障产品品质。,,https://exhibitors.informamarkets-info.com/event/2026Medtec/en-US/exhibitor/493355/xiaoyi-technology-(huizhou)-co---ltd-,
GFH GmbH,GFH GmbH,N4-G102-2,N4,GERMANY,cat-10,GFH GmbH公司是坐落于德国慕尼黑市Deggendorf，是微加工领域飞秒激光多轴加工母机制造商，所生产的机台应用在各类高精度零组件及特种合金微加工领域，和世界各相关领域的头部跨国集团保持长期合作研发的技术优势，公司专注于应用飞秒激光的加工特征来进行各类材料的制造工艺，能以1微米的精度误差实现三维多轴联动的连续式加工，并且在一次装夹的过程中同步实现车削，铣削，钻孔，开槽，抛光一次性工艺，对于高精度加工有着非凡的意义和价值。公司在2015年进入日本市场，2019年进入中国市场，目前在中国华东地区已有设备开始装机生产，为客户提供可靠和最高质量的产品，创造客户高毛利和领先同行的核心竞争力。,https://gfh-gmbh.de/,https://exhibitors.informamarkets-info.com/event/2026Medtec/en-US/exhibitor/493356/gfh-gmbh,https://image.imconlinereg.com/mm-mtc/2026-07-30/36114EEC3E2E6ECC6A5B11629033D941.pdf
宁波微兔高分子材料有限公司,"Ningbo Micro-Tube Polymer Materials Co., Ltd.",N3-C211,N3,CHINA,cat-05,"宁波微兔高分子材料有限公司，位于宁波北仑区，建有2000平方左右的符合GMP认证要求的万级洁净车间,致力于为医疗器械企业提供高分子聚合物全流程解决方案。 公司专注于医用高分子材料应用领域产品的研发和制造，公司最小挤出导管外径为0.20mm,最薄壁厚为0.03mm,CPK≥1.3，产品广泛使用于心脑血管器械、泌尿以及内窥镜上，我们为客户提供以下产品和服务： （1）医用挤出导管定制（TPU，Pebax,Nylon, Fep,Peek,PP等等）； （2）FEP热缩管（最小热缩后内径0.35mm）（3）复合编织管 （4）CDMO/OME产品代工（远端通路导管、指引导管、微导管、球囊导管、灌注导管等） 欢迎来电咨询、探讨！",https://www.micro-tube.com,https://exhibitors.informamarkets-info.com/event/2026Medtec/en-US/exhibitor/493357/ningbo-micro-tube-polymer-materials-co---ltd-,https://image.imconlinereg.com/mm-mtc/2025-07-02/F285E6894BF65624DA3A0377E42491B6.pdf;https://image.imconlinereg.com/mm-mtc/2026-07-24/AA3BE5B167548980680EFEC71A17C355.pdf
昆山亿晟力精密模具有限公司,"Kunshan YSL Precision Mould Co. , Ltd.",N3-H501,N3,CHINA,cat-09,昆山亿晟力精密模具有限公司成立于2012年5月，厂房面积5000平方米，注册资金1000万人民币。现运行体系为IATF16949。位于江苏省昆山市龙生路258号。   亿晟力精密专注于塑胶模具，五金模具，注塑成型服务，涉及领域有汽车零部件、医疗器械零部件、3C电子、化妆品包装、智能穿戴等领域。从前期打样、产品设计、模具设计、模具制造、注塑成型、后加工制程提供专业服务。为客户提供高品质、高精密、高量产性的模具和产品。 公司秉承品质第一，客户至上，勇于创新为理念，为提供更好，更优质的产品服务为目标.,http://www.yslmould.com,https://exhibitors.informamarkets-info.com/event/2026Medtec/en-US/exhibitor/493358/kunshan-ysl-precision-mould-co----ltd-,
苏州中博医疗科技有限公司,"Suzhou Zhongbo Healthcare Technology Co.,Ltd",N2-B304,N2,CHINA,cat-05,苏州中博在优质工程团队人员不断进行技术研究和试验发展中，主要从事医疗器械零部件的注塑成型，管材精密挤出制造，而且专注于医疗器械领域的防护包装开发，致力于为客户提供优质的衬板、卡扣盘管、焊接盘管、一体式焊接衬板等产品及服务，极大程度的配合客户缩短器械产品包装开发的周期。注塑件目前已完成的项目有经皮神经电刺激仪、内窥软镜、骨科穿刺、各类鲁尔接头等；挤出线可生产PEBAX管、PA管、PET管、TPU管；是医学研究和试验发展的通用零部件制造的综合性科技公司。,https://www.ZB-Healthcare.com,https://exhibitors.informamarkets-info.com/event/2026Medtec/en-US/exhibitor/493359/suzhou-zhongbo-healthcare-technology-co--ltd,https://image.imconlinereg.com/mm-mtc/2025-08-05/C05F0F5A9802E453640DD6E749B1C8D3.pdf
上海镭星激光科技有限公司,"Shanghai Star Laser Technology Co.,Ltd.",N1-G107,N1,CHINA,cat-05,"上海镭星激光科技有限公司是依托中科院技术的医疗激光光源与ODM/CDMO合作伙伴，为医疗企业供应高稳定、可量产、合规的固体激光光源及成套方案。全场景产品矩阵覆盖医美、妇科、口腔、泌尿、血管消融等主流场景，提供 1064/532/355/755nm长脉冲、调Q、皮秒、铒激光(2940nm)、钬激光(2100nm)等全系列医用激光器及配套电源。我们承诺不做自有终端整机，坚守赋能不竞争、代工不抢市的合作原则,提供一站式ODM/CDMO服务:产品从设计、型检、注册法规支持、样机测试到批量制造与售后,全流程闭环加速合规上市,严格执行医疗质量管理体系，产品能量稳定、脉宽精准、上亿发次运行,交付可靠。",https://star-laser.com/,https://exhibitors.informamarkets-info.com/event/2026Medtec/en-US/exhibitor/493360/shanghai-star-laser-technology-co--ltd-,https://image.imconlinereg.com/mm-mtc/2026-07-31/C1ECEA7F213661CBBDCAD839BFA6380F.pdf;https://image.imconlinereg.com/mm-mtc/2026-07-31/6656E59E6A5CFF91A3545D00D207C354.pdf
上海技嘉模型制造有限公司,"Shanghai Jijia Model Manufacturing Co., Ltd.",N1-C106,N1,CHINA,cat-08-6,"上海技嘉模型制造有限公司成立于2005年注册资金1000.0000万元整。占地面积10000平方米。有40台3D打印设备，十二台CNC加工设备,两台真空复模机及一些辅助设备，喷砂机、水帘柜, 烤箱等。公司有100人，有72位专业的优秀技术员工、办公人员及后勤人员 28人。我们团队的口号：团结友爱、谦虚谨慎、勤奋工作、精益求精、与时俱进!我们的宗旨：信誉至上、品质保证。",http://www.jijiamockup.com.cn,https://exhibitors.informamarkets-info.com/event/2026Medtec/en-US/exhibitor/493552/shanghai-jijia-model-manufacturing-co---ltd-,
无锡莱索托科技有限公司,"Wuxi LST Technology Co., LTD.",N1-D310,N1,CHINA,cat-10,无锡莱索托科技成立于2017年，坐落于无锡市梁溪区金山北产业园，现有专业团队40人，专注提供一站式样件开发与零部件定制制造解决方案。公司深耕3D打印、快速样件行业多年，搭配高精度CNC精密加工工艺，全方位匹配产品研发、样件试制阶段对于交付时效、加工精度及多材质加工的多元需求。我们依托成熟先进的加工工艺、稳定可靠的产品品质与极速客户响应体系，持续协助客户缩短研发周期、降低试制成本、提升整体开发与生产效能。诚挚期待与各界伙伴携手合作，共赢发展，共创产业价值。,https://www.lstproto.com/,https://exhibitors.informamarkets-info.com/event/2026Medtec/en-US/exhibitor/494150/wuxi-lst-technology-co---ltd-,https://image.imconlinereg.com/mm-mtc/2026-07-31/90BEB2D6E28A63CAA23EAB72F251B120.pdf;https://image.imconlinereg.com/mm-mtc/2026-07-31/68DBCA4D519B41BB145A4CFBB57F37AB.pdf
东莞市奕珩精密五金制品有限公司,"Dongguan Zhengyung Precision Hardware Products Co., Ltd",N1-H702,N1,CHINA,cat-02,东莞正阳，即东莞市奕珩精密五金制品有限公司是一家致力于精密五金零件设计、研发、生产、销售为一体的企业。公司自成立以来，以精密激光加工为起点，通过不断追求工艺技术创新、研发改进和引入新设备，逐步形成了以一次性/重复性蛇骨、插入管、海波管为主导及其他各类金属医械零配件的较全面的产品类目。公司在发展过程中不断深入市场、学习了解产品的终端应用场景，不断优化生产结构，积极学习吸收国内外同行的经验与技术知识、始终秉承质量为先的产品原则。产品在市场收到了不断地积极反馈与广大客户的认可！来，公司将加大研发投入，不断推动技术创新与产品升级，为医疗行业提供更多元化、更稳定的产品供应。,https://www.pubtestercn.com,https://exhibitors.informamarkets-info.com/event/2026Medtec/en-US/exhibitor/494151/dongguan-zhengyung-precision-hardware-products-co---ltd,https://image.imconlinereg.com/mm-mtc/2025-08-09/BC11284927351B86B74DA1E584AFFAB6.pdf
海生医疗科技(宁波)有限公司,"Heyson Medical Technology (Ningbo) Co.,Ltd",N2-C001,N2,CHINA,cat-05,海生医疗科技（宁波）有限公司是专注于医疗导管生产厂家，由优秀挤出专业人员带领具有工匠精神的专业团队组成。 公司拥有GMP标准的万级洁净车间1000多平方米，并通过ISO13485和ISO9001体系认证。 海生医疗科技（宁波）有限公司是提供精密医疗管材的挤出和导管后加工的生产以及技术支持服务的厂家。 公司生产的管材主要包括：精密单腔管，多腔管，多层复合管，多排管，编织加强管，微导管，变径管，高温管，显影管等。 海生医疗采用先进的设备，成熟的制造工艺，以及严格的质量管控，以确保产品各方面性能的稳定！,http://www.heyson-med.com/,https://exhibitors.informamarkets-info.com/event/2026Medtec/en-US/exhibitor/494224/heyson-medical-technology-(ningbo)-co--ltd,
创轩（常熟）激光科技有限公司,"CHANXAN (CHANGSHU) LASER TECHNOLOGY CO.,LTD.",N1-B608,N1,CHINA,cat-10,创轩激光科技有限公司位于苏州吴中经济开发区，公司主要致力于研发、生产、销售、定制各类高端激光设备和普及工业激光应用技术;产品广泛应用于科研教学、金属切割焊接、激光喷码、电子材料、LED广告材料、医疗用品、工艺品、纺织服装等各领域。 公司核心人员来自本领域发源地合肥及中国科学技术大学，有独立的研发团队，自主研发的产品主要包括按需求个性化激光定制设备、各种流水线自动化激光解决方案;SG系列、CW系列、CX系列激光设备等。,https://Http//www.chanxan.com,https://exhibitors.informamarkets-info.com/event/2026Medtec/en-US/exhibitor/494373/chanxan-(changshu)-laser-technology-co--ltd-,https://image.imconlinereg.com/mm-mtc/2026-07-24/E3C28D9A94A365E347D7F0BFB9465DBF.pdf;https://image.imconlinereg.com/mm-mtc/2026-07-24/CD8471E3B8774A2815F9F092B9E77EB6.pdf
法国瀚德尔医用针管,Handle SAS,N1-A608,N1,FRANCE,cat-02,HANDLE为一家专业生产一次性不锈钢钢管和针管的法国工厂，由瀚德尔专业技术团队进行开发调试，全自动化运行。专注于胰岛素针，预灌封注射器针，采血针，美容针，内瘘针，齿科针，留置针，齿科针，穿刺针，蓝空针等配套使用的精密钢针配件，开发不同的针尖设计以求能适应 不同领域客户的需要。针尖符合国际标准ISO9626及ISO13485,https://www.handle.fr,https://exhibitors.informamarkets-info.com/event/2026Medtec/en-US/exhibitor/494374/handle-sas,https://image.imconlinereg.com/mm-mtc/2025-08-04/ED10F5ADBC3631ECF3A7FC70E056C2C4.pdf
安徽伟仪科技有限公司,"Anhui Weiyi Technology Co., Ltd.",N4-F212,N4,CHINA,cat-17,安徽伟仪科技有限公司地处合肥市国家高新技术产业开发区，是一家专业研发、生产、销售气密性检测仪、气密性检测设备、定制气密工装夹具，并配套相关服务的高新技术企业。公司成立至今坚守人才为本、聚焦核心技术的经营思路，为客户打造专业解决方案，精进产品品质，稳固自身在激烈市场竞争中的核心竞争力。,http：www.weyii.com.cn,https://exhibitors.informamarkets-info.com/event/2026Medtec/en-US/exhibitor/494375/anhui-weiyi-technology-co---ltd-,https://image.imconlinereg.com/mm-mtc/2026-07-27/A3F13736DA2F79C9BD820B4902735497.pdf
深圳医佰度医疗科技有限公司,"Shenzhen Medone  Medical Technology Co., Ltd.,",N2-B807,N2,CHINA,cat-15,深圳医佰度医疗科技有限公司，位于中国深圳市坪山区，是一家致力于医疗耗材新品研发和解决方案的创新型医疗公司。并取得ISO13485体系认证。专业为国内医疗器械公司提供导管生产，模具开发，注塑加工，OEM代工服务以及相关工艺的设备(尖端机、打孔机、工装夹具)等服务。,,https://exhibitors.informamarkets-info.com/event/2026Medtec/en-US/exhibitor/494377/shenzhen-medone--medical-technology-co---ltd--,https://image.imconlinereg.com/mm-mtc/2025-07-28/5A0141AABFD38D71C05A487741385805.pdf
东莞市诺一精密陶瓷科技有限公司,DONGGUAN NUOYI PRECISION CERAMICTECHNOLOGY CO.， LTD.,N1-B405,N1,CHINA,cat-03,东莞市诺—精密陶瓷科技有限公司成立于2017年，专注先进陶瓷材料在医疗行业的应用。 先进陶瓷材料具有优异的生物相容性，绝缘性，导热性和化学稳定性，在医疗设备和医疗器材部件中有广泛应用，我们通过先进的制造技术和开发能力，生产的精密陶瓷部件在血液净化设备，医疗实验室检测设备，微波热消融 设备及药剂灌装设备等行业有着广泛应用。 公司通过了ISO9001和ISO14001国标质量体系认证，被认证为国家高新技术企业和广东省守重单位，我们秉承专心，专注，专一，专业的经营理念为医疗行业客户提供个性化，定制化陶瓷产品综合解决方案。,https://www.nuoyict.com,https://exhibitors.informamarkets-info.com/event/2026Medtec/en-US/exhibitor/494378/dongguan-nuoyi-precision-ceramictechnology-co-，-ltd-,
苏州泰尔康涂层科技有限公司,"Suzhou Taierkang Coating Technology Co., Ltd.",N4-A608,N4,"Hong Kong,S.A.R.,China",cat-14,"苏州泰尔康涂层科技有限公司成立与2014年，公司位于中国（江苏）自由贸易试验区苏州片区阳浦路78号 ，经过十多年的技术沉淀和持续创新，我们已经成为PVD镀膜行业的佼佼者。在2023年公司加大投资力度，成功引进了新加坡高端技术设备及技术团队，进一步提升了公司的技术水平和生产能力。我们的PVD（物理气象沉积技术）已在3C,光学,拉伸冲压注塑压铸模具,粉末冶金,生物医疗,汽车，石油化工,航空航天,包装印刷,切削刀具等领域得到了很好的应用，我们有专业的团队根据你的生产实际情况及具体要求设计出合理,经济,高效,个性化的涂层,及涂层设备交钥匙工程。",https://www.tek-coating.com,https://exhibitors.informamarkets-info.com/event/2026Medtec/en-US/exhibitor/494379/suzhou-taierkang-coating-technology-co---ltd-,
畅跃医疗科技（盐城）有限公司,"Changyue Medical Technology (Yancheng) Co., Ltd",N3-H402,N3,CHINA,,畅跃医疗科技(盐城)有限公司整合了心血管介入临床专家、中科院科学家、血管内介入耗材研发专家等多方资源，联合多家高校、医院展开产学研合作，分别在深圳、苏州、盐城建立了研发、生产和销售中心。通过了ISO 13485体系认证及中国GMP认证。其主流产品性能优良，形成了上中下游供应链资源，吸纳行业积累多年经验高新技术型人才，努力打造血管内、非血管内植入、介入耗材CDMO平台，为国内外终端医疗器械品牌公司降本增效、产品结构性能优化定制开发、注册制委托生产、OEM贴牌，公司拥有多台国、内外生产、检测设备为您提供完善的性能检测：化学五项检测、微粒检测、污染菌检测；可提供环氧乙烷灭菌服务。公司在盐城有3500平米研发量产化基地，苏州有1000平米研发生产场地，深圳有200平米研发销售中心。,,https://exhibitors.informamarkets-info.com/event/2026Medtec/en-US/exhibitor/494380/changyue-medical-technology-(yancheng)-co---ltd,https://image.imconlinereg.com/mm-mtc/2025-09-10/228E34DEF8673A16F068CAB38865A9D3.pdf
深圳圣伊医疗器械有限公司,"Shenzhen Shengyi Medical Devices Co., Ltd.",N2-F105,N2,CHINA,cat-01,深圳圣伊医疗器械有限公司，依托沃瑞科技十六年深厚的技术底蕴和医疗经验，专注深耕高端医用植入材料领域，以技术创新驱动产品升级，立志成为行业内的标杆企业。聚焦医用植入级氟聚合物(e-PTFE)核心材料，为全球医疗客户提供定制化、高性能的生物材料解决方案。持续攻坚关键材料技术壁垒，全力推进高端医用 e-PTFE 产品国产化落地，助力实现植入耗材关键原材料国产替代与产业自主可控。,,https://exhibitors.informamarkets-info.com/event/2026Medtec/en-US/exhibitor/495046/shenzhen-shengyi-medical-devices-co---ltd-,
罗赛洛（温州）明胶有限公司,Rousselot China Region,N2-G702,N2,FRANCE,cat-07,罗赛洛隶属于达凌配料国际集团，具有130多年的明胶和胶原蛋白肽生产、应用及开发历史，是全球领先的胶原领域解决方案提供者。我们的标准或定制医用级改性及非改性明胶产品，旨在改善患者生命健康。通过合作伙伴的模式，我们为制药、医疗器械及细胞治疗领域提供严格遵循GMP规范的定制化解决方案与研究支持。,https://www.rousselot.com,https://exhibitors.informamarkets-info.com/event/2026Medtec/en-US/exhibitor/495047/rousselot-china-region,
贸联特种电缆（常州）有限公司,"BizLink Special Cables (Changzhou) Co., Ltd.",N1-F110,N1,GERMANY,cat-08-3,贸联医疗电缆解决方案为您提供更高质的图像、更强的可移动性、更轻的重量和更高的患者舒适度。40 多年来，贸联一直在协助开发下一代医疗设备，提供适合的连接来优化所需的性能。我们将您的想法转化成创新的布线方案，创建可靠的“神经系统”。我们将我们的专业知识转化为团结合作、持久品质和全球可用性。作为系统合作伙伴，贸联将在您的开发过程中提供支持，并根据您的自定义规格为您提供最佳连接方案。我们将通过三个不同时区的 9个生产基地 为您提供贸联优质、灵活的物流方案。,https://healthcare.bizlinktech.com/zh/,https://exhibitors.informamarkets-info.com/event/2026Medtec/en-US/exhibitor/495234/bizlink-special-cables-(changzhou)-co---ltd-,https://image.imconlinereg.com/mm-mtc/2026-07-29/28141A324EC873395C6A6C459C994C50.pdf;https://image.imconlinereg.com/mm-mtc/2026-07-29/DB35790C11DB3EEB82700E9F280BBD46.pdf
青岛毕勤易莱特电子有限公司,Bitron Electronic China Company LTD,N1-C305,N1,ITALY,cat-08-1,"Bitron 是一家跨国家族式工业集团，拥有清晰的愿景：创造有助于改善人们生活质量及周围世界的产品和系统。我们如何做到这一点？通过 8,000 多名员工，他们每天都在为塑造明天的未来而努力。Bitron 凭借遍布全球战略要地的 21 家生产工厂和 500 多名研发人员，业务覆盖汽车、家用电器、暖通空调（供暖、通风与空调）、医疗、工业和能源领域，与最重要的国际制造商合作，不仅在零部件生产方面为他们提供支持，还在开发和设计阶段提供协助。Bitron 是一家机会均等的雇主，秉持多元化、公平与包容的理念。",https://www.bitron.com,https://exhibitors.informamarkets-info.com/event/2026Medtec/en-US/exhibitor/495235/bitron-electronic-china-company-ltd,https://image.imconlinereg.com/mm-mtc/2026-07-30/A202F2B023AD4C5BA16A48762EED056B.pdf;https://image.imconlinereg.com/mm-mtc/2026-07-30/4DC05598AF9799E8CB72DA01ADAE3A6C.pdf
耐思医疗包装技术（深圳）有限公司,"Nais medical packaging Technology(shenzhen)Co.,Ltd",N4-C308,N4,CHINA,cat-13,耐思医疗包装技术（深圳）有限公司创立于 2014 年，为高新技术企业，专业提供医疗器械无菌包装一体化解决方案。秉持 “诚信、品质、服务、创新” 理念，深耕医疗器械无菌包装领域的技术探索与创新，科学管理、迭代创新的灭菌包装技术。。全资子公司湖南耐拓医疗科技有限公司投资近亿元，建有 7000㎡洁净生产车间，于2025 年 12 月投产，实现产能大幅提升，致力成为国内值得信赖的医疗器械无菌包装服务商。主营医用吸塑盒，Tyvek®盖材及灭菌袋，HPDE/PP衬板，Hypak®，Dawnsens®透气袋，医用无菌保护套，医用LDPE洁净袋，铝箔袋。,https://www.naisppa.com,https://exhibitors.informamarkets-info.com/event/2026Medtec/en-US/exhibitor/495236/nais-medical-packaging-technology(shenzhen)co--ltd,https://image.imconlinereg.com/mm-mtc/2026-08-08/0E83858E5F530A470FEDF47AD39016AE.jpg;https://image.imconlinereg.com/mm-mtc/2026-08-08/F961AE188AC3D6C1EFCF0C053224A9AF.jpg
普思玛中国,Plasmatreat,Sponser,,GERMANY,cat-14,Plasmatreat 总部位于德国，三十多年专注等离子表面处理，以干式、低温、环保工艺替代湿法制程。技术涵盖 Openair Plasma® 常压等离子、HydroPlasma® 超洁净清洗、Aurora 真空等离子、REDOX® 干式去氧化、PlasmaPlus® 功能纳米涂层及Nebula零颗粒等离子喷枪，覆盖清洁、活化、去氧化到功能化涂层全制程。 我们不仅提供设备，更提供贯穿医疗器械制造全流程的表面工程解决方案：导管、注射器及可穿戴产品的高可靠粘接，热敏材料低温清洗，植入式器件无助焊剂去氧化，复杂三维结构均匀处理，亲水、疏水、生物相容等功能表面，助力客户提升良率与可靠性。,https://www.plasmatreat.com,https://exhibitors.informamarkets-info.com/event/2026Medtec/en-US/exhibitor/495306/plasmatreat,
苏州利维鑫生物科技有限公司,"Suzhou Levebio biotechnology Co,Ltd .",N1-G110,N1,CHINA,,"苏州利维鑫生物科技有限公司是一家集研发、生产、加工、销售、服务于一体的医疗器械关键材料及产品的供应商, 历经10余年行业经验的探索与积淀，我们的产品及品质已获得行业内客户的广泛认可。新公司于2020年在江苏太仓港经济开发区生物产业园注册，主要产品为介入类手术海波管，医用导丝芯丝，PTFE涂层及蚀刻管，医用精密关键及显影材料等，公司多款产品已批量导入国内冠脉及神经手术领域三类医疗器械生产厂家，打破了该领域关键零部件长期依赖进口产品的市场格局，实现了该领域供应链的本地化。",,https://exhibitors.informamarkets-info.com/event/2026Medtec/en-US/exhibitor/495368/suzhou-levebio-biotechnology-co-ltd--,
征鸿诺瓦医疗科技（深圳）有限公司,"Zhenghong Nova Medtech (Shenzhen) Co., Ltd",N3-C702,N3,CHINA,cat-14,"征鸿的研发团队来自国内外著名高校，如新加坡国立大学、新加坡南洋理工大学、法国科学院、浙江大学等。研发团队持续多年专注于医用材料领域的创新，掌握了多项核心技术，拥有多年高分子合成、医疗耗材表面改性、药物生物制剂提纯、抗菌/病毒涂层的研发经验。公司主营业务有医疗器械及耗材的抗凝/亲水/润滑/抗菌涂层涂覆加工以及医用高分子材料定制合成等，征鸿科技研发的抗凝血涂层，突破了医疗耗材表面抗凝血涂层""卡脖子""技术,赋能国内医疗耗材产业升级。公司致力于提高心脏植介入、神经植介入高值耗材生物相容性，为下游医疗耗材生产公司提供“高效，安全，长久，经济”的抗凝涂层解决方案。对标国际先进抗凝涂层供应商，在全球同步开发“First-in-Class”抗凝涂层技术。自主研发的核心技术超微腔室内外壁两性离子枝接涂层技术，效果超越国际同行，并且获得多个客户的验证，目前拥有高价值核心专利达10余项。",https://www.zhnova.com,https://exhibitors.informamarkets-info.com/event/2026Medtec/en-US/exhibitor/495468/zhenghong-nova-medtech-(shenzhen)-co---ltd,
双九医疗科技（天津）有限公司,"Ssejoy Medical Technology (Tianjin) Co., Ltd.",N2-B702,N2,CHINA,cat-06,设计开发能力： 1.专业研发团队，完成从产品概念到产品实现全过程的验证及转化； 2.专业法规注册人员，保证产品的合规性，专业风险分级人员，全面评估产品全生命周期的风险并提出解决方案； 3. 根据客户产品预期用途，全面评估产品的可实现性，并进一步提供优化方案，实现从原材料选择，结构设计，工艺验证及包装灭菌方式选择的全过程服务。 生产制造能力： 1.先进的模具加工设备及生产设备，保障产品的加工精度； 2.拥有ISO14644-1 Class-YY 0033标准的万级净化注塑车间和组装车间，保证产品的洁净生产； 3.先进的检验设备及严格的质控标准，保证产品的卓越质量。,,https://exhibitors.informamarkets-info.com/event/2026Medtec/en-US/exhibitor/495469/ssejoy-medical-technology-(tianjin)-co---ltd-,https://image.imconlinereg.com/mm-mtc/2025-08-05/CCFEBCC0F211DC049E3A337400013D92.pdf
东莞市锦元宏金属科技有限公司,"DONGGUAN JINYUANHONG METAL TECHNOLOGY CO., LTD",N2-B808,N2,CHINA,cat-02,东莞市锦元宏金属科技有限公司2011年成立，专注医用精密钢丝、介入导丝定制与量产，服务海内外医疗器械企业。主营医用线材：304V/316LVM高平直真直线、胃镜内窥镜专用长线、超细微丝、镍钛记忆合金丝，可出具完整材质检测报告，适配微创介入、内镜器械、骨科植入等各类临床场景；医用线材最小线径可达0.01mm，支持医用PTFE低摩擦涂层加工。支持圆线、方线、扁线、钢带异形成型加工，规格可达0.02mm；同步供应不锈钢、琴钢、双相钢、铍铜、钴基、镍基系列精密线材，极限超细规格低至0.006mm。深耕医用精密金属线材领域十五载，依托微米级精密拉丝工艺，为全球医疗器械厂商提供专业线材定制配套服务。,http://www.dgjinyuanhong.com/,https://exhibitors.informamarkets-info.com/event/2026Medtec/en-US/exhibitor/495470/dongguan-jinyuanhong-metal-technology-co---ltd,https://image.imconlinereg.com/mm-mtc/2026-04-21/3BB57584C43B837DCB0D0E929A49539B.pdf;https://image.imconlinereg.com/mm-mtc/2026-04-21/29C5FDC2754B7D127024B7C9DDA22209.pdf
博茂医疗科技(无锡)有限公司,bomomed,N2-G607,N2,CHINA,cat-15,博茂医疗科技（无锡）有限公司位于江苏省无锡市锡山区东安路88号无锡精准医疗产业园B座2层，公司现拥有制造设备、能量、导管、球囊、导丝、支架、高分子材料、 激光加工等产业平台；公司拥有一支在行业内超10年以上经验的技术团队和管理团队，是一家专注于介植入领域的优质OEM及CDMO企业。公司拥有1500㎡独立生产车间，其中1000㎡为万级洁净车间，配有进口挤出机、进口编织机、等精密管线设备，及激光测径仪、等高精度检测设备，可满足客户对于神经介植入、电生理介入及冠脉介植入等系列泛血管产品的研发与商业化量产需求。,http://bomomed.com/,https://exhibitors.informamarkets-info.com/event/2026Medtec/en-US/exhibitor/495705/bomomed,https://image.imconlinereg.com/mm-mtc/2025-07-23/95A3C7ABC512EF86326D77A9F725251D.pdf
深圳市杰准精密机械有限公司,"Shenzhen Jiezhun Precision Machining Co., Ltd.",N1-C803,N1,CHINA,cat-02,公司成立于2009年，专业从事医疗器械零部件的制造与销售，产品覆盖医疗器械行业绝大多数主流应用领域。经过多年发展，公司已具备智能制造核心基础零部件定制解决方案能力。凭借丰富的行业经验形成了强劲的市场竞争力。公司建立了完善的产品质量管控体系，具备规模化精密制造能力，为稳定、可靠的生产提供有力保障。,http://www.jayzhun.com,https://exhibitors.informamarkets-info.com/event/2026Medtec/en-US/exhibitor/495706/shenzhen-jiezhun-precision-machining-co---ltd-,
北京禾璞医疗科技有限公司,"Beijing Hepu Medical Technology Co., Ltd",N4-F501,N4,CHINA,cat-16,禾璞医疗是一家专业从事医疗器械的技术咨询服务公司，专注于为不同需求的医疗器械生产企业提供定制化管家式的专业、高效、周到的技术咨询服务，为企业赋能，加速企业产品上市！    禾璞医疗主营医疗器械注册、临床评价，包括临床试验方案撰写、监查、项目管理、报告撰写、稽查、第三方核心实验室等注册及科研临床试验全流程服务。已累计完成近百项注册/科研临床项目，助力多个企业完成多领域的全国首款产品临床及注册工作，尤其擅长创新及三类高风险产品的注册及临床试验。    禾璞医疗现已取得高新技术企业的资格认定，公司总部设立在北京，在苏州、重庆、合肥设立子公司，业务覆盖20余省/直辖市/自治区，累计参与合作全国300余个三甲医院，400余个科室及研究者，可满足项目需求的多样性。,,https://exhibitors.informamarkets-info.com/event/2026Medtec/en-US/exhibitor/495707/beijing-hepu-medical-technology-co---ltd,https://image.imconlinereg.com/mm-mtc/2025-08-05/6071951819F4A70CCDCFE735A6F55A61.pdf
深圳市浪花生物科技有限公司,"Shenzhen Langhua Biotechnology Co.,Ltd",N2-C802,N2,CHINA,cat-01,"深圳市浪花生物科技有限公司聚焦可降解高分子聚酯材料，涵盖PGA、PPDO、PGLA、PCL、PLLA、PDLLA等材料。公司围绕单体提纯、聚合、加工成型等核心技术，拓展医疗和工业的应用。医疗领域，我们提供从单体→可降解高分子聚酯材料→可吸收医疗器械核心材料的一体化研发生产。提供""端到端""技术支持，加速下游客户产品上市周期。公司突破乙交酯、丙交酯及对二氧环己酮等单体的高效纯化工艺，实现单体纯度≥99.9%、羟值<100 ppm、酸值<0.52ppm的稳定制备，提供国内行业的高标准国产替代产品。除材料外，公司PGA线材已经商业化，并布局PGLA及PPDO线材，加速国产替代日韩产品。",http://www.cnspray.cn/,https://exhibitors.informamarkets-info.com/event/2026Medtec/en-US/exhibitor/495708/shenzhen-langhua-biotechnology-co--ltd,
汉金医疗器材（天津）有限公司,Hanjin Medical Equipment (Tianjin) Co.LTD,N4-C702,N4,CHINA,cat-05,"医疗器械塑料模具及塑料零配件产品 医疗器械导管类及ODM,OEM代加工（不包括包装和灭菌）",,https://exhibitors.informamarkets-info.com/event/2026Medtec/en-US/exhibitor/495709/hanjin-medical-equipment-(tianjin)-co-ltd,https://image.imconlinereg.com/mm-mtc/2025-08-08/1710FE80CEBF385E831E787844349B8F.pdf
MicroCare 亚洲,MicroCare Asia Pte Ltd,N1-D110,N1,SINGAPORE,cat-14,MicroCare Medical是医疗器械行业清洁和润滑领域的专家，我们致力于为全球医疗器械研发工程师和制造商提供先进的清洁剂、稀释剂和润滑涂层。  为了帮助客户获得稳定一致的产品使用效果，我们在实验室和工程服务方面制定了以客户为导向的支持标准。,https://www.microcare.com,https://exhibitors.informamarkets-info.com/event/2026Medtec/en-US/exhibitor/495710/microcare-asia-pte-ltd,
北京键凯科技股份有限公司,"JenKem Technology Co., Ltd.",N2-F702,N2,CHINA,cat-07,北京键凯科技股份有限公司（股票代码：688356，证券简称：键凯科技）成立于2001年，常年专注于聚乙二醇衍生物领域的高新技术企业，2020年8月26日于上交所科创板首发上市。产品与服务：全系列PEG衍生物临床申报配套质量研究定制化凝胶分析方法的开发凝胶用PEG分子及交联剂的设计筛选键凯科技现已支持我国境内已上市的8款聚乙二醇化药物及5款聚乙二醇医疗器械的研发和生产，支持国际已上市的3款聚乙二醇化药物及11款聚乙二醇医疗器械的研发和生产。提供千余种高品质聚乙二醇衍生物产品与定制服务，GMP与非GMP级别的聚乙二醇原料或其衍生物。可实现各类PEG衍生物及3类无源植入器械的专属分析方法,https://www.jenkem.com,https://exhibitors.informamarkets-info.com/event/2026Medtec/en-US/exhibitor/495711/jenkem-technology-co---ltd-,
南京微相流控工业技术有限公司,"Nanjing Microphase Fluid Control Technology Co., Ltd.",N1-F809,N1,CHINA,cat-06,致力基于微流体器件、材料工程等多样性应用制造，是专注于应用科学和材料科学以技术先进性为导向的科技型团队。,https://www.VoohoTech.com,https://exhibitors.informamarkets-info.com/event/2026Medtec/en-US/exhibitor/495940/nanjing-microphase-fluid-control-technology-co---ltd-,
埃肯有机硅（上海）有限公司,"Elkem Silicones Shanghai Co., Ltd",N2-G206,N2,CHINA,cat-01,,,https://exhibitors.informamarkets-info.com/event/2026Medtec/en-US/exhibitor/495941/elkem-silicones-shanghai-co---ltd,
成都麦克凯利科技有限公司,"Chengdu Microcapillary Technology Co., Ltd",N2-H704,N2,CHINA,cat-02,"成都麦克凯利科技有限公司成立于2022年01月13日,其前身成都雷克斯金属制品有限责任公司成立于2005年，成立至今一直专研高精度金属毛细管的研发与制造，产品精度可达微米级。特别擅长特种金属材料的生产加工，如磷青铜、钯银、铍铜、钽、铂铱、镍等，产品广泛被半导体、能源、医疗、航天、核工业、通讯、光源等行业采用。公司拥有独立研发部门，具有超强研发能力，可为客户提供个性化产品。",http://028mkkl.com/,https://exhibitors.informamarkets-info.com/event/2026Medtec/en-US/exhibitor/495942/chengdu-microcapillary-technology-co---ltd,
广东傲森电子科技有限公司,Guangdong Aosen Electronic Technology Ltd,N1-G906,N1,CHINA,cat-08-3,广东傲森电子科技有限公司是一家专业生产：医疗线材、高频数据传输线材、铁氟龙极细同轴线材的企业。秉承“科学管理、精心制造、优质服务、追求卓越”的理念，用心服务对高品质、高性能要求规格的客户，始终把客户的利益放在首位。为了追求卓越品质，做好生产环境管理，广东傲森电子科技有限公司的厂房，大部份按无尘车间管理生产，以保证产品满足客户高质量要求。,,https://exhibitors.informamarkets-info.com/event/2026Medtec/en-US/exhibitor/495943/guangdong-aosen-electronic-technology-ltd,
克恩-里伯斯（太仓）有限公司,"Kern-Liebers (Taicang) Co., Ltd.",N1-B306,N1,GERMANY,cat-02,克恩里伯斯公司生产高精度弹簧、冲压件和组件，以满足医疗领域的高要求应用。从用于诊断和治疗设备的精密机械部件到用于药物自助给药系统的定制部件（用于胰岛素和其他注射剂；呼吸系统疾病）。从最初的产品构思到批量生产，我们的专家团队凭借创新的解决方案和多年的经验为您的定制产品解决方案提供支持。,https://www.kern-liebers.com,https://exhibitors.informamarkets-info.com/event/2026Medtec/en-US/exhibitor/495944/kern-liebers-(taicang)-co---ltd-,https://image.imconlinereg.com/mm-mtc/2025-08-04/087C4E77443E779D97F2DA14B3706D41.pdf
北京通和立泰生物科技有限公司,"Beijing Tonghe Litai Biotechnology Co., Ltd.",N4-G102-8,N4,CHINA,cat-16,北京通和立泰生物科技有限公司位于中关村医疗器械园，建设并运营国内首个以猪为主的大动物试验屏障级平台。平台总面积7500平方米，配有杂交手术室、显微外科手术室、CT室等试验设施，是北京市科委命名的“医疗器械协同创新与共性服务科技平台”。公司创始人李英俊教授为中国研究型医院学会医学动物实验专家组组长，具有丰富的临床前动物试验经验，团队服务范围涵盖心血管、颅脑神经、骨科植入物、能量消融、手术导航等三类医疗器械领域。核心能力与服务内容：提供从方案设计、动物试验、病理分析、报告输出全流程服务,https://www.thltcm.com,https://exhibitors.informamarkets-info.com/event/2026Medtec/en-US/exhibitor/495945/beijing-tonghe-litai-biotechnology-co---ltd-,https://image.imconlinereg.com/mm-mtc/2026-08-03/66DCE7A1B1F0FEEA7A89DD099A7112F5.pdf
深圳市五鑫金属制品有限公司,"Shenzhen Wuxin Metal Products Co., Ltd.",N1-A311,N1,CHINA,cat-02,深圳市五鑫金属制品有限公司成立2015年，坐落于深圳市、公司已通过ISO9001和 ISO13485质量管理体系认证工厂从精密金属材料销售与生产、延伸至精密医疗器械零部件加工与研发、公司2018年在东莞设立医疗器械零配件车间。五鑫一直以来秉承“因为专业、所以卓越”的企业核心理念，不断探索产品的前沿技术，造就一支高素质的技术，管理与经营团队，公司先后参与并攻克多项医疗内镜产品技术难题、并申请若干项与内镜技术相关的国家发明专利。,,https://exhibitors.informamarkets-info.com/event/2026Medtec/en-US/exhibitor/496962/shenzhen-wuxin-metal-products-co---ltd-,https://image.imconlinereg.com/mm-mtc/2025-08-06/137CA3E60314EB6CEE02CDFAE4AC4AEF.pdf
上海浦东医疗器械贸易行业协会,上海浦东医疗器械贸易行业协会,N4-F304,N4,,,,,https://exhibitors.informamarkets-info.com/event/2026Medtec/en-US/exhibitor/497491/上海浦东医疗器械贸易行业协会,
浙江大学绍兴研究院,浙江大学绍兴研究院,N4-B405,N4,,,,,https://exhibitors.informamarkets-info.com/event/2026Medtec/en-US/exhibitor/497492/浙江大学绍兴研究院,
长三角国家技术创新中心有机功能材料与应用技术研究所,长三角国家技术创新中心有机功能材料与应用技术研究所,N4-B409,N4,,,,,https://exhibitors.informamarkets-info.com/event/2026Medtec/en-US/exhibitor/497493/长三角国家技术创新中心有机功能材料与应用技术研究所,
中国医疗器械信息,中国医疗器械信息,N4-A307,N4,,,,,https://exhibitors.informamarkets-info.com/event/2026Medtec/en-US/exhibitor/497494/中国医疗器械信息,
上海交通大学医疗机器人研究院,上海交通大学医疗机器人研究院,N4-A404,N4,,,,,https://exhibitors.informamarkets-info.com/event/2026Medtec/en-US/exhibitor/497495/上海交通大学医疗机器人研究院,
上海交通大学先进医疗芯片研究所,上海交通大学先进医疗芯片研究所,N4-A406,N4,,,,,https://exhibitors.informamarkets-info.com/event/2026Medtec/en-US/exhibitor/497496/上海交通大学先进医疗芯片研究所,
中国科学院苏州纳米技术与纳米仿生研究所,中国科学院苏州纳米技术与纳米仿生研究所,N4-B403,N4,,,,,https://exhibitors.informamarkets-info.com/event/2026Medtec/en-US/exhibitor/497497/中国科学院苏州纳米技术与纳米仿生研究所,
复旦大学生物医学工程与技术创新学院,复旦大学生物医学工程与技术创新学院,N4-A402,N4,,,,,https://exhibitors.informamarkets-info.com/event/2026Medtec/en-US/exhibitor/497498/复旦大学生物医学工程与技术创新学院,
胶粘剂应用网,胶粘剂应用网,N4-G301,N4,,,,,https://exhibitors.informamarkets-info.com/event/2026Medtec/en-US/exhibitor/497499/胶粘剂应用网,
中国光学学会激光加工专业委员会,中国光学学会激光加工专业委员会,N1-H707,N1,,,,,https://exhibitors.informamarkets-info.com/event/2026Medtec/en-US/exhibitor/497500/中国光学学会激光加工专业委员会,
华东理工大学,华东理工大学,N4-B407,N4,,,,,https://exhibitors.informamarkets-info.com/event/2026Medtec/en-US/exhibitor/497501/华东理工大学,
荣格工业传媒有限公司,荣格工业传媒有限公司,N4-C604,N4,,,,,https://exhibitors.informamarkets-info.com/event/2026Medtec/en-US/exhibitor/497502/荣格工业传媒有限公司,
近江（天津）医疗科技有限公司,"OUMI(TIANJIN)MEDICAL TECHNOLOGY CO.,LTD",N1-B707,N1,CHINA,cat-02,近江（天津）医疗科技有限公司成立于2020年1月份，2025年初搬入新厂房，同年5月份取得GB/T42061-2022/IS013485:2016 医疗器械质量管理体系认证证书。  我公司一贯秉持“近江精神”即“三方好“原则经营公司，努力实现：   1.卖方好 ：企业对企业自身的责任  2.买方好：企业对顾客的责任   3.社会好：企业对社会的责任 .-主要经营项目：1.加工半导体、电子行业微小精密零件应用于：PCB线路检测探针2. 医疗器械精密微小零部件研发及加工， 应用于：   TVT-经导管心脏瓣膜瓣（二尖瓣、三尖瓣）修复手术前端单元          OCT-光学相干断层扫描-输送单元           LVUS-血管内超声-前端单元          覆膜支架-固定单元,https://www.oumimed.com,https://exhibitors.informamarkets-info.com/event/2026Medtec/en-US/exhibitor/497809/oumi(tianjin)medical-technology-co--ltd,
摩科斯电子科技(苏州)有限公司,"MorTek Electronic Technology (Suzhou) Co., Ltd",N1-H105,N1,CHINA,cat-03,摩科斯电子科技（苏州）有限公司坐落于苏州高新区医疗器械产业园，厂房面积3000平方米，包含500平方米万级洁净车间和100平方米百级洁净车间；公司依托陶瓷表面处理和真空钎焊等核心工艺，依照ISO13485质量体系，研发制造植入式陶瓷馈通连接器、植入式陶瓷壳体、纯钛零件，广泛应用三类植入式医疗器械如人工耳蜗、脑起搏器、迷走神经刺激器、脊神经刺激器、骶神经刺激器、心脏起搏器、心脏除颤器、人工心脏、仿生眼、脑机接口等。,,https://exhibitors.informamarkets-info.com/event/2026Medtec/en-US/exhibitor/497810/mortek-electronic-technology-(suzhou)-co---ltd,https://image.imconlinereg.com/mm-mtc/2025-08-06/7F3018E8AE732C276CA0EA3BB25EDDFD.pdf
江苏乐铠生物技术有限公司,"JIANGSU LEKAI BIOTECHNOLOGY CO., LTD.",N2-H607,N2,CHINA,cat-03,江苏乐铠生物技术有限公司专注于胶原蛋白原料的研发与生产，拥有高纯度Ⅰ型胶原蛋白从上游萃取到下游高端加工的全链条核心技术。公司拥有2000平方米的万级洁净生产车间，车间符合ISO 13485:2016及ISO 22442:2020标准，提供可追溯、低热原、低免疫原性、高纯度的医疗级胶原蛋白原料。 原料动物组织均取自世界动物卫生组织（WOAH）认定的牛海绵状脑病（BSE）可忽略风险地区（如澳大利亚、新西兰等）。公司产品线涵盖粉状、片状、浆状及溶液等多种形态，具有低内毒素、完整三股螺旋结构、去端肽等特点，并可依据客户需求提供定制化服务。,,https://exhibitors.informamarkets-info.com/event/2026Medtec/en-US/exhibitor/497811/jiangsu-lekai-biotechnology-co---ltd-,https://image.imconlinereg.com/mm-mtc/2026-08-06/9E643289D9D8C727909C96FCA7A838FD.pdf
上海张江医点通科技有限公司,Shanghai Guoyan Medical Device Testing Centre Co. Ltd.,N4-D407,N4,CHINA,cat-16,上海国研医疗器械检测中心是经浦东国资委批准，由医点通(北京)信息技术有限公司和上海张江集团出资成立的混合所有制医疗器械创新技术转化、检验检测技术服务平台，现已取得CNAS及CMA认证CNAS包含445项检测标准，5233个检测参数CMA包含335项检测标准，4567个检测参数国研检测旗下设物理部、化学部、有源部、生物部、技术咨询部、综合业务部等业务部门。服务平台第一期场地面积约7000平方米，其中实验室面积近5000平米、技术转化/孵化中心近2000平米。,https://www.medcircle.cn,https://exhibitors.informamarkets-info.com/event/2026Medtec/en-US/exhibitor/498068/shanghai-guoyan-medical-device-testing-centre-co--ltd-,https://image.imconlinereg.com/mm-mtc/2025-09-08/E8B3F7DD4BB81740B4F184254F9B4CCF.pdf
